ID,SeriousDlqin2yrs
129460,0.09236947
134018,0.012766403
86523,0.015550756
138466,0.006395325
143905,0.006300814
118893,0.5215002
124587,0.00622024
136337,0.10905165
16700,0.018812377
57857,0.044474106
15734,0.013625488
108865,0.010106445
70643,0.02001419
63937,0.015508321
45630,0.33213872
134,0.013400916
19051,0.007141376
70017,0.010643273
141425,0.010847113
54428,0.016479718
22909,0.084287494
50665,0.2299945
14452,0.012178308
25646,0.05803241
7670,0.28141892
58203,0.0080023585
34957,0.017525412
12339,0.009562754
57387,0.014582331
135184,0.0077693565
67705,0.20115054
88706,0.008308617
50761,0.005949154
128898,0.28459695
141806,0.47544366
26485,0.0111997565
35726,0.09559111
7684,0.016477948
110249,0.0071041775
93798,0.5360172
15352,0.021676214
124345,0.07415411
114161,0.0076849237
134264,0.18558331
25722,0.010100241
80217,0.006255602
39434,0.029394377
148053,0.024635404
36794,0.0064314776
36180,0.014844773
111180,0.032743797
109175,0.046512593
89108,0.010200399
102313,0.010188496
1237,0.22287111
115697,0.11948669
117088,0.102645054
32708,0.012036971
56470,0.0725405
32678,0.028753163
7520,0.011237348
19850,0.38711753
59381,0.011994567
72715,0.06671176
120597,0.105391756
64821,0.09177888
85756,0.20041096
87380,0.092999905
4468,0.08302892
117685,0.011793526
14303,0.06440453
137190,0.011552823
16530,0.018016556
87639,0.021904195
52576,0.016998284
51230,0.09710578
8197,0.12555286
8926,0.008667902
12082,0.017665867
36469,0.023264874
71537,0.11523895
143473,0.038999163
40512,0.065889485
142333,0.007479501
122859,0.015912222
123494,0.52719826
11783,0.014499136
93815,0.046106957
34965,0.022204226
28589,0.12789163
4382,0.019746596
103120,0.015201586
67853,0.00645401
1341,0.010878422
61792,0.007242738
133333,0.012644771
33457,0.015312236
84785,0.029564055
88130,0.008669857
44198,0.010423889
119157,0.0072222943
24998,0.010340144
122763,0.06634325
121251,0.274884
78085,0.09964387
5826,0.13268653
10776,0.06606886
149700,0.0332355
41971,0.0075914217
45082,0.10681277
99466,0.11587768
105695,0.024219373
46531,0.0071498738
92571,0.010738014
149280,0.34680998
9307,0.009111695
3832,0.30061674
136229,0.06780244
9749,0.035700157
22416,0.016118867
8923,0.04975897
122317,0.012519936
75316,0.016691424
90063,0.013744136
125217,0.010384118
7152,0.04413701
98829,0.005652841
7731,0.028250642
73791,0.086981945
77593,0.023032768
44064,0.007944188
97789,0.0072115255
96776,0.009330689
65178,0.19367585
91449,0.017890498
99847,0.09736877
67431,0.050101787
37950,0.019945169
25116,0.013356191
125291,0.08529888
81884,0.009520462
54800,0.10360822
56112,0.067991726
101235,0.007863032
46574,0.022539131
40808,0.05726619
142283,0.01679959
51874,0.006017775
51128,0.5637041
114138,0.02292687
13547,0.014750995
6473,0.008307627
26439,0.2574066
117091,0.2556798
18597,0.0077721477
94348,0.015964447
30020,0.017077208
63311,0.108780555
29567,0.10184917
137357,0.023143098
116355,0.017448958
16821,0.009939764
145830,0.1167454
94237,0.008558869
138891,0.006907294
125287,0.010449883
43538,0.15111198
18098,0.2967238
11471,0.0152715305
50859,0.1977261
105579,0.014721978
1026,0.16628042
48669,0.0080542015
4369,0.041518424
8675,0.011094702
30495,0.0067128106
46390,0.030166894
85342,0.033328112
145455,0.14447103
84151,0.013091586
99728,0.13063237
51431,0.061006993
40461,0.044339743
74752,0.06425626
146347,0.019080207
89627,0.013655679
119495,0.08557273
5535,0.06148309
6886,0.05945206
82573,0.017139824
5856,0.015368379
112565,0.0093999
141875,0.033421166
116917,0.024402158
82648,0.052281346
61263,0.023469592
149132,0.032595806
136782,0.008619239
73326,0.11900655
36736,0.03659759
135464,0.019026533
134733,0.014403182
109407,0.02928428
80387,0.025854073
69821,0.011769943
36225,0.007916349
106353,0.0988665
23899,0.046875414
98340,0.08041884
1459,0.013098241
124570,0.026277998
125522,0.012598775
65121,0.015351835
111475,0.008134683
134388,0.115435906
136272,0.06317084
63305,0.0126150325
51318,0.017641248
124790,0.011974946
137374,0.011771118
61364,0.11338705
130363,0.48666355
115501,0.5691271
126422,0.11781692
74959,0.011936587
20728,0.0064341472
98840,0.009782795
86036,0.0069179563
126021,0.010412907
106773,0.020673698
114366,0.03409562
38396,0.059275176
64618,0.09171862
44641,0.22947341
15441,0.0167602
70716,0.01164083
149477,0.008454768
4458,0.15062693
85932,0.013162136
96810,0.11117709
35535,0.7449863
25662,0.03956969
81621,0.06555421
50408,0.011936554
91625,0.06438243
144293,0.0137237515
102549,0.017121838
126255,0.09489978
121831,0.032524902
102237,0.06842797
87682,0.095807
1128,0.15701298
113669,0.013005131
143810,0.035251267
2537,0.0123840235
32514,0.012239061
27431,0.02375419
12324,0.0062731416
4255,0.010366747
120638,0.19220522
140287,0.008101237
15575,0.015696658
102682,0.060305424
66848,0.023132276
42860,0.007330092
64695,0.08124705
78618,0.008841131
125868,0.015030264
95046,0.063037746
148199,0.008598301
48429,0.11100411
103265,0.053452116
88744,0.030281048
95916,0.008917712
85231,0.009316907
59848,0.013046472
102903,0.006851077
6418,0.060498573
56585,0.014437026
16433,0.00890903
143329,0.0745722
35325,0.090897486
129113,0.07356204
20640,0.02973315
81767,0.23779611
125251,0.011125338
111116,0.28815085
78367,0.011369054
91129,0.099420376
100868,0.02832696
142892,0.010054068
54362,0.036881857
90671,0.015543794
68108,0.009111867
24347,0.014054321
64400,0.008626217
11051,0.0069873757
23652,0.010279904
35741,0.008088919
106355,0.68188894
43631,0.008474358
60105,0.044620194
4167,0.03239285
139748,0.017409949
108628,0.016382674
130842,0.014599403
73121,0.09433477
144847,0.12561351
98908,0.017418792
107258,0.016689429
7310,0.01871508
66363,0.086580396
105182,0.014267762
109290,0.036466908
30480,0.01409098
117321,0.021939535
101188,0.5066245
51893,0.0065372856
72716,0.015050219
133102,0.012678336
25151,0.013069948
87813,0.41308618
75161,0.0064551295
69389,0.009017284
99673,0.060743835
124140,0.010379043
78958,0.020425396
93773,0.012429145
48062,0.06868348
127963,0.012004884
92341,0.01720497
51786,0.038243692
123328,0.0074860035
86416,0.011797745
48391,0.019119188
7238,0.34422344
77088,0.010067926
60633,0.07046039
127141,0.010399105
83640,0.014230913
94760,0.045044474
99612,0.029921573
75729,0.011351087
74668,0.0085628275
91592,0.07756856
8120,0.012618953
52033,0.033382237
91872,0.014193147
3618,0.005755191
18561,0.0089396145
113602,0.011959278
140838,0.09277401
148161,0.046058543
145995,0.015603234
38762,0.018948447
11025,0.010378314
60824,0.008816462
30964,0.01739563
34568,0.055625815
44328,0.022987423
77621,0.010481028
17489,0.13615516
1449,0.044344176
111125,0.008567212
56855,0.028501535
21162,0.08237946
21765,0.0835503
70454,0.01394553
141564,0.16826859
122653,0.011115837
81969,0.009147913
6623,0.0142323375
13636,0.031238008
35440,0.5280687
427,0.08735863
91482,0.010090767
16494,0.53171986
9668,0.015075863
25314,0.0075810356
6527,0.27039135
113696,0.043849707
120716,0.033528663
123407,0.05279333
6045,0.0382092
102619,0.056511234
89593,0.03821301
146461,0.007341634
144504,0.014308164
33304,0.34513295
38522,0.010626179
35919,0.016339514
12916,0.03926052
64933,0.08552181
65146,0.05281403
20257,0.23398021
13337,0.058391728
49821,0.25701934
35035,0.0065729427
52244,0.012212561
61391,0.0075193406
59255,0.017025875
82951,0.011668354
77312,0.07210479
121599,0.021813137
73110,0.013031292
63200,0.016305093
148328,0.008085749
134738,0.114138275
12550,0.038808923
36966,0.044632576
117478,0.01313386
7824,0.09808013
18671,0.014508474
12238,0.009292498
113183,0.01772625
138486,0.09194999
135525,0.007200159
89449,0.05247501
74982,0.016974883
82665,0.012393235
148908,0.016065627
110931,0.008883912
135483,0.024830902
74838,0.033684753
113813,0.071989715
74545,0.40225527
98377,0.014080682
4788,0.026360108
17861,0.008051379
48878,0.21274973
33410,0.1625721
31696,0.0070964955
114449,0.009275473
25788,0.018195186
141779,0.008978608
94354,0.007050353
20374,0.045861382
35587,0.007824835
53581,0.063575596
96356,0.080841474
55729,0.024075665
127598,0.015272569
23760,0.04166421
75498,0.007459097
18516,0.01576498
47209,0.013359548
20941,0.010898409
48549,0.02628206
59387,0.11858457
119215,0.022152873
72253,0.016650075
49924,0.09024466
123466,0.01526968
95055,0.290806
111457,0.06346446
73306,0.3202273
99154,0.10606395
8249,0.26673195
47007,0.006531655
22760,0.053725366
141212,0.07905371
121061,0.052879754
1847,0.031804528
17047,0.006922852
79153,0.020069186
97307,0.012363972
112605,0.048252787
6181,0.020934373
133193,0.014831154
48299,0.009792662
11793,0.009472447
23345,0.0062469193
109678,0.008122615
64100,0.011808545
95271,0.016344037
145753,0.07087983
139739,0.015436447
35141,0.01920321
73076,0.011800664
27110,0.009542007
103760,0.10610996
13277,0.01469938
135351,0.06504799
77959,0.018014392
58411,0.07591642
2346,0.010651451
145711,0.17269793
41475,0.057471592
102443,0.031935003
43839,0.52882385
126788,0.58306676
83174,0.3619919
7137,0.0908407
43256,0.020693555
112876,0.023414606
31034,0.06639911
73489,0.018693691
102108,0.053878758
136720,0.0102882385
10254,0.014677627
122083,0.010937287
94683,0.07139931
84309,0.015890434
117684,0.23746595
112563,0.11014921
135195,0.07322518
43633,0.10638073
51680,0.04948446
112812,0.044109628
86540,0.007962966
27185,0.11043621
53039,0.010143211
99611,0.027898176
41063,0.06773622
85471,0.02360368
147094,0.042324312
90426,0.026500998
54757,0.0064101503
38420,0.026045779
12487,0.017429546
105351,0.1589655
104084,0.010935843
17085,0.0077222125
126312,0.037375376
102967,0.047774293
128155,0.009033136
55487,0.017939787
88489,0.013926581
6709,0.0065257787
89488,0.021287933
131366,0.11947483
12182,0.08055905
42157,0.012261854
42217,0.024327729
77996,0.013731015
131091,0.043983877
39249,0.10055674
139367,0.010384639
35382,0.031491265
102884,0.0828319
98592,0.03970064
123498,0.07094564
42488,0.02659386
8456,0.03471404
12376,0.066004805
20160,0.026101617
143667,0.0068093985
34949,0.012811073
69311,0.017634928
925,0.015514911
46791,0.012366919
105258,0.011805514
91884,0.010184736
143763,0.012077573
61288,0.012499072
593,0.019395674
96955,0.017997285
586,0.29367065
105685,0.016673489
133222,0.22203927
43007,0.0345984
139305,0.027710423
18039,0.020046012
123467,0.08821284
11926,0.018146275
80773,0.01343994
128641,0.43357706
55471,0.018480092
59906,0.027277002
11618,0.30671808
76625,0.060572844
54513,0.014732932
25,0.012255439
50313,0.5137432
34392,0.008274027
12352,0.041013137
130790,0.5239955
71456,0.017082835
96489,0.015627658
143716,0.59231406
65981,0.01630211
44623,0.013302667
7090,0.012573838
54529,0.25409466
6828,0.048095834
13041,0.0062209005
62859,0.02321377
50776,0.027108625
64691,0.011817954
2199,0.008482933
137673,0.08898311
89207,0.008070214
105396,0.016967492
142822,0.09910183
36342,0.03115781
141229,0.025410684
20865,0.013325644
63103,0.030385323
127171,0.0129685365
147415,0.007858298
2609,0.012549204
87431,0.008419953
30198,0.051274296
120106,0.02339709
32624,0.07505736
117518,0.015771484
72635,0.04700504
90577,0.02363327
147026,0.0352729
80409,0.009475866
29527,0.06438368
39508,0.3854198
93356,0.014898118
135632,0.026994945
74943,0.013294845
15901,0.014525774
105736,0.046449542
109997,0.041901503
135992,0.0074785776
45338,0.057139874
40378,0.02466104
665,0.015591974
88437,0.3011885
76725,0.0130625935
123116,0.29501554
85368,0.026373805
84690,0.008734829
46676,0.07014037
54508,0.008793652
93955,0.01252059
77643,0.31924343
51437,0.017087696
127979,0.09384112
25657,0.016432747
140235,0.018149758
95338,0.119662724
1875,0.006795314
130512,0.0072334385
2571,0.029215723
85190,0.058838435
29457,0.18181875
5568,0.011294287
86254,0.35857365
54648,0.3412403
129206,0.019535873
104110,0.028581303
39494,0.07127036
57902,0.0071223457
68427,0.010670371
38400,0.036101352
3883,0.008600756
142771,0.048389837
55990,0.01759073
78096,0.47192705
12912,0.018836841
92595,0.10773547
53932,0.014016754
45230,0.08088575
118114,0.010168103
47423,0.10815029
89140,0.17109022
92399,0.01491748
119365,0.033978775
76687,0.013778384
22190,0.07032216
86718,0.022349149
9496,0.41519287
88274,0.03509273
24257,0.011584256
97855,0.030839926
8281,0.0113823265
87054,0.023440385
58992,0.027729841
143668,0.0072105154
31299,0.03894861
128261,0.034230575
72600,0.05864936
8261,0.026711253
14154,0.0740882
88436,0.0070808455
27341,0.30845138
5777,0.013557295
43744,0.020481404
112185,0.010089563
112617,0.019377729
122746,0.016500637
24340,0.06382876
15454,0.011068626
40373,0.012407543
143481,0.085342176
145510,0.017235702
52794,0.33069867
51756,0.03679807
43659,0.015399734
73080,0.07266752
121173,0.0086155515
135585,0.0066022794
2529,0.007165912
85078,0.17183302
48482,0.0066949534
10257,0.13311008
81914,0.015447894
118064,0.0107810935
6652,0.051209316
64409,0.010457504
4841,0.06575927
24127,0.02128466
26718,0.057859313
46837,0.039113097
114324,0.064762525
10474,0.14986522
146272,0.06471047
79908,0.062304787
37045,0.010900214
7514,0.01072555
82634,0.014482045
92013,0.008200873
68976,0.013586322
94610,0.009126935
113007,0.37683445
147673,0.044388473
125461,0.1310666
140026,0.77820575
37445,0.01494783
114852,0.010209204
54658,0.012864711
13730,0.013563036
105148,0.06308982
22634,0.37080196
72969,0.01866037
62925,0.029309733
7169,0.035308685
129731,0.01794623
99956,0.3364922
92641,0.00782575
46818,0.028827842
141585,0.04606367
112627,0.06408076
140649,0.094058946
147758,0.02038594
149293,0.056368962
9266,0.1272081
79482,0.08365551
136635,0.008708864
33484,0.05034358
38550,0.05246138
116623,0.013208469
59604,0.072552375
147900,0.053160235
7364,0.07877345
10664,0.008826255
81907,0.013402215
101494,0.021002831
34656,0.063565545
121914,0.33422858
35620,0.023959443
2077,0.008699833
6999,0.011098522
99650,0.029669143
35249,0.01380321
143554,0.72844905
56590,0.039014034
107370,0.016244654
107955,0.015105652
134084,0.06656689
137705,0.02562524
11151,0.04892187
126493,0.120723076
61634,0.55374354
116738,0.012648449
55529,0.010785346
32994,0.017746761
49612,0.032351945
108957,0.013559216
149267,0.008763741
39960,0.024618395
92885,0.009714942
65163,0.08075227
100801,0.0061134654
75565,0.00804251
145941,0.09980947
102703,0.0846153
45289,0.006228313
148503,0.05267471
140967,0.010912549
103697,0.05037992
137994,0.04045815
93893,0.06449362
97046,0.16176851
101179,0.02222501
18289,0.015097048
130977,0.007062049
50578,0.12852319
143285,0.012903079
37524,0.05418937
127374,0.111181654
138662,0.006268759
121600,0.097790934
58155,0.009580406
77293,0.02328477
23378,0.23048696
39306,0.013517046
132940,0.01213851
22447,0.062328447
7919,0.042293854
53020,0.109341495
109432,0.10703039
102224,0.044588473
123168,0.021000028
136126,0.010161367
52377,0.037375666
141914,0.08220968
45984,0.053373918
123148,0.03256374
6563,0.03049764
75587,0.013105547
136909,0.124551244
17192,0.3294828
61257,0.08631311
76953,0.04367357
98451,0.019600116
4986,0.009200837
33014,0.012410827
96926,0.007237816
119729,0.01647593
43980,0.048871506
54936,0.020658072
25949,0.027358351
72570,0.0147805605
18256,0.013441268
22395,0.02616069
67897,0.09397125
104127,0.011523499
38317,0.056162655
26577,0.012136897
20614,0.007100166
139028,0.012316432
873,0.009943767
82352,0.00808773
144891,0.053446203
98746,0.5097427
113045,0.009301832
115343,0.008357675
137543,0.11928826
1384,0.010583448
76731,0.017266193
9803,0.052343693
55819,0.6078628
32604,0.008308821
113131,0.54279554
70927,0.011655653
71871,0.010257418
131170,0.03294392
76114,0.1348139
124618,0.007644163
21894,0.13555118
20736,0.0163316
45674,0.01014742
37725,0.029613981
29124,0.025953796
67238,0.022134082
66789,0.25281373
141080,0.0077639227
77062,0.012661211
69137,0.008415854
25884,0.017936317
16967,0.017163118
122210,0.016589824
49937,0.048085332
139448,0.024897149
64832,0.012275056
132168,0.01798462
106882,0.036490135
102342,0.012899515
70472,0.017737579
112628,0.011231314
4099,0.029349029
43654,0.32161307
80619,0.009075645
131822,0.012727189
29775,0.013170369
53522,0.030574616
4456,0.012125354
65532,0.5662078
35652,0.09865944
61878,0.009933248
39905,0.009287259
62644,0.0075641787
34939,0.01556543
132336,0.007830157
101148,0.042270914
60936,0.040559996
48219,0.0060411654
142563,0.008486174
99957,0.011618485
138821,0.00800583
81033,0.07359767
50548,0.012396307
136338,0.013497329
68945,0.091852434
2921,0.011292433
141083,0.22351192
105928,0.0072685597
123434,0.08256374
135418,0.010955974
86652,0.075613014
10610,0.03168245
135356,0.0060926634
70305,0.29826564
26686,0.015292619
80893,0.02115077
19391,0.011293412
148029,0.006436446
56916,0.036161784
94082,0.18265152
4381,0.03963825
140174,0.33962426
60991,0.019382901
31875,0.068707995
67911,0.012781689
98299,0.039570995
54971,0.51001257
104206,0.007583727
99147,0.019890686
117544,0.103606366
44187,0.037507284
141653,0.008586094
86096,0.033216976
31425,0.11333414
100551,0.03876632
58916,0.015404541
26238,0.079613544
145759,0.017754143
54006,0.0825402
104259,0.0068353014
131909,0.015290938
113534,0.03855912
9943,0.15836465
21181,0.013798926
145016,0.019887585
127025,0.023316361
99705,0.026245989
86047,0.49187854
88629,0.006870139
92265,0.057157166
113545,0.006645959
20546,0.02184414
95405,0.02144217
128014,0.06802099
49303,0.030712584
144046,0.017671444
49113,0.00834124
8208,0.020772822
56025,0.41762334
46908,0.023555873
69072,0.026415737
146175,0.01615057
112217,0.14099981
8345,0.046768732
109095,0.031323265
123413,0.0107343225
40892,0.020643312
31882,0.019192565
105867,0.09992368
43537,0.04638837
113870,0.011655653
14437,0.010790358
130734,0.009490128
10688,0.021087883
121883,0.015513076
63319,0.01657414
9198,0.013044828
16492,0.018221647
111238,0.0128092645
115451,0.22025488
129979,0.28923312
143736,0.07302227
6825,0.009636719
43900,0.032336276
99907,0.013993498
6470,0.010142937
82638,0.010221507
48594,0.030269708
71365,0.3211401
143156,0.083673276
27129,0.011511675
5844,0.29731956
114058,0.029149732
66770,0.06560251
131615,0.456514
10831,0.011004491
33210,0.01220278
56647,0.18918233
56595,0.21359982
49282,0.006626435
13210,0.07883666
34510,0.06923184
73472,0.008316226
144055,0.016947081
382,0.092448495
99295,0.025841178
102303,0.054055158
127922,0.033628665
80224,0.106904544
91709,0.023246065
127239,0.010342043
26509,0.05913628
26265,0.014959623
32949,0.6930923
68808,0.23253769
83057,0.0803649
147660,0.013857281
129504,0.033649895
31202,0.2681697
62107,0.024302587
81152,0.02220274
12374,0.0074280812
4876,0.08367702
103514,0.054201014
127423,0.04680955
44579,0.18369766
18966,0.014429775
113082,0.025711233
30842,0.04266353
78181,0.0115501825
130303,0.0063871676
66575,0.013268829
24696,0.011858237
109062,0.049662504
42295,0.007886797
92569,0.1569423
129879,0.012400522
36463,0.026060099
35050,0.006545903
1890,0.024162933
142991,0.016059719
77078,0.0803227
80319,0.014294532
34425,0.006586074
3313,0.007158518
20954,0.11243342
100740,0.04343259
54640,0.0077912854
7552,0.10526226
88077,0.03274431
65628,0.0072572757
109058,0.015437976
116904,0.016400086
60460,0.012772866
126832,0.014519216
121179,0.016739257
126124,0.08852963
17543,0.021849714
128335,0.04912326
102749,0.008129218
146368,0.17993875
62823,0.012624634
63351,0.20190986
53935,0.011506078
66566,0.04737748
109354,0.0824378
107017,0.0080228895
98259,0.015757183
87478,0.07023874
60065,0.017539432
140742,0.014378085
103799,0.016708102
146260,0.049422514
103513,0.009164941
100217,0.01121093
137693,0.008883875
125109,0.006238509
116659,0.1033661
92264,0.006200581
49682,0.1082327
45478,0.020403134
146534,0.019630147
46841,0.011083893
1902,0.0970462
19256,0.30169863
112803,0.0128666125
64962,0.10381573
53699,0.03895839
48422,0.09480366
47888,0.0064092847
78121,0.061674178
32747,0.015637629
113412,0.59979904
70704,0.016558977
23811,0.024824478
88127,0.089855015
12291,0.026332371
105907,0.45011896
28737,0.03694304
70802,0.028459866
121452,0.58609384
137568,0.010099492
100559,0.072358094
68286,0.01358049
11201,0.14486615
104280,0.08763556
2897,0.05699021
144925,0.11275406
66859,0.09214868
90795,0.014795435
32475,0.07818946
46401,0.0060056504
63784,0.08684196
128858,0.021765742
140111,0.019479482
93304,0.0207926
31465,0.012357022
73905,0.6212061
4454,0.025731495
92053,0.0834553
89394,0.014624978
115515,0.18893708
62531,0.024619471
137009,0.019529523
145983,0.07910902
120780,0.010702928
9995,0.03596982
60914,0.2058868
114141,0.010782177
12521,0.008653966
57125,0.030791761
62593,0.21056567
95005,0.06518296
136180,0.054656222
144437,0.02480869
149597,0.019135216
109383,0.01636039
104081,0.035714358
112938,0.08530301
123473,0.0063461224
50091,0.0150609445
6667,0.009371309
130011,0.21015505
61963,0.20239045
117451,0.026383178
78661,0.41905516
84345,0.019116623
72437,0.007736878
37611,0.014839127
27006,0.047037397
908,0.022242237
102897,0.014608036
41643,0.05955312
91003,0.050680388
38276,0.034628782
78596,0.015284616
74871,0.060953896
86318,0.011296821
144828,0.009112819
64360,0.026408374
29072,0.015846113
80777,0.016892314
74472,0.060150955
65228,0.14714864
97386,0.012774153
65529,0.103339106
5157,0.772955
47603,0.01419396
2448,0.008287839
143799,0.013528082
60750,0.031648684
29710,0.013896281
96785,0.040636756
16464,0.008644983
136223,0.015305873
129575,0.050619215
132489,0.062337346
68189,0.025364261
146693,0.014673661
9142,0.013284546
120414,0.011079206
37557,0.012801723
85301,0.016506527
60925,0.0131446
72276,0.06651363
52317,0.07129502
49992,0.4632349
72116,0.398818
66665,0.0873927
98718,0.016703576
144015,0.0070277494
75650,0.14942984
95321,0.008073489
61142,0.02748265
38488,0.009022518
54155,0.032875147
107359,0.041990157
48087,0.04463645
36891,0.029513512
99629,0.07214903
96525,0.009006501
121624,0.42130372
73384,0.045956757
6784,0.009241536
6018,0.0074717
45211,0.027640393
64793,0.027356137
140216,0.013389101
19064,0.020092385
92313,0.013433935
101547,0.024098884
80304,0.0475994
96646,0.011195479
131573,0.01351107
146242,0.0077741
18432,0.067529045
57955,0.3849055
40963,0.14116086
68955,0.05314541
18680,0.7447715
66482,0.007712521
6002,0.12727761
21041,0.03211164
85067,0.010402805
13188,0.009261999
43459,0.0061543304
142775,0.008928545
124257,0.15812077
17118,0.010562143
7886,0.022694478
143775,0.1083131
149583,0.5623152
126660,0.016731275
122612,0.01800826
18448,0.042932082
90582,0.37040895
119290,0.07813095
133428,0.21440764
18535,0.020206757
78669,0.054511607
117680,0.011044866
148078,0.029629325
123550,0.011413146
7382,0.009867013
98817,0.01759186
126157,0.008601682
114688,0.31212512
89106,0.011576856
53508,0.04945483
34532,0.006808138
84180,0.009744456
109104,0.04910443
40698,0.07387192
69069,0.006812821
45100,0.010576321
8368,0.043628752
43902,0.13615192
141385,0.30129486
95083,0.02004718
86926,0.010581321
57638,0.038329888
28601,0.009224968
137704,0.039664604
22944,0.009321261
16261,0.010841982
118917,0.02756154
38061,0.02789233
18126,0.007040326
42624,0.13896939
146931,0.054257814
148404,0.023947403
119147,0.0104394145
56327,0.0646281
132179,0.035439454
85911,0.015315261
62789,0.019070398
27144,0.0072515165
62082,0.007687917
3071,0.030816775
86794,0.116292216
49725,0.011992268
36230,0.09032177
27217,0.01363538
70929,0.49627748
54319,0.017435255
35439,0.015310286
87282,0.015485222
83096,0.010419237
80615,0.23665538
36448,0.024648588
32199,0.010373775
84794,0.032502986
782,0.061399523
37474,0.022985684
40622,0.015347078
106912,0.0456043
143396,0.040981736
141638,0.03646039
76994,0.008272998
22656,0.049669303
134658,0.039924856
78404,0.19882795
96478,0.010883195
57510,0.16578603
23137,0.020205507
146550,0.1746233
129254,0.008028892
53318,0.05312358
14211,0.017201593
23226,0.010944686
98512,0.030188318
111847,0.0068917326
149402,0.005950477
56584,0.08647375
136550,0.15387943
47283,0.34145004
115959,0.030921767
145260,0.02648887
70692,0.1155735
55241,0.053282876
81379,0.0075984946
84758,0.017386463
113525,0.006825584
142842,0.047499835
96063,0.03262595
84926,0.013387167
31259,0.14145908
107488,0.0078083263
26559,0.07449316
31194,0.015045187
96445,0.060761694
21817,0.39681128
149111,0.034890424
100144,0.07772186
110892,0.010520028
76658,0.006797712
10341,0.025696589
127652,0.024863219
109411,0.20561767
60913,0.066724665
115625,0.007550613
77680,0.007309238
2676,0.0349954
86498,0.6559948
61002,0.013180978
86680,0.23353419
138680,0.06276892
56945,0.025068874
5148,0.007417309
50492,0.010784013
76828,0.030618133
123454,0.010647673
82202,0.021857379
59898,0.0098871915
9529,0.02911271
54904,0.026038686
143552,0.02468925
128478,0.56205183
39257,0.005927637
5537,0.23457092
28997,0.062273942
146413,0.04324604
7785,0.013751016
9366,0.034378637
72057,0.007834863
101770,0.016975114
6803,0.10073212
106549,0.08970551
104609,0.010862908
75744,0.00852304
50042,0.0073884665
28264,0.14743315
32982,0.006480427
117479,0.39591727
30784,0.0075072693
70882,0.009549987
91130,0.03990334
91829,0.04691644
142262,0.025186913
144801,0.011045059
89034,0.009051953
137299,0.056338586
104539,0.029391276
86287,0.008188649
6759,0.012349731
7835,0.035368156
118896,0.011958202
111602,0.15338357
60817,0.010830783
116499,0.014809314
30133,0.03758511
63730,0.12804838
37354,0.10019275
144166,0.10673186
69407,0.033913035
128331,0.07789836
60087,0.53781044
86707,0.040887836
130682,0.035746943
3659,0.007685549
56370,0.046440415
21787,0.049423844
22585,0.2950834
99442,0.10222254
42561,0.028104672
6328,0.009343003
64542,0.11308811
7452,0.012531579
27936,0.0482123
89555,0.010739422
73365,0.054880068
24466,0.06357387
55459,0.024844402
112991,0.021802358
44703,0.0092983125
32750,0.04550536
123094,0.009371035
63444,0.014985271
40321,0.0117778145
48563,0.04346972
64012,0.017309802
77746,0.019337403
127061,0.23671436
94554,0.029515382
113843,0.05524774
58198,0.02449384
130371,0.03822308
25062,0.045819834
124737,0.0063951043
39015,0.019479072
48503,0.019500513
37237,0.04442947
68150,0.058096386
61740,0.030486185
41409,0.008262942
73229,0.012107918
42457,0.20860755
50375,0.0151648875
16324,0.035600655
129094,0.010734053
115274,0.014771744
67917,0.008631111
134360,0.014900098
120636,0.008270444
138687,0.28794277
138532,0.016575469
47448,0.07608232
80883,0.015277469
43669,0.01324079
79753,0.007134611
131664,0.008484509
30925,0.014675605
102837,0.031529892
112779,0.051333908
119319,0.007750035
49486,0.010481645
129948,0.015175218
120698,0.009988553
139163,0.39488438
125840,0.0371738
32300,0.017060695
32437,0.18265076
88062,0.043561056
53126,0.015784709
22073,0.047848765
104840,0.01949173
115233,0.010235213
23423,0.07750494
130591,0.018636959
62368,0.021893319
37017,0.23596135
80559,0.0926449
15692,0.2544051
87034,0.011808963
41846,0.12956966
126499,0.011096282
25908,0.17364517
27522,0.009171001
141338,0.038604792
133486,0.63296044
139475,0.02063128
36635,0.05102063
147826,0.011213092
72592,0.0068267733
62328,0.024297995
103269,0.02382147
59334,0.031577665
31287,0.011007646
102676,0.0075057596
95677,0.057397902
59963,0.12478931
57999,0.107685246
83830,0.052928098
122849,0.012288678
76103,0.010399478
123164,0.041163184
113488,0.02159266
11081,0.00850981
51386,0.027179834
111975,0.08444115
145973,0.025975473
23873,0.7357761
98059,0.14014274
79861,0.1970228
83181,0.07825019
79324,0.4323113
142011,0.016377963
67733,0.0105772335
102684,0.110224694
91281,0.03950267
72990,0.012735371
70240,0.017557083
48179,0.03388661
53398,0.04349736
126256,0.009728922
112332,0.29544666
141584,0.015356269
92987,0.009006165
75739,0.061159845
114437,0.3428285
35509,0.08909486
86623,0.049141094
102486,0.01055741
72155,0.017352445
78303,0.008002203
5811,0.007373053
56868,0.04412308
146296,0.015317002
106805,0.020211685
121828,0.108574666
56988,0.054616496
78664,0.016742442
129096,0.042469583
67335,0.018689414
58408,0.069935836
20540,0.02042938
107072,0.17652316
130402,0.016162826
86779,0.013472693
93703,0.009188492
107809,0.041198928
56439,0.017076751
56163,0.020709472
131399,0.018502485
137103,0.019118635
122335,0.6103653
54499,0.013640152
87312,0.033626303
145011,0.018404739
37587,0.015172617
42974,0.009966415
141615,0.7287329
75524,0.022012033
16339,0.010927522
68933,0.020186597
89498,0.083874576
108112,0.40475562
60715,0.022652725
149189,0.5071971
46965,0.00917631
112575,0.029364504
24074,0.019248169
80302,0.1907461
14409,0.022233272
131522,0.09327956
61930,0.01751745
107011,0.010980794
33788,0.0118439365
85457,0.01233459
43427,0.06779386
129918,0.011647174
30673,0.36698207
33168,0.114609264
105567,0.10286751
143528,0.008829651
128452,0.012845523
47104,0.03429608
9259,0.027601883
128355,0.011604541
141093,0.014930358
81629,0.033882163
101008,0.03813991
97410,0.009954829
54975,0.018550878
144017,0.008522025
98388,0.026743071
83382,0.039371915
141275,0.010356255
35545,0.120730385
125788,0.013133448
110657,0.009714433
84295,0.49133012
121222,0.08732477
14765,0.0066560777
33367,0.08798625
74537,0.022405248
128877,0.014384262
93105,0.10024065
136286,0.09991726
82849,0.34116754
119144,0.006255602
42762,0.017949844
144883,0.015604831
34075,0.010627028
136978,0.011848525
8220,0.007985652
4838,0.57804644
1351,0.1682547
9908,0.016626185
97553,0.039193578
102266,0.05556888
83844,0.010514506
109309,0.014715465
67108,0.007428851
69770,0.0058241608
149636,0.015740994
130186,0.015397087
52634,0.01784903
117774,0.09457775
118106,0.010463974
92604,0.009782564
28969,0.014063614
129735,0.044390544
78006,0.00610519
65560,0.09704695
130600,0.06393116
112997,0.057022177
125591,0.41315252
47438,0.06825511
84212,0.014644631
81012,0.70957667
16141,0.013914104
92533,0.048533533
58972,0.027540708
43909,0.008271309
100905,0.012419773
20505,0.04565914
135225,0.007866875
111485,0.008873247
147831,0.016664851
104522,0.115146026
59662,0.020439368
61384,0.02022972
102722,0.0071579516
98742,0.015882397
111599,0.019165337
74578,0.019510472
122055,0.008324662
32787,0.006576836
117426,0.013379932
126427,0.018314792
58178,0.04399963
44985,0.011658531
127745,0.09398568
103455,0.30381182
143663,0.009263312
21433,0.01802084
20395,0.017126333
130393,0.5707928
145423,0.031193553
4978,0.053813387
31966,0.01756875
143991,0.009829406
55564,0.010893528
65567,0.028179191
109922,0.011031791
148822,0.66511583
74850,0.061478272
149014,0.010978417
77478,0.01506306
36530,0.061160266
138052,0.049634498
43013,0.028911563
99952,0.13848874
3592,0.0155677665
29093,0.10528067
147856,0.04254508
132359,0.01017906
135832,0.040456586
76030,0.008509541
26066,0.036879882
78902,0.02469917
112140,0.0065602083
20460,0.095901
124674,0.01640648
35753,0.010423255
29127,0.01652927
75735,0.04470025
34952,0.0335063
22667,0.013589984
130634,0.015399408
69555,0.011251487
107345,0.009364061
54138,0.010733719
106659,0.03906615
15676,0.009445815
42236,0.1927336
127632,0.037165895
139400,0.014622354
44264,0.037447058
3663,0.029067203
44986,0.06788602
84554,0.028355
73892,0.011791426
114412,0.014385764
86812,0.016516175
66704,0.012234704
84042,0.0116663305
65985,0.011035838
116896,0.03201056
57956,0.47938496
110412,0.0123508135
4779,0.050507333
93643,0.008051379
105224,0.016488623
141648,0.014985397
121991,0.0063544773
84738,0.020101847
125883,0.011516235
118306,0.06135007
38540,0.2356628
135962,0.0316137
146643,0.0124465
98021,0.021116773
120815,0.05538945
60949,0.0064607193
136874,0.047854424
67206,0.19733228
93570,0.0087222
15082,0.0068331845
139718,0.04711885
146840,0.47807196
79101,0.07998138
148003,0.009162698
108844,0.025575051
148349,0.017961431
80947,0.008644121
148082,0.01380965
49799,0.038533278
66583,0.014899496
44139,0.04953687
84711,0.039573498
3608,0.013429866
15461,0.023258606
40758,0.10004719
123815,0.05483454
43210,0.36660627
148267,0.012465974
60524,0.0077145356
69201,0.085216194
73218,0.015271672
85382,0.021914285
119189,0.0060378793
102653,0.0190429
2037,0.049165417
64097,0.13326907
65670,0.25389415
130029,0.009652332
103344,0.014304896
19989,0.012978099
84280,0.008583437
106714,0.09398541
127616,0.0066962503
121388,0.15293941
42791,0.012941697
105456,0.064799264
128400,0.18748519
137320,0.0067595597
125725,0.007383016
37810,0.013287979
44813,0.009905576
146812,0.010933805
121701,0.010209705
79039,0.015507033
75357,0.060807727
45124,0.096635714
21160,0.22358942
1397,0.1056062
147449,0.010099088
66491,0.012954348
82666,0.012796782
110533,0.029749487
67270,0.08916524
21321,0.039568823
7494,0.006497097
63732,0.007302674
44042,0.019577269
49908,0.019884292
79493,0.07581694
45443,0.061309922
26841,0.0719544
103907,0.007854841
97887,0.101798356
29109,0.01218629
48323,0.06385848
10212,0.006198889
118442,0.020875521
71521,0.011874614
61975,0.04352167
66977,0.012877457
121231,0.012492364
3043,0.02804446
11910,0.008391151
123298,0.00636008
12959,0.030127667
145670,0.016335621
145792,0.08662495
124568,0.014688484
49528,0.12311224
147825,0.049756367
140843,0.020513253
107961,0.03826047
19095,0.045041226
28829,0.011031035
113649,0.007576112
124997,0.007038599
27771,0.007887912
144897,0.017780099
91905,0.007263386
27546,0.006120521
78637,0.047496904
55712,0.0072363527
144126,0.008320703
28005,0.041535392
20782,0.078256406
93761,0.021283353
66022,0.18383245
69664,0.34066626
105344,0.026205461
40652,0.022325406
46009,0.013582649
67674,0.017672379
137148,0.0135790715
98395,0.10032682
123997,0.005887559
132209,0.039133623
28919,0.03812202
59317,0.0663687
77303,0.050239872
28230,0.0060259947
119916,0.005950477
63476,0.012146168
118683,0.0090004215
112576,0.021350063
65889,0.012074068
131185,0.2157749
42425,0.0061674924
119654,0.010675622
143385,0.0228891
2471,0.022551635
79001,0.0704801
86370,0.007578288
88724,0.22418787
68395,0.011534291
112962,0.009938562
128149,0.320009
82824,0.0062706633
24507,0.047290396
89033,0.010017589
81432,0.42376578
48019,0.06301402
56822,0.09073441
86262,0.01092104
113967,0.1888531
97631,0.008192764
41175,0.121526346
94454,0.02814123
62612,0.019856742
98011,0.007990247
97550,0.07617679
140985,0.019113587
2848,0.1706201
33204,0.19442299
29487,0.09930894
94470,0.026973335
98694,0.2247538
31914,0.011588445
96164,0.024104375
139492,0.5340601
122469,0.17659295
130973,0.010278303
31617,0.014595021
29235,0.017619256
107984,0.01491102
20762,0.02725313
6170,0.037314475
38870,0.34393135
90021,0.035428636
138503,0.10952676
74491,0.016242826
144918,0.039656784
2793,0.06422254
69325,0.011022326
59980,0.007976294
128197,0.008183973
77966,0.26958847
140999,0.127886
19457,0.032149434
144903,0.007846915
54818,0.30288473
19828,0.014171987
72046,0.0071477075
103929,0.034522124
41546,0.05595891
76419,0.01608464
52046,0.027884936
58950,0.015761413
114879,0.1163038
68803,0.21931092
76295,0.0742632
114500,0.018352063
41677,0.027168948
62990,0.04397286
125036,0.27938807
23763,0.09169745
14457,0.14646359
112446,0.0071807024
14014,0.028490089
24846,0.03779348
114379,0.008993088
33223,0.013928544
32964,0.00629057
68211,0.041215044
58335,0.01209009
53924,0.0660896
7971,0.0127832955
107478,0.013064075
22893,0.030600226
16999,0.010559732
27330,0.009085316
78594,0.01632767
104070,0.0082359845
43194,0.08745966
64515,0.08315069
10132,0.010283854
57023,0.04265673
24131,0.36163872
144319,0.043255977
18781,0.06883
65699,0.011470526
95740,0.11581129
109056,0.037957758
130520,0.034630403
98379,0.50103384
140080,0.049425628
78025,0.014586443
28031,0.019157058
141799,0.017438637
73818,0.102553874
98886,0.42772773
56644,0.0799928
98397,0.028098825
69192,0.01628778
147687,0.006171609
12859,0.007054293
90166,0.024859454
71090,0.007756329
132229,0.2882186
147433,0.069341615
6216,0.016636698
70399,0.021941004
118522,0.009475562
63459,0.011140609
35874,0.014081212
12249,0.007547805
102527,0.025911028
46911,0.01237828
141899,0.12444703
136358,0.007948166
71462,0.017752048
81800,0.019337542
86073,0.016115343
24556,0.045870677
144052,0.018695448
45717,0.0067712776
145690,0.039808355
82023,0.013358358
136650,0.01076334
147501,0.09260729
96936,0.007386854
37114,0.011199486
42347,0.014566279
25276,0.014408349
3255,0.01306501
62543,0.008305199
75294,0.10832235
46602,0.055576827
60912,0.00885001
69538,0.023306344
79795,0.026286967
125764,0.047461767
79334,0.059600946
84840,0.56475645
86444,0.010588772
52668,0.0072422097
108257,0.013847646
13468,0.005631875
79616,0.040921077
128500,0.010348247
142446,0.07918337
48565,0.01266328
126709,0.011174479
32258,0.04963626
137220,0.0991133
95129,0.046861142
84414,0.05492833
97016,0.019094957
115354,0.14732425
120079,0.15266477
149398,0.05343289
117866,0.006703828
86182,0.010251422
90392,0.0280393
19401,0.008852805
146655,0.011123822
6089,0.012095987
129171,0.13204901
103936,0.037863147
39569,0.012433589
21855,0.012215835
13608,0.01171032
37780,0.10508942
116042,0.011827763
121207,0.008946791
124636,0.0145841
11041,0.0057930024
20120,0.11214141
23295,0.006944035
51029,0.43836305
108708,0.0069707204
12294,0.06690751
95063,0.019284602
54655,0.021280413
128822,0.012610466
105835,0.03297778
74220,0.009202959
102666,0.347873
122754,0.01297827
76670,0.008520329
71681,0.04333588
6750,0.02238872
86898,0.008989221
36391,0.01224323
81947,0.012806436
147727,0.11775139
37580,0.043016028
18191,0.055360105
81891,0.024502417
24267,0.11049735
144694,0.007232774
37184,0.010781246
30080,0.031407595
3817,0.0086637605
68619,0.013298874
4860,0.2140864
40196,0.010823261
78475,0.108237565
53326,0.014209788
25490,0.24674423
49007,0.015201786
101201,0.012443524
142300,0.013538082
37784,0.20827588
4038,0.16515784
96249,0.07371225
121690,0.06149417
144048,0.009055081
143874,0.012097046
84402,0.026160324
96075,0.65738916
140821,0.027015492
83115,0.0109409755
19252,0.052694485
81154,0.012492641
134728,0.2759492
21343,0.102122724
113838,0.017105918
79020,0.011836327
79993,0.007259028
37608,0.02425547
134566,0.007232791
35510,0.032950133
42795,0.09666897
35385,0.0100259725
125339,0.058229145
18212,0.05052318
30262,0.0063889534
68496,0.025414178
46077,0.055659454
25404,0.011677117
70879,0.014367979
28798,0.014607472
1621,0.013343165
128460,0.26181886
81063,0.11415886
143063,0.5504433
27388,0.04601954
133454,0.047629427
108100,0.09858577
84658,0.009792528
37569,0.061987817
117810,0.00821946
117496,0.21625693
13689,0.008834076
75420,0.011628652
101263,0.06122887
3030,0.013146884
8228,0.016577048
104018,0.012888561
47058,0.07566126
52728,0.005966442
82743,0.017658297
75997,0.01486274
62071,0.02112116
104559,0.21181518
132075,0.014754266
28597,0.06291788
110441,0.7677509
91891,0.67673105
144473,0.20458211
17017,0.057664208
132097,0.011753547
56232,0.21169356
134792,0.0095382165
47559,0.056287337
55758,0.0224314
38300,0.10287838
73158,0.010165185
1515,0.16332018
61626,0.014345516
79969,0.1748224
23492,0.026121527
84863,0.01190177
52666,0.011600264
98948,0.0075045023
79569,0.0317126
19369,0.009579053
138090,0.013552456
120242,0.006425798
66284,0.01269708
1855,0.011847353
112232,0.02431272
146381,0.013184396
137850,0.019936878
69111,0.056608446
107042,0.024099294
70896,0.042305663
97856,0.09387093
5461,0.037632555
137907,0.022802895
47728,0.030584246
145386,0.09843286
18347,0.054438896
39016,0.0061754882
113582,0.039836552
79401,0.5679268
65998,0.029775498
99328,0.17458642
58636,0.04444348
24334,0.011795917
103440,0.009709632
110196,0.0710567
104008,0.0068293344
69112,0.02171127
38894,0.005812523
130076,0.008214436
94209,0.03855948
54849,0.019620972
36125,0.03464957
89569,0.013693973
43078,0.19286096
62608,0.018684953
93630,0.026599798
14273,0.07739729
26971,0.010590515
42919,0.012817751
32188,0.42250845
98098,0.07145682
59349,0.013930051
89242,0.01501869
20141,0.020994572
50177,0.006574824
118524,0.032342333
66066,0.014660514
104524,0.19373506
69001,0.0072931056
37406,0.017409997
124506,0.07849646
43884,0.023160143
140351,0.009709811
52898,0.15616341
8204,0.012215076
79178,0.018999852
23709,0.47193825
62957,0.01586639
12869,0.008719463
91824,0.016092543
126856,0.07957368
30863,0.006619273
7859,0.010002048
21736,0.17236635
80526,0.04192478
138222,0.008898531
20996,0.7267342
5500,0.022850702
25125,0.010802269
42142,0.09132069
41974,0.016266234
107135,0.09390918
62283,0.012278519
84418,0.008173332
2789,0.012521132
24942,0.34466544
25048,0.023138335
109460,0.11912857
3119,0.01237768
5718,0.013192681
60161,0.4943589
72391,0.011627759
86551,0.013607882
79673,0.12503614
23030,0.013987886
28186,0.21814346
58261,0.015724123
67601,0.016501721
113646,0.4631672
78928,0.0065055364
11207,0.04009223
12037,0.024637798
20634,0.0069140918
28485,0.014468433
83997,0.1224684
59795,0.03625947
14120,0.10239406
79588,0.030442929
102685,0.44431788
149245,0.3136623
44754,0.3130731
132779,0.1257552
63379,0.045245603
45890,0.06307224
110886,0.09141242
143213,0.023107996
110036,0.03876328
23253,0.048365165
25300,0.17006612
149766,0.016400486
9277,0.010817352
123971,0.010478406
81014,0.012219207
111102,0.027938824
130683,0.27102792
42853,0.08744593
102953,0.014934425
98799,0.007048827
110982,0.021242995
91977,0.0130139785
10379,0.08590989
9734,0.011119265
21531,0.019363998
139557,0.010769967
15861,0.011369585
127918,0.012782423
149650,0.015423625
108236,0.0072714402
15247,0.2918372
73455,0.047379795
49993,0.54446024
88831,0.04444114
79070,0.015223996
75906,0.17420156
42458,0.0067587434
149682,0.06300234
103516,0.009994874
76233,0.0999871
111641,0.09349271
116183,0.035614762
31355,0.01277028
98140,0.08636386
71164,0.010243249
32386,0.011343234
143717,0.0063897376
105869,0.6561128
37687,0.0071443785
127166,0.014359157
118681,0.04065947
91883,0.06749615
70223,0.053021576
62200,0.19087237
3724,0.017138522
71650,0.011700286
124020,0.082617514
111633,0.016614426
6006,0.04248663
104251,0.055367976
149757,0.011025804
25709,0.021998651
105197,0.07800421
3387,0.015358366
64405,0.014209536
116546,0.031348675
85707,0.1526584
8020,0.040328607
105041,0.014008347
136944,0.024268216
131252,0.011278525
75141,0.35657826
23769,0.060193595
42885,0.07787571
136483,0.008920321
137997,0.019465702
63373,0.0064877872
100910,0.42494974
60778,0.17670192
143227,0.006897084
106904,0.0120097995
111281,0.61034614
2926,0.10749273
43273,0.015219621
74357,0.00683817
67643,0.008115469
120564,0.15346973
64156,0.17189786
21696,0.3928782
101403,0.044746518
67642,0.08097815
2295,0.012563481
69966,0.015024067
87617,0.2389795
81410,0.04112185
64534,0.06909908
29256,0.076579966
45281,0.18274814
116471,0.48765555
67776,0.059795704
31087,0.030518794
36917,0.037227035
11805,0.011174553
49000,0.12340823
31291,0.011135111
10629,0.015162552
94337,0.009898442
2719,0.09630649
84849,0.061484914
140078,0.049570914
82461,0.0546343
29883,0.019201597
77015,0.12125048
83911,0.017972596
1561,0.18427931
46064,0.09220735
124211,0.008887264
51835,0.04551839
88774,0.03791525
63918,0.10786262
100963,0.006722731
131560,0.014635502
140851,0.0154164955
39272,0.008058827
5772,0.01767359
115809,0.079390995
136999,0.013236922
135672,0.052885365
56254,0.061836027
78038,0.1106486
88138,0.12831824
13094,0.03688204
39854,0.0074253073
8063,0.014664378
9156,0.09016905
41421,0.018225357
115317,0.015411667
103275,0.03267745
55493,0.006734038
39196,0.016045678
14197,0.006391524
130865,0.0072713126
73541,0.013346638
58697,0.18557076
141156,0.049027
37120,0.17550068
101907,0.00882505
3932,0.6316897
131337,0.01948022
335,0.012566357
148691,0.0071003474
133907,0.012050912
122770,0.0076262387
81928,0.039373185
70468,0.12745528
10731,0.027356924
63849,0.010674132
147350,0.05682309
24428,0.015047441
122516,0.011021692
115857,0.00899972
32986,0.47060198
110594,0.03687303
86836,0.0075333533
140014,0.0229839
132735,0.041143086
63302,0.037063032
15387,0.012970087
28521,0.009419968
62778,0.046130605
96466,0.1513221
121952,0.013928283
144798,0.011428118
98027,0.015609976
40563,0.013541789
1073,0.017077016
86740,0.0060390527
98190,0.024478693
23625,0.007293809
86433,0.010084592
57386,0.052912015
74020,0.0059777
67447,0.03267461
105284,0.04004923
74580,0.046787366
26021,0.02091284
91612,0.008169896
45477,0.045547742
146021,0.035128776
338,0.0118548805
21382,0.008750371
26714,0.010250353
48771,0.012327052
44872,0.18612874
30761,0.023387162
31232,0.031766262
84550,0.0219548
85721,0.010272059
129102,0.22903804
143624,0.008614619
137928,0.08860748
23655,0.011143756
107185,0.06293538
83715,0.41474748
147753,0.07393501
71436,0.020162566
94926,0.03905275
93931,0.010020503
78720,0.27441674
93205,0.055709038
89420,0.17020288
33061,0.018043106
39009,0.116329774
39239,0.0092821
111886,0.05840985
5606,0.014798777
10600,0.018494567
92437,0.16258344
9380,0.008608313
147279,0.010793296
108083,0.009574884
16985,0.01845436
113840,0.028614597
117337,0.10081787
80043,0.013980154
31714,0.35703242
87332,0.016545672
86227,0.06049557
125113,0.010069651
92761,0.025899727
112006,0.012148623
98629,0.009355612
70227,0.06448178
131554,0.015411458
114464,0.011965304
75588,0.04897087
33363,0.0721907
37243,0.055416062
43887,0.609329
11058,0.0077138385
97954,0.095568754
103761,0.076471135
52338,0.015934713
145333,0.012317395
46121,0.034644224
39962,0.07331783
148441,0.012682887
86620,0.0059466986
106055,0.041612227
25831,0.08575529
20043,0.4456966
142271,0.04691661
37623,0.100114256
102076,0.019933566
28082,0.006555412
56768,0.04754703
33799,0.08009367
132743,0.0084644
129639,0.014550949
75615,0.02410208
78863,0.021553442
34789,0.013565927
73733,0.011161299
14774,0.324754
57974,0.015864618
8808,0.006362651
29640,0.09873745
1801,0.32235166
53574,0.21248266
20772,0.013630833
116903,0.014408578
116046,0.011636541
19031,0.017926518
82721,0.049425337
55698,0.010443563
146464,0.03971102
64043,0.060266174
110872,0.011898371
29681,0.008563527
93311,0.008243927
134926,0.035007343
140475,0.07367923
111473,0.06924186
60131,0.011656773
74643,0.04803097
11017,0.26015007
30608,0.011381072
111332,0.04274666
61527,0.013405929
124127,0.02565224
59647,0.020378266
122358,0.08450826
90117,0.018270401
130833,0.013414951
54132,0.153537
46451,0.12105441
115478,0.03612044
147287,0.012888487
94009,0.010045301
145866,0.07974486
14943,0.06726539
99031,0.007298493
71773,0.054262903
10557,0.090769686
137079,0.017305503
7924,0.012378718
75675,0.030683687
103754,0.31300235
5550,0.3649333
90714,0.009241248
39479,0.02334317
78977,0.05588325
47549,0.009987977
3992,0.017532244
3241,0.012871633
108393,0.012466185
86195,0.01823724
39870,0.009855261
50649,0.01041912
3635,0.010552649
70952,0.09557751
149653,0.0080610765
107132,0.008204264
130970,0.020973306
82909,0.008185974
45509,0.034248274
72754,0.007441561
70430,0.071808346
28645,0.15706965
857,0.042699542
66103,0.0065991054
43558,0.03791525
74461,0.052041836
81691,0.041766725
129264,0.049869634
54795,0.008043013
51894,0.040684763
40761,0.008895306
114727,0.32355282
68251,0.01134047
89197,0.011902465
12369,0.069589354
21161,0.0055539026
21852,0.012933385
130562,0.052527074
96394,0.00892191
2000,0.13423261
104990,0.078721434
93567,0.046013523
126594,0.17303014
43463,0.011239917
43026,0.01183481
147869,0.010172577
38712,0.013316693
84733,0.031965435
2323,0.008720102
79172,0.032550838
57463,0.0110237915
52600,0.36122456
55101,0.01037945
101619,0.05958722
5441,0.61549234
119213,0.01358861
37163,0.11683209
56711,0.006568539
113957,0.287596
131154,0.014343616
64985,0.06640168
145453,0.038759727
33500,0.06743023
133388,0.041045595
34614,0.06488374
116569,0.0092755295
49950,0.32296926
117751,0.021372084
78153,0.081352696
37473,0.010830697
92859,0.37730616
73750,0.04268481
85002,0.26668528
60039,0.030955888
135816,0.012015409
137437,0.3391298
87872,0.04035067
123604,0.028605986
140708,0.034235023
119905,0.053141054
27506,0.010502795
133320,0.006615994
14483,0.077279165
92895,0.0075590364
73539,0.0069681597
112557,0.013993155
20399,0.007135441
103072,0.008510599
23318,0.53325135
96631,0.010677632
61409,0.08966993
146727,0.009851289
12692,0.024416614
58365,0.012056637
21448,0.01914146
42988,0.10453737
98308,0.0279328
75102,0.03093508
83251,0.010955515
116146,0.078256235
123542,0.022855882
108567,0.008734152
68554,0.09915154
144784,0.013301395
21361,0.042613417
132028,0.029671844
106921,0.061354235
123350,0.024176756
122790,0.026002582
95597,0.008402018
107374,0.042504203
106475,0.010958611
66064,0.04789588
104948,0.06310569
14476,0.008767311
4796,0.010268506
137143,0.0101690525
58324,0.020228127
119281,0.009382658
91029,0.007081895
118758,0.0074246502
113662,0.027053472
84632,0.08335533
31532,0.14582264
144617,0.06720809
4244,0.045560393
104182,0.4436263
72223,0.047829676
28351,0.030725628
106939,0.011247264
44649,0.013704713
77544,0.033195917
2091,0.014207927
127424,0.007472407
52287,0.031327758
19251,0.014391877
28784,0.02138177
44859,0.057578992
79702,0.012338535
33030,0.010767244
104078,0.00874266
139685,0.01593004
70593,0.012567043
33652,0.010513346
85757,0.0082818335
150000,0.033935364
132143,0.0111479815
97947,0.013070839
114249,0.054152343
82504,0.07871322
59738,0.57806396
98394,0.013525499
2706,0.012444894
36727,0.16310608
52762,0.042800494
69742,0.011951201
129269,0.008126376
146352,0.008309965
30188,0.042015918
9648,0.08714085
43461,0.017568117
117731,0.034759957
44943,0.54558617
94313,0.08633055
7987,0.021238742
22338,0.021548474
9645,0.0126556335
140624,0.010537282
98238,0.043048978
53007,0.007863746
40433,0.031907037
119286,0.025618961
13704,0.019815626
13979,0.083131574
48472,0.011280227
53608,0.01408592
2051,0.013951235
140926,0.079943076
22789,0.0062311203
110131,0.015210227
120469,0.03129059
131165,0.043390535
54437,0.009503691
92369,0.5104892
57750,0.13893194
139193,0.00804533
93577,0.033757895
40037,0.010743587
15878,0.023629736
89572,0.029301412
112155,0.009937746
45324,0.016541218
108029,0.016601639
63338,0.009971907
46237,0.57279086
56805,0.07292746
76677,0.018163597
134609,0.25733173
97618,0.1904818
124390,0.07629707
33418,0.19226934
126481,0.007066769
8430,0.0066176997
138731,0.0131158875
143193,0.012747666
32249,0.018506516
2241,0.029207543
127435,0.20567593
50509,0.02738052
1155,0.043071512
84660,0.011143199
146223,0.14373575
61734,0.065319575
40151,0.48940414
73571,0.009936001
306,0.08052261
5496,0.012797903
33260,0.006412341
125679,0.15005976
51552,0.007919975
120352,0.17399122
97864,0.015634958
6142,0.008343453
12721,0.03657273
143347,0.010439735
147874,0.012179892
33372,0.13993838
72987,0.5646834
142361,0.20578761
46994,0.008467922
107612,0.010948104
11937,0.07213455
106420,0.015946928
11277,0.015450751
82694,0.01134295
130999,0.0132834595
138701,0.007830894
105628,0.06936756
97827,0.43531713
64650,0.01681311
33800,0.19762774
8733,0.014557671
17235,0.009527443
103590,0.01094497
5258,0.009060529
143323,0.09489631
88608,0.02717542
38838,0.07368565
117704,0.011254102
119410,0.013269055
75847,0.0795771
79790,0.1121901
18921,0.11159537
145858,0.0067960704
27241,0.044504277
70828,0.0056532435
29913,0.021379147
28167,0.0077809813
144965,0.12796725
144310,0.38236982
133379,0.10873142
126147,0.012718594
126315,0.014861206
40994,0.06632678
82758,0.01112613
130127,0.779219
108291,0.016466646
27143,0.055140402
54611,0.013645579
110683,0.548792
68483,0.02138176
36954,0.012166742
48443,0.015766932
60754,0.017704966
2304,0.012304419
30259,0.09657225
42671,0.009994968
35131,0.14492117
87136,0.013484942
111498,0.009100565
99553,0.06283391
146913,0.0430769
105494,0.0090561975
127172,0.013081388
113379,0.009142966
3368,0.06973757
103702,0.010505891
2224,0.03043874
107668,0.043080114
95010,0.00946636
40796,0.020908851
64342,0.0091041
137206,0.059372112
31269,0.043163657
122198,0.5395176
131639,0.020163447
148721,0.008544816
44723,0.015211418
111306,0.27098706
121044,0.0055843242
27983,0.49568662
19081,0.07209025
128633,0.17146102
19550,0.019647127
27731,0.032772798
107938,0.07452829
13290,0.08041625
37319,0.28215438
138303,0.007340439
27260,0.023918128
33521,0.015925482
83815,0.010831989
42772,0.022709353
125664,0.08222107
126941,0.015334704
137611,0.006085725
92733,0.04597432
122006,0.043144185
136310,0.03220713
137152,0.008296089
24382,0.017462116
131825,0.49140432
133895,0.13046977
28672,0.32529524
118919,0.07658951
19203,0.0128294425
99342,0.017292202
2776,0.060107794
2404,0.018219342
10619,0.012511378
23480,0.027904479
24863,0.01825482
122605,0.028049355
71719,0.01642864
22744,0.012513953
61729,0.0069575002
67350,0.020673774
147122,0.016695652
89237,0.011577122
64783,0.10382039
125754,0.027882876
51350,0.29464403
135317,0.3641092
137961,0.010236759
108740,0.01765407
13719,0.036947757
21472,0.035836052
127674,0.10279702
47754,0.029095298
56298,0.01464622
101925,0.0068661026
27827,0.207965
93914,0.09934987
50815,0.012079456
121096,0.0136602335
31649,0.037648704
95233,0.045918114
117801,0.014958625
115404,0.008122549
38758,0.02225483
14530,0.05526694
104347,0.03065636
30543,0.33550644
26505,0.012140238
16180,0.013037438
71426,0.011277973
31369,0.013070385
43697,0.045612443
130260,0.011028836
75522,0.029147355
91801,0.027949443
89918,0.016667385
95530,0.056975786
123966,0.01080809
116938,0.130229
23444,0.014111789
132547,0.008960805
105607,0.0122489
123426,0.020533916
77591,0.0091786515
37701,0.018092185
67639,0.007421348
142800,0.08640181
122714,0.060563292
24843,0.013278728
120938,0.012721049
15509,0.050351504
9503,0.013058452
55199,0.47226337
71699,0.017524624
119222,0.0088974675
53862,0.017272595
24126,0.011356498
113246,0.058369853
118828,0.1054968
12029,0.007335448
96192,0.06379547
112069,0.16872965
90170,0.013224893
119687,0.1578428
102457,0.30355656
10611,0.2953895
129221,0.014643675
72917,0.20144221
22715,0.08442205
90406,0.090024
99714,0.042106926
57277,0.22971602
15814,0.015115217
118632,0.046148013
128406,0.09502993
104098,0.06969334
28666,0.09382298
722,0.05264467
78022,0.05317164
54691,0.013928033
31468,0.0624777
90445,0.01710272
82511,0.008438841
133489,0.31698966
79018,0.015631016
97359,0.008925073
54961,0.038824126
34035,0.171826
73104,0.09527463
13528,0.043142688
44789,0.3287687
90925,0.0127687175
57797,0.013054986
66904,0.2626805
24652,0.012114958
63605,0.15280657
124648,0.08772713
72348,0.016232237
137571,0.036281236
97333,0.038403183
23842,0.014925457
41876,0.035034206
109784,0.013965419
56149,0.070432365
21595,0.073920846
83865,0.02022669
58874,0.09982928
80718,0.037713986
74246,0.07460799
28043,0.017475998
71970,0.0359909
89913,0.064742535
25365,0.020301517
94954,0.010393129
49734,0.0065111727
11844,0.0098256245
77722,0.014646042
147376,0.0072399303
64295,0.051626448
139266,0.006520955
16177,0.40698248
53425,0.0153936455
64152,0.0130345365
63483,0.069131106
70626,0.011489369
76307,0.25908852
8244,0.0098850485
56871,0.07298895
75128,0.009958096
89130,0.03491691
50302,0.1385963
68807,0.008116424
64471,0.16383044
14514,0.012422241
15835,0.013630833
98505,0.013835956
37343,0.01754106
120363,0.083511494
107183,0.015971191
133000,0.04140925
57205,0.021571213
74197,0.036246523
97163,0.048747886
4643,0.014178771
71176,0.056682732
27644,0.008381511
59521,0.0067746933
76199,0.099333316
41957,0.011866118
32132,0.07306206
61520,0.012033564
131860,0.032287393
131776,0.20814429
145366,0.009662679
6111,0.019542577
106041,0.012308279
8274,0.034967825
25028,0.029391304
13410,0.008054567
98984,0.1274525
145778,0.033697
86949,0.018836
2440,0.0098605435
66444,0.015796358
134805,0.0073150843
50399,0.01938014
120870,0.013563131
100025,0.12577215
20259,0.007735026
133413,0.010852998
36513,0.04198866
102523,0.079520255
45954,0.17323045
104401,0.018152934
31092,0.10794992
26132,0.019633869
83082,0.006773545
54863,0.006912599
33140,0.008514406
131221,0.028365817
49484,0.025416018
49965,0.16067077
8250,0.016114498
147573,0.029191466
11062,0.016290575
21877,0.046038914
125798,0.098367184
46687,0.017300192
87188,0.29570565
131450,0.011759142
133400,0.0077246134
49967,0.010053337
143637,0.55357665
86539,0.020444471
100358,0.007519017
96597,0.02841252
54206,0.030561121
58982,0.20341462
44810,0.0105011985
69772,0.013532913
126465,0.046737768
141814,0.08732357
130573,0.00819367
2910,0.14719109
5414,0.06064626
134233,0.01835892
10133,0.010145082
16066,0.011548462
98856,0.0093438905
87355,0.08260465
34188,0.084613994
95933,0.0111651365
24888,0.08650295
54039,0.07654585
114064,0.010094417
72400,0.0330758
48460,0.010740451
117264,0.044504277
138372,0.11715514
4338,0.11156609
134306,0.020716818
122388,0.009766079
68319,0.108509265
98660,0.025746308
95385,0.0120616695
96813,0.018042237
72378,0.008713061
129618,0.03642793
118179,0.011726119
3602,0.2652029
19764,0.009870196
115688,0.02839723
15050,0.012324057
137298,0.03718487
109557,0.12512194
139615,0.013682199
129255,0.022346433
61324,0.010109089
135188,0.39914307
27063,0.24430212
124633,0.01689655
4831,0.016123716
49433,0.014499933
65538,0.43619576
98423,0.018040668
143032,0.008123218
108960,0.18939246
53816,0.011283929
103446,0.029224908
145999,0.011508539
64233,0.06945945
127107,0.006080017
136672,0.03371766
17154,0.028148996
119460,0.013006153
94523,0.010248109
97025,0.08796316
51407,0.006852933
45521,0.00846456
40261,0.05654441
5374,0.035981726
95490,0.022214284
64807,0.11068076
12136,0.04617787
63433,0.07301356
27799,0.23376116
106032,0.47435868
20601,0.007413505
51137,0.32028088
56677,0.1063338
103775,0.020960238
101618,0.008403463
14378,0.0061317543
129936,0.04637569
108856,0.008357833
111445,0.036192942
142045,0.049035568
109307,0.11328408
96637,0.04496846
129586,0.06951437
32247,0.016750239
118830,0.04799198
116387,0.020701593
51138,0.027213542
133967,0.17507075
7109,0.018327523
63909,0.008267421
45340,0.012198769
7530,0.010845036
24945,0.029515227
67991,0.008927165
134261,0.16205409
13146,0.02310374
22636,0.010630111
144029,0.039991118
116612,0.016396156
117039,0.015674872
127631,0.015524652
126235,0.015942886
92693,0.6706732
115027,0.13146837
145737,0.011117975
130582,0.079952635
122092,0.041515056
50135,0.07536301
33024,0.010208823
132024,0.019795205
116803,0.010880352
74146,0.29656526
125598,0.0064278715
143009,0.04383911
16267,0.05662686
132107,0.01172934
62600,0.087885484
97286,0.033741724
34147,0.01470264
94977,0.030601712
37088,0.019605445
75404,0.036981925
35745,0.4561216
26160,0.01109457
130396,0.011476427
1037,0.019543039
134064,0.008278974
139583,0.026557693
82380,0.00959941
50807,0.23178785
17794,0.18809056
56434,0.016208604
135300,0.011517852
92726,0.010619244
3552,0.058038447
39809,0.13181068
87932,0.28160045
61903,0.08643123
113037,0.011820454
148897,0.01124394
18024,0.013054986
509,0.03221849
87745,0.058461998
96476,0.010952374
52217,0.088021055
101867,0.025245635
26793,0.016713165
100888,0.24271303
32963,0.023680743
116304,0.010649013
76335,0.015647357
26816,0.042174622
146877,0.013751448
109306,0.10154371
13982,0.011122653
41896,0.008803799
107095,0.33109248
114685,0.037395794
134481,0.01225261
42849,0.007093687
2519,0.059058562
110130,0.029143644
5748,0.008685469
69217,0.009858259
47472,0.19158645
90185,0.20752393
78134,0.034330644
4214,0.013055993
104422,0.008710944
574,0.061056327
64101,0.011122889
63329,0.018204264
8336,0.29266372
85378,0.312321
140306,0.0071109375
125499,0.091617055
100863,0.007082304
35678,0.010952885
6608,0.44499737
20577,0.052957326
129823,0.03442045
59505,0.2987508
67863,0.035876803
47780,0.066219546
135433,0.11531292
123769,0.0062600584
31192,0.14743316
67389,0.015786177
78802,0.05202675
135029,0.025427511
40030,0.032733727
79733,0.13099274
54674,0.022265881
40915,0.010359046
71652,0.052632112
8761,0.013021182
103334,0.3300511
47385,0.027019141
16965,0.1812673
17480,0.012111649
142894,0.009176279
110915,0.09279807
18993,0.0074636103
14980,0.0072619086
82056,0.008095265
69867,0.03294934
130810,0.013669161
90659,0.036212705
74544,0.024172008
34947,0.010777351
96963,0.020623907
56603,0.5105957
13066,0.07043085
1337,0.03015895
103127,0.03535964
58109,0.29369646
129060,0.019741852
62096,0.0068139858
101810,0.092554666
107428,0.015536966
37743,0.00931666
120709,0.0870104
54457,0.020270467
139605,0.007491933
129989,0.009819349
40087,0.021661622
16425,0.05392131
69446,0.0075332997
8000,0.01801925
74811,0.009326287
554,0.019950403
120693,0.015640184
34516,0.016874498
87528,0.007147505
107470,0.011875145
43918,0.1285351
9671,0.012986579
12321,0.014941147
128609,0.5917453
72768,0.7808736
34937,0.013061758
65580,0.01791983
119277,0.01987306
107093,0.0216262
120956,0.019032804
27890,0.011814401
35668,0.01894934
85514,0.016680988
99983,0.02169501
149724,0.16504648
74465,0.0068039536
107905,0.032983955
146667,0.010672692
131661,0.18953536
59666,0.0126126865
46945,0.06718922
35253,0.008818842
146063,0.08984579
52186,0.017065639
112539,0.012959733
12987,0.011864989
803,0.038653884
22285,0.013534936
48645,0.054886032
85783,0.012868544
143584,0.041357677
82422,0.009565501
96471,0.07211505
55670,0.020722501
66205,0.013261702
82396,0.008183512
121970,0.03896363
96867,0.006155156
146090,0.013760577
115614,0.013143228
69902,0.0153251095
98368,0.01063595
85170,0.0104730185
120488,0.016182818
13760,0.0077656633
116733,0.009371022
63352,0.029523889
88762,0.100969985
112609,0.05589977
69578,0.2927669
104314,0.2014862
75268,0.048363365
44535,0.014048812
19003,0.016665274
88092,0.008034278
104946,0.014615993
5564,0.020651856
52208,0.021254636
53975,0.07277803
76710,0.020230716
69625,0.0072475253
34505,0.55854505
100902,0.027216874
84339,0.04627218
132424,0.029700907
118433,0.0101665575
101429,0.039709955
46005,0.023395304
12447,0.021215683
98081,0.164567
689,0.009804867
1097,0.007881615
116086,0.00986738
149784,0.030770011
124474,0.25143567
91250,0.012670288
41775,0.01662985
106320,0.028461687
105742,0.013176524
65855,0.071620524
144058,0.013687765
62335,0.20976965
142798,0.02122746
44295,0.04322503
128648,0.008150114
149542,0.116762936
66803,0.07236027
31516,0.056952015
8531,0.016901273
103143,0.37605056
77965,0.024819283
82243,0.008910302
70609,0.018397426
29805,0.032066014
28677,0.0074472167
22777,0.01261988
135634,0.11091056
46328,0.25737682
8989,0.10600428
76501,0.009159464
138767,0.060005456
23005,0.009526179
123596,0.1749046
60345,0.04003208
9799,0.03182771
136993,0.010288539
88406,0.019231701
133408,0.07976145
57650,0.0107927155
96339,0.010354256
142517,0.013978413
90103,0.029614434
34697,0.006153071
144253,0.026503919
96594,0.026255637
36364,0.040482648
84842,0.007507258
141010,0.2031737
121510,0.02067274
3439,0.012984159
64020,0.015448264
20968,0.0058357096
77335,0.11559277
20188,0.02440649
15844,0.040788777
122680,0.008988958
62773,0.0137504535
139490,0.040413
72375,0.012293675
52883,0.014759584
102439,0.058208477
103573,0.009689991
117184,0.14349927
83196,0.014917031
94924,0.18677394
129211,0.007349457
43831,0.039556656
76997,0.013459946
15057,0.014578311
109100,0.09266257
134017,0.02867526
78538,0.00822446
50514,0.02451816
8585,0.12578365
32232,0.12470885
73188,0.008098999
25187,0.03365405
73703,0.011515719
8534,0.06391021
129251,0.01531939
146303,0.038549904
78395,0.017870853
97771,0.0063428064
92141,0.011548968
44021,0.0075668786
86944,0.0072842827
71116,0.049434982
43409,0.046320602
105495,0.1939884
21424,0.02825129
18309,0.017128805
52356,0.0068570785
58182,0.060580563
62458,0.011221866
131336,0.019071808
141491,0.016193904
5621,0.114111245
36392,0.03515337
102265,0.00935582
145418,0.10839982
3887,0.011995613
36733,0.099417925
102473,0.008003479
149788,0.007206181
95609,0.49792853
129214,0.009377345
137131,0.062241126
67406,0.023829797
147568,0.051442716
6048,0.04406425
34,0.014466326
52832,0.01104549
81110,0.011179533
55888,0.018086806
43456,0.07942019
109574,0.07476319
21550,0.0101305265
56974,0.20315467
12538,0.2927116
5090,0.32747823
105811,0.016793266
140502,0.09677105
109740,0.017397212
148581,0.017124865
142019,0.116056494
49973,0.042192172
147053,0.011541736
13313,0.011701262
115523,0.13493289
109319,0.059233937
81350,0.047859356
45864,0.0131016
91512,0.024562608
46571,0.099828616
126012,0.075737104
37670,0.107595176
89079,0.07731604
49407,0.008910647
112509,0.13082035
136139,0.011633647
97675,0.05932807
119727,0.67012644
100209,0.042884555
15805,0.009295976
15858,0.01936784
138497,0.03676652
108080,0.015187607
42745,0.009657836
65437,0.009793707
114182,0.012261667
126654,0.14318363
58717,0.016288407
138496,0.019959668
133437,0.20798351
4948,0.009503085
67729,0.013572864
71835,0.047314517
73628,0.01096044
98807,0.010786827
88023,0.01419719
95912,0.034723602
54738,0.023565033
104335,0.0068616
49322,0.00598384
115301,0.03823275
100985,0.005915296
103140,0.055245575
119049,0.008842769
135193,0.0059874915
132999,0.0939583
112288,0.020887746
24443,0.011850596
55391,0.1063648
21963,0.01762538
120906,0.007785098
21943,0.014669546
75209,0.005966476
118631,0.012937487
85219,0.009046442
39713,0.34647897
897,0.017773189
80077,0.007812998
59395,0.44473776
66744,0.08715119
54277,0.09730495
6895,0.029739743
34973,0.092380285
24475,0.3342329
139549,0.017218513
73946,0.008495331
19583,0.0075921114
69901,0.021687785
148492,0.013019682
74385,0.0122948205
110996,0.013382413
28715,0.30449474
144298,0.12737922
25047,0.011143015
8360,0.05139778
73718,0.008763707
14256,0.15697613
99363,0.09202068
147386,0.016987579
37705,0.0959489
70508,0.01744958
9866,0.043939017
124180,0.15405998
63261,0.016416363
56890,0.011264464
134368,0.47771493
149744,0.056012843
128209,0.03981464
70391,0.005776877
39447,0.0077757817
47405,0.07484258
91619,0.017561246
77675,0.08465485
10215,0.028469535
75374,0.62408644
78808,0.014242368
52641,0.28889677
38275,0.0389634
59333,0.016833443
71294,0.08283976
121279,0.012622905
35553,0.054967318
22537,0.080409884
96229,0.010035821
16649,0.038112875
19,0.02342338
76447,0.029200066
49469,0.12336072
1865,0.0645581
10395,0.012821559
110639,0.008755518
47451,0.018184232
89347,0.022709928
127848,0.024662934
86785,0.008090703
70338,0.012694612
115183,0.05592367
122129,0.21227546
113280,0.019120289
101655,0.020179987
130831,0.055430118
49882,0.05374852
111193,0.2012914
108838,0.019861987
40651,0.033245552
2170,0.2970322
81781,0.024487859
40829,0.030381586
134159,0.034223925
55003,0.010564472
17697,0.076636106
36839,0.06768648
94234,0.14726837
145110,0.030987812
108275,0.35407525
116888,0.015015643
45310,0.0068443967
19960,0.37975654
40948,0.025383359
149266,0.010595098
131609,0.108449794
128752,0.017887432
26041,0.11070115
74313,0.0061291917
79077,0.013594262
129029,0.008635063
62422,0.013805443
77502,0.007381643
97077,0.072399534
75220,0.1613595
121737,0.04859461
146953,0.0065684514
8572,0.018263638
132308,0.010954162
90444,0.01817506
148790,0.39878425
148881,0.012723451
125481,0.015317231
96276,0.083201274
148308,0.008896966
61858,0.14574027
21242,0.012353146
123373,0.008196589
141597,0.028405895
28199,0.009449322
97653,0.021555267
95675,0.015677491
43683,0.0070104273
67099,0.018516606
84275,0.0071194908
107246,0.058632374
13487,0.010555991
120853,0.012524452
12422,0.014037192
45856,0.030806463
22629,0.08196346
131594,0.20511925
24895,0.022734052
3564,0.016769743
18299,0.05201701
109386,0.14725184
44071,0.008282804
104453,0.014890134
64654,0.013059692
123947,0.008531124
45216,0.07522776
12058,0.0058439155
45024,0.07402129
118649,0.64248455
83717,0.072993584
105511,0.047043193
62306,0.11676507
16098,0.077317566
20808,0.031342898
114020,0.0069259275
12052,0.012615644
93455,0.011107589
891,0.079611495
130543,0.032196797
77138,0.07094128
129643,0.010238223
3770,0.014962019
71706,0.17205253
80185,0.010166577
118927,0.017665237
149637,0.07541152
92388,0.015473205
28229,0.009277278
127014,0.015159733
136388,0.18955842
57984,0.027028142
65089,0.43557715
78100,0.029981034
23882,0.014459202
65460,0.06690163
69735,0.53117156
118043,0.015742311
126622,0.0061104004
115545,0.017572273
31070,0.0420788
36012,0.011111346
13421,0.013051134
76655,0.012669786
15495,0.011552316
23906,0.03746306
129391,0.016590603
88224,0.057802062
12073,0.08819137
41313,0.029657114
139420,0.08206145
79242,0.01716002
107981,0.09604132
148065,0.058852047
74112,0.059925787
99821,0.009779058
56105,0.019433277
35917,0.03574774
142732,0.012072197
103777,0.042605147
114951,0.016683718
112778,0.016162083
49712,0.0101727545
90258,0.39144343
9361,0.046345793
128131,0.011188002
80942,0.013088081
105831,0.012399307
126195,0.0392718
15160,0.019188741
24502,0.32145214
23850,0.038992576
37643,0.016593777
44591,0.012034193
91860,0.014576694
67262,0.009740988
45296,0.11163139
125639,0.0589179
124490,0.0073728887
32340,0.023771025
118390,0.0723398
146866,0.00698097
16128,0.010911793
15257,0.05748859
135701,0.13830629
89148,0.03535398
67085,0.07094879
122940,0.048895787
111738,0.0080925515
104302,0.033328146
20000,0.021115482
94722,0.013521421
2418,0.03393406
119226,0.025123307
139,0.011459389
132437,0.05967451
108455,0.06121873
27608,0.5881205
58740,0.0319434
138055,0.011503078
123353,0.07953674
63677,0.053391147
46171,0.040039852
23198,0.037954055
59292,0.10094765
119128,0.008343492
16684,0.026765693
27284,0.02913595
64330,0.0063652378
20015,0.44751167
76211,0.007879006
21914,0.09861129
105347,0.03073239
112839,0.2659441
50317,0.08705642
65199,0.018977081
9178,0.010844017
27134,0.015478202
23691,0.00799952
141265,0.05373374
103070,0.021816637
44582,0.08744615
70645,0.011375262
94109,0.18033661
143092,0.021693006
12820,0.07797049
12270,0.010566465
22934,0.02648513
3972,0.014743422
67741,0.3113188
6214,0.10004573
95636,0.022069415
74193,0.010708639
7738,0.04638008
18880,0.04978547
59763,0.028274613
39560,0.024070786
28019,0.060261533
146905,0.0073501323
130174,0.01389966
99183,0.013725005
86043,0.012501638
59572,0.010756173
34867,0.01667413
119163,0.047051456
95854,0.022239054
44601,0.005844874
42815,0.018872216
74153,0.050057042
21311,0.011293631
21661,0.06888123
120807,0.2693444
12164,0.05089897
106698,0.066731
11579,0.06801607
113011,0.051482834
138113,0.06872246
76846,0.014686843
146598,0.016575314
95667,0.045706537
53685,0.008456039
103376,0.024939444
94898,0.29802507
76460,0.008758187
93943,0.011403069
146629,0.2472205
50013,0.011626379
102526,0.11838463
60250,0.00948384
105585,0.06957684
16699,0.1520891
36947,0.012019037
21999,0.017589461
22589,0.0068440726
146178,0.0093435235
139331,0.0072813286
55778,0.010217075
67116,0.009216391
60883,0.4123039
93246,0.007180036
17414,0.01704507
147476,0.021612953
11046,0.00662572
26691,0.012490293
22883,0.013026289
81809,0.007751377
117942,0.1671431
118539,0.04353069
54444,0.027613668
138442,0.00769941
27566,0.027527776
141210,0.013023855
58360,0.020464778
74741,0.05624628
126694,0.019248081
132880,0.023928756
89817,0.0133470325
52240,0.034238067
31266,0.032792803
57808,0.076309785
137436,0.013041132
50117,0.010919875
125035,0.03724496
147115,0.043748017
141591,0.008043378
60302,0.008014594
45404,0.054383658
61593,0.111168005
128662,0.01332138
102277,0.05080538
50746,0.2811939
123333,0.008303743
110555,0.013664847
129815,0.103032604
124421,0.017888134
8098,0.01379092
79991,0.008594602
7054,0.0064048013
148993,0.10601074
65075,0.10322545
24623,0.03202279
8513,0.123488046
109422,0.009719678
31811,0.008199489
45946,0.04464574
5405,0.011228037
147610,0.016149957
125970,0.011585594
149478,0.014158982
4405,0.0140694985
67505,0.023617106
107768,0.020789267
42073,0.008007588
27457,0.03047734
20483,0.030663602
85216,0.021011775
15733,0.019927643
11070,0.011803345
17847,0.011027588
99804,0.014934158
135470,0.017453259
81773,0.047145616
135767,0.012140002
57876,0.010066172
92909,0.020272924
53161,0.011245165
21087,0.01361965
131841,0.00875858
129949,0.010945878
43446,0.011566307
70128,0.060551465
86985,0.07285879
98282,0.015545617
39635,0.0081665
87507,0.0103884805
114015,0.07564256
54740,0.05863724
47556,0.046452664
86063,0.010857924
147414,0.009806775
13674,0.008987127
84751,0.023213554
45802,0.037199028
70416,0.014256971
119110,0.044422273
112462,0.16596633
29221,0.2392974
10180,0.012264406
144924,0.032256573
71170,0.12136368
31827,0.012138373
36654,0.012199528
78649,0.030536678
101141,0.18700248
61311,0.009761589
112056,0.009269594
104024,0.0095598325
103566,0.013091899
35410,0.011996985
101632,0.2723936
38898,0.022062795
116163,0.02491072
14389,0.08382064
17309,0.0063897376
42110,0.067417964
32718,0.006589491
36751,0.010846647
46201,0.011855667
65123,0.14372043
6941,0.008059964
103116,0.27810836
105634,0.009532673
88613,0.011927896
103690,0.2721845
103802,0.030586276
57263,0.008695607
92168,0.023990411
83903,0.0099625485
136226,0.014730039
39634,0.01322243
19340,0.0066616004
10939,0.037224088
149361,0.26839805
4682,0.18076417
102942,0.10790682
21287,0.23407522
29355,0.041780286
109179,0.049744904
10793,0.016106674
2616,0.010807697
78765,0.074541666
18530,0.060947817
9598,0.027783144
28484,0.009716916
30914,0.0067807375
119414,0.636901
95267,0.03274484
17242,0.014059014
82195,0.01079716
123521,0.10847377
108133,0.051283415
121689,0.0071178256
109131,0.04135344
131533,0.12418622
108210,0.016138276
60752,0.032587383
61839,0.060725845
8662,0.010229808
2969,0.022328246
104414,0.51481384
22881,0.019795759
135739,0.13535531
106143,0.015036894
62046,0.031227002
129999,0.0079803355
50657,0.013347522
63819,0.038943324
88370,0.0053555076
145819,0.13016665
100395,0.2576987
38645,0.3913241
82551,0.047226623
97345,0.008109801
30762,0.0144242095
61299,0.17383967
73959,0.1589995
147155,0.009478726
74701,0.017967993
82480,0.01088065
87058,0.023043597
85958,0.07765004
148671,0.01089655
118427,0.12226133
117313,0.48617685
76704,0.13325398
101396,0.012179146
29970,0.03299146
121720,0.018031916
104678,0.060173612
12937,0.13066
32683,0.01713469
136888,0.10056646
147077,0.016217792
8,0.06908906
63580,0.10050596
95623,0.01617481
34930,0.018199462
108538,0.11533163
125334,0.04234843
6538,0.0750097
86549,0.016830508
12522,0.013289166
44739,0.012107285
48202,0.047328804
18949,0.007792752
20774,0.015086963
109651,0.039055567
124594,0.0075942315
57381,0.08949728
33077,0.11711483
4963,0.007041156
65369,0.3922003
15301,0.012461631
106869,0.11281304
4362,0.008602968
135510,0.20108543
120061,0.013476394
56090,0.027250703
32084,0.009951925
148667,0.06813826
82881,0.009455756
147783,0.2863728
98413,0.013210279
146900,0.099463895
54381,0.23733866
23564,0.04816245
14732,0.013523749
62134,0.2959973
38890,0.030360982
17265,0.014795351
68416,0.007022607
79756,0.0067656385
60772,0.0072105187
37811,0.062035125
61684,0.03666188
51381,0.10916737
39981,0.0152931865
137920,0.08957885
32891,0.1657287
119244,0.019956538
44208,0.011290017
51251,0.02088621
49813,0.07197228
16665,0.066194884
71204,0.14636302
105023,0.0147618735
108293,0.008477632
149946,0.021313531
5953,0.015734563
136910,0.056426935
53036,0.034271568
2246,0.03593309
17151,0.31709063
83404,0.31192425
72209,0.012927329
114768,0.006519444
44870,0.011744739
36044,0.47873962
13033,0.24893808
92123,0.022293944
51296,0.010131904
53204,0.01118141
15904,0.017299447
46469,0.006100418
99343,0.036545727
84355,0.06269778
24483,0.025713416
139861,0.031906217
14919,0.00732576
121574,0.07213708
109013,0.009085918
70887,0.096071795
112665,0.00664054
126027,0.19034165
45997,0.014296507
76839,0.046696432
116016,0.020261586
145273,0.10827329
24956,0.04349605
145078,0.014596591
33633,0.023535948
80233,0.018218307
61088,0.012713248
146096,0.033738885
7725,0.018696953
124451,0.116891615
121912,0.015645036
36586,0.016757261
72752,0.040400583
79988,0.012102705
110766,0.023615923
99683,0.011260111
10913,0.029042682
111548,0.013967651
40078,0.01791596
25951,0.009909777
103565,0.013104444
57818,0.20927063
8384,0.015588066
127065,0.029671004
68085,0.016274309
35558,0.025485782
39023,0.020607738
66303,0.048095714
137817,0.011327807
124148,0.13754527
27174,0.14642246
75600,0.025916379
86943,0.013265852
107899,0.043364838
64566,0.023910072
98667,0.027311753
114986,0.016584186
44437,0.038304996
124018,0.018304566
146617,0.048097417
143121,0.29604784
2503,0.012016529
59486,0.080659576
90827,0.018449407
92386,0.02476512
79819,0.043172754
83477,0.1140276
112280,0.0059786295
60429,0.011187643
51581,0.00683659
68636,0.09356317
162,0.011389229
68802,0.0069579976
9766,0.011160331
84485,0.41616216
50249,0.28280544
142258,0.008397843
29844,0.011888341
92640,0.018594297
101198,0.010302504
28837,0.052285705
12297,0.118632264
122890,0.0852199
12935,0.10650232
19834,0.03184935
136871,0.03919401
144616,0.006833854
95228,0.014018955
38110,0.05000493
65578,0.5535067
18531,0.016662868
113921,0.4770837
16054,0.062853836
67836,0.023292987
20885,0.0060182856
54204,0.012724601
4871,0.07838242
10988,0.030796641
36162,0.12457406
17336,0.038973946
59614,0.008429728
92975,0.0073148073
143152,0.008573585
97626,0.015899332
50501,0.014703372
99480,0.04859828
107592,0.10325924
5709,0.009828385
86260,0.043395884
74105,0.01060482
50391,0.031130308
111298,0.0076183365
76069,0.009698003
5316,0.3417385
714,0.011146542
56405,0.5590152
9056,0.022122746
56554,0.0066949907
140573,0.11212376
7507,0.028117625
37999,0.76009214
135745,0.01204548
58483,0.012516741
123376,0.037143726
21209,0.021761455
64442,0.012893384
133118,0.070977315
48387,0.019966692
81900,0.11559909
49408,0.013544382
146294,0.02226705
47522,0.1098449
52146,0.07211308
105704,0.01761986
51239,0.010239267
144949,0.096230194
55043,0.27250245
46407,0.11481813
45102,0.017281637
69717,0.0067742476
24171,0.07749826
48343,0.18090905
110373,0.013557206
58557,0.011598062
105706,0.028145358
33938,0.10667369
2345,0.016959032
17408,0.011598494
107177,0.011677816
4178,0.008093646
101393,0.009583759
136468,0.03573019
121845,0.021330988
131608,0.010810802
140763,0.020622319
16608,0.07593145
69707,0.021831214
4937,0.0065845167
43923,0.016199991
124297,0.08123651
111613,0.013192413
43809,0.04119194
87088,0.024545318
59726,0.19981505
54352,0.0657576
148524,0.019352287
40025,0.010822205
77332,0.005885193
105653,0.032777168
60618,0.009728839
138922,0.008726039
4423,0.029691894
107214,0.01464329
92955,0.07164611
114298,0.053827066
142905,0.019361064
60143,0.018308278
28307,0.009717489
146699,0.017514931
68823,0.58936226
18249,0.113105334
110751,0.08458758
106085,0.015120506
24947,0.021644732
36540,0.012152579
74714,0.012119233
102787,0.15494496
115308,0.099488325
148593,0.037566133
143639,0.042843953
76924,0.008430268
78155,0.031575274
31955,0.0861539
48873,0.27376053
34371,0.024517167
51784,0.01153446
99206,0.08698614
70100,0.0151469875
54792,0.03918943
112246,0.007370237
43634,0.0063478663
77656,0.0063587637
54832,0.03925805
93146,0.019420242
149297,0.21854767
104997,0.0072831456
99346,0.009317994
109944,0.013856778
141655,0.009133807
124960,0.3949345
19712,0.013731493
9222,0.057877608
123711,0.051737994
22965,0.19057101
124542,0.11671871
114384,0.012556077
2109,0.09908178
146945,0.06458836
92660,0.01834666
68873,0.06160534
28216,0.054653537
112095,0.051964507
115188,0.04775095
142451,0.05218678
88978,0.008354609
64830,0.0068519046
71645,0.34221396
96204,0.21190447
72580,0.24588417
80003,0.027669827
134029,0.10607188
39056,0.09634966
43158,0.012237177
43747,0.014807971
72455,0.0058912025
37157,0.008224889
13905,0.23076092
102877,0.0577063
62214,0.0058840048
112861,0.009156812
15831,0.106119454
127943,0.023658672
136073,0.010533906
122042,0.013086985
14886,0.01617208
71982,0.057245675
118597,0.11168601
2274,0.012038521
139695,0.015634393
50125,0.010000405
54087,0.014713861
13451,0.134551
139983,0.009002042
74066,0.021551631
64123,0.012953566
129947,0.0684974
82699,0.09166795
137059,0.015367716
89564,0.069065794
98855,0.015550792
72196,0.013090089
132864,0.09079918
149210,0.010614976
43423,0.006811385
145903,0.35925248
115171,0.01146471
50350,0.0073715667
111616,0.018357253
43217,0.015253569
5904,0.033756666
83349,0.08617918
45555,0.065789625
49449,0.03781373
117852,0.3618732
4538,0.0628205
114091,0.01201272
124437,0.010481952
5212,0.06310585
145763,0.012282759
82521,0.015679521
39777,0.01028203
36021,0.119492956
46809,0.011182802
49004,0.26391828
133141,0.020024084
137170,0.14434463
123280,0.09609387
39942,0.060138565
29162,0.008551096
58825,0.074890815
60200,0.3743281
121884,0.07581098
81556,0.017134868
109526,0.035243873
58319,0.01189826
35132,0.007231295
19211,0.057554938
45640,0.0135066025
78748,0.018688058
101343,0.04448327
137545,0.09257279
12225,0.04962064
26282,0.01100298
114787,0.008176514
73834,0.0072796643
44618,0.014866059
78827,0.0067940173
43067,0.030014778
55272,0.037188783
40225,0.26475492
123332,0.24156252
85899,0.035848964
113146,0.59021807
51957,0.018609937
57685,0.13730831
85241,0.019392762
59128,0.016843926
45631,0.03354979
86178,0.015117695
81593,0.012152321
61034,0.038119573
9590,0.0131814
10314,0.26979303
78676,0.008101516
111908,0.008248224
28309,0.0089296885
122028,0.054649014
96687,0.078556046
42925,0.016278988
37519,0.0076595796
87890,0.48649794
62703,0.077559985
142828,0.011650013
61524,0.0067849364
111914,0.013371401
101795,0.014210704
136399,0.008719471
59341,0.011968742
139068,0.011742519
126201,0.021959854
122217,0.008563722
74296,0.0065644295
136620,0.013006135
74364,0.08714085
86233,0.20342699
132515,0.037513077
124316,0.24336475
3674,0.072663255
70365,0.0069892383
33166,0.32017088
17590,0.040685397
47600,0.040350202
121051,0.048399873
121129,0.014697894
72966,0.009850284
106674,0.11706779
121307,0.011335879
123870,0.115687475
6149,0.02371841
50498,0.016404202
3968,0.007909618
120510,0.026494768
93910,0.031771895
89813,0.14430219
105594,0.012990944
53548,0.0099513475
115475,0.04303743
25627,0.006125907
48307,0.014212688
119656,0.0062728836
131957,0.07239322
13058,0.008497625
25259,0.01583245
128720,0.009900457
88345,0.017741725
137197,0.008524528
127004,0.07450907
71688,0.009059938
149931,0.012311347
127686,0.5950614
11917,0.05989534
43205,0.011869602
81017,0.37947878
2649,0.0106655
112520,0.008347489
111578,0.03580848
68333,0.07703046
36223,0.011889534
99070,0.05780912
14939,0.0068593225
121775,0.0068489844
99921,0.0144242095
127837,0.014043575
91222,0.019930432
117285,0.08562457
83690,0.01265968
28127,0.013456123
16355,0.0074652494
31924,0.036643308
100216,0.01024672
12222,0.00908967
30207,0.088124454
75320,0.006733196
49065,0.011271976
74934,0.028455202
98753,0.012893329
34634,0.022943648
94031,0.0918042
26931,0.051282454
15976,0.038852617
14417,0.08885808
89367,0.17514104
26595,0.011361173
26792,0.0063428427
139913,0.1080898
58275,0.24232791
134279,0.014104202
69436,0.010837704
103593,0.023166824
149216,0.0093151955
65261,0.44539255
105019,0.021769578
21336,0.080962695
93523,0.017311197
102841,0.011314463
41654,0.0130855
54012,0.0086806705
148879,0.010939973
115796,0.012597096
40212,0.014332227
79665,0.2660563
131464,0.036576908
72959,0.05646339
5077,0.010476869
148146,0.012381062
98078,0.01661565
60422,0.08084788
133444,0.07394117
77193,0.07979731
144706,0.069291905
19300,0.24590392
23101,0.015871407
147062,0.013818661
139254,0.05533799
32516,0.02942426
109507,0.012057966
40519,0.023367653
38461,0.026505647
48209,0.022210352
33236,0.009896414
11044,0.012395804
2758,0.013561876
149253,0.0075905197
103347,0.008548876
117477,0.008872177
116013,0.61396104
126554,0.06284363
7521,0.5693937
137846,0.01450919
63008,0.039005622
31580,0.13088441
113057,0.033935405
104568,0.026693854
137579,0.3000235
20901,0.17343117
138349,0.032401834
87914,0.017072558
80182,0.05372623
26926,0.011461059
3849,0.03435635
141044,0.0232383
67401,0.019647196
94734,0.015025181
138864,0.012473766
78378,0.011499343
80660,0.018938895
22255,0.015231704
122243,0.019232428
93116,0.03038635
117581,0.13805106
89530,0.016241416
41226,0.5640662
24992,0.00820627
43060,0.07415278
105543,0.19089195
19822,0.037711322
125921,0.026681393
46396,0.008349988
47381,0.014771327
76499,0.018335147
54008,0.007963848
68441,0.037092905
34699,0.14139578
129404,0.028479103
9585,0.21556707
107385,0.02547663
93723,0.032184698
38361,0.017519133
65345,0.014784671
93992,0.09775446
109521,0.011819824
45218,0.04497871
26369,0.016054083
65112,0.060247034
65426,0.08131408
133797,0.064179495
43676,0.012246062
111088,0.008750255
5074,0.58919805
88539,0.007849599
111093,0.015049746
114774,0.009930379
146038,0.012465298
88243,0.107823715
89163,0.0105509125
105745,0.0536986
82429,0.124481276
52395,0.08976834
53144,0.08296757
105563,0.008962783
88656,0.010033823
149350,0.0092882505
94094,0.02411294
19315,0.20135993
82509,0.08482179
132494,0.12666164
75724,0.0065765586
38138,0.018943926
85866,0.01604312
146990,0.014293916
97486,0.009139156
72637,0.04609736
43726,0.053073913
14369,0.0076199556
75129,0.028867245
29193,0.010853925
105245,0.081144415
91615,0.14372805
62853,0.46185583
126682,0.009010694
31969,0.043016657
35315,0.10644278
98912,0.11156708
77190,0.09319521
41199,0.39511102
3580,0.03478487
66077,0.032026652
8861,0.01600386
43584,0.37995496
36865,0.3151348
23376,0.058987036
124538,0.030987278
398,0.058481246
23482,0.011047595
40782,0.01572121
111572,0.012861096
56898,0.012577029
102125,0.15757062
41364,0.057583522
101448,0.012029341
2413,0.058947835
144580,0.016259406
72975,0.12199969
32472,0.016878508
147380,0.028820287
79650,0.047057834
72924,0.03178651
27035,0.011205497
50999,0.012470418
11257,0.060912725
6247,0.020836016
103077,0.13453993
134680,0.031282548
13341,0.03424177
114478,0.015004575
89664,0.14242105
102823,0.0092463
142973,0.010172744
1552,0.02618138
41605,0.01263905
33513,0.66715044
82585,0.013191078
29447,0.10324359
79408,0.016354682
4602,0.022403652
79604,0.6329623
96897,0.019516932
94044,0.31036416
139324,0.008173695
141273,0.014894044
35351,0.013388308
148803,0.34969658
77377,0.023027318
125225,0.24574581
31362,0.06316505
70893,0.0133917155
131365,0.014182049
132139,0.572114
75756,0.010863149
58336,0.053002782
136421,0.034368135
138536,0.10133179
141362,0.012876428
92099,0.019431414
84749,0.046672653
82214,0.049412392
87451,0.008420547
60893,0.028753158
132625,0.10089034
90093,0.008537761
34871,0.08281142
3450,0.02867284
99982,0.01160884
22575,0.009903537
57626,0.03465429
40409,0.006277358
131603,0.014517299
57604,0.11382238
77253,0.15361913
58801,0.10167048
14601,0.01254309
28888,0.022958847
3690,0.026886461
115669,0.009357446
974,0.02674279
89475,0.100833915
143647,0.08251376
114383,0.0099667255
109596,0.08202198
20860,0.020300653
147509,0.017293068
108742,0.015258813
22710,0.12083178
103628,0.07235078
44795,0.014544079
112380,0.011989065
58195,0.30951753
19098,0.012240232
100500,0.016842434
125485,0.08053883
430,0.0074355872
13101,0.12825146
73906,0.083759926
7849,0.01122962
32786,0.006968542
30523,0.010238334
33790,0.0065257014
133706,0.04794046
123345,0.0077539743
64041,0.031291466
26821,0.0136500215
90106,0.14083795
12674,0.020607453
120063,0.0118975425
126886,0.094713
116234,0.04592282
35321,0.018362593
36293,0.008749089
69054,0.01303507
39481,0.034036115
62190,0.0117815845
19025,0.032554854
72720,0.5229177
76651,0.09560132
29960,0.013722403
32642,0.014652002
98698,0.022123236
144037,0.41119877
128978,0.34170067
105262,0.041865483
117898,0.06922774
118166,0.10295848
15577,0.013367009
5688,0.059647482
38013,0.006619229
27997,0.33451468
50762,0.033551775
78130,0.19055614
13092,0.04485261
148525,0.07030234
71278,0.16123441
76117,0.0079167085
70573,0.009435616
75651,0.0256686
54082,0.22642632
34696,0.008638826
72531,0.01422246
138195,0.068091854
41542,0.010157915
92587,0.013922599
29154,0.037647996
54703,0.07236342
3025,0.05448252
62939,0.016346322
34687,0.018848957
81273,0.05595084
21564,0.007503216
138035,0.013216676
125048,0.011018672
129680,0.016114376
3755,0.015129058
115418,0.019958567
80802,0.0135110635
6085,0.025625806
146773,0.014442761
68050,0.023376381
45177,0.024022432
734,0.048790656
39243,0.07344568
143825,0.56153333
56203,0.017724141
5298,0.24859475
13790,0.05080868
68320,0.05777234
130124,0.024385862
77278,0.08561921
68277,0.007830894
116050,0.023612894
28755,0.082214884
47260,0.22773728
143432,0.01836818
46804,0.021916615
45493,0.1122757
16963,0.03209136
21621,0.042211756
47110,0.027627107
129876,0.007067535
41814,0.084535256
56113,0.032919437
145828,0.009889759
136501,0.011268576
33968,0.12662691
16991,0.010852727
25861,0.3822333
86412,0.08178257
105571,0.03417103
145537,0.012305317
48770,0.094757184
85179,0.0053741434
106359,0.010029555
108377,0.005941131
132114,0.010884022
126111,0.06311931
99136,0.014236425
112835,0.0459114
71368,0.0072424016
9067,0.124335945
110864,0.00735678
81009,0.018749224
98462,0.22428237
52080,0.026111323
23241,0.07388019
9006,0.06606908
122664,0.6358326
61896,0.019649763
79577,0.009966984
113324,0.007836887
90794,0.10131709
42508,0.4376335
136819,0.6085092
10931,0.07190848
134257,0.015101609
53993,0.013428489
139091,0.15393963
47068,0.015654918
26014,0.017160304
57580,0.007239837
47189,0.044455256
90550,0.059297692
10094,0.10511457
70379,0.010992799
5268,0.103387095
129428,0.042011082
107995,0.06389762
19639,0.023151997
70813,0.011841704
120572,0.45058444
31621,0.010012423
58297,0.0065055364
142338,0.23690861
118823,0.014639836
77668,0.0066789235
27596,0.0121460715
143151,0.5271626
29944,0.013660824
53851,0.6016425
112027,0.03427518
130270,0.011071032
6128,0.026873596
43936,0.009002332
35048,0.00609465
109,0.057546552
42504,0.0171887
4945,0.012650009
75580,0.1454567
101394,0.009168055
99307,0.011441335
144758,0.013461941
60878,0.09493471
72475,0.19866097
105631,0.010769927
7064,0.01618089
125977,0.02237374
1068,0.008570996
99338,0.012923168
5634,0.011606881
140211,0.093023606
94096,0.11026066
108965,0.045435447
634,0.014668521
7023,0.32597652
90234,0.01789877
60015,0.31348208
72180,0.09339986
122337,0.022900593
79311,0.0141705675
81319,0.007248963
135575,0.05072995
60639,0.19170354
141489,0.01118024
77211,0.045951165
60024,0.013352937
135887,0.09943306
85022,0.010440726
56670,0.008755881
142221,0.054611366
83989,0.010910203
20789,0.07766196
132438,0.040568534
22391,0.02223498
11037,0.0060253064
86107,0.037990168
66233,0.024036733
119458,0.012943963
81866,0.017055066
147532,0.5633625
145724,0.01575918
107456,0.011266875
114918,0.022796497
41668,0.008398749
98902,0.057712417
77404,0.03459433
106689,0.18436505
130154,0.018410275
26101,0.037040357
45483,0.021814013
50544,0.010757852
27446,0.025985796
75025,0.028197903
8719,0.007070601
128425,0.020398669
29120,0.011466056
109156,0.42448702
85922,0.005777082
32728,0.014880095
146675,0.045143463
74467,0.07900317
142448,0.02994403
79508,0.063783914
104624,0.05152355
33390,0.027015368
93578,0.016149767
119004,0.048166405
40722,0.013045957
124708,0.0068172906
48121,0.011074761
52182,0.024931176
45344,0.094304085
142994,0.07017812
13133,0.0088811675
111584,0.012462874
1908,0.01789976
73202,0.040534973
127500,0.022831267
54895,0.0735973
98664,0.010958817
116191,0.022286166
146862,0.018789576
60141,0.008841754
105359,0.03780236
12409,0.01367233
111170,0.017477259
95155,0.048279118
104950,0.03800525
29818,0.011767701
36647,0.009064794
60777,0.02093233
97696,0.0135244485
10633,0.013141614
40022,0.025251273
126517,0.017615542
139575,0.0106520085
32194,0.0085103335
35503,0.04986012
4117,0.0065945275
138888,0.006405372
132043,0.07086746
6033,0.01003746
86919,0.0888759
67822,0.030321011
35930,0.09351035
82149,0.014479193
62907,0.51613533
98281,0.01435558
125124,0.030802421
84078,0.13695838
129324,0.009228059
81757,0.005950254
52180,0.0077617
69848,0.014970553
97018,0.0070155645
121050,0.36043417
90130,0.04731988
10959,0.0071507264
135059,0.014087317
125037,0.08033996
78885,0.07102753
9295,0.19866267
64631,0.021686954
7162,0.014958654
77011,0.008613214
28397,0.006660181
100746,0.019136097
116632,0.042987652
68545,0.04460226
27179,0.032121655
81930,0.087565795
51803,0.011385284
14482,0.103496626
52717,0.013956904
31594,0.08577591
137477,0.05227713
105994,0.03320707
64275,0.008097046
82910,0.20207709
107243,0.28839436
132570,0.010786943
3342,0.014253372
19565,0.1373754
124334,0.022522712
104048,0.010719223
6267,0.041956317
90276,0.006085725
28414,0.018232906
3631,0.28296128
141339,0.05856042
118675,0.0076650805
104385,0.012098955
56875,0.15795822
14607,0.024786038
69906,0.021924263
25104,0.385573
48939,0.015422366
33815,0.26907426
61140,0.010840705
78283,0.02289105
114772,0.011276766
623,0.07656993
127625,0.009801715
22674,0.03502825
11050,0.010120031
101664,0.032067776
19292,0.099676445
5549,0.11385682
41835,0.075960234
99816,0.008220129
149973,0.013005785
83534,0.012244712
44814,0.044964742
125934,0.009373032
57379,0.1927573
60992,0.14414324
73242,0.013258938
66212,0.0074676806
138861,0.01181243
55390,0.08897029
98811,0.010096708
127957,0.017920684
6499,0.007150476
109851,0.2019325
62161,0.0078086853
54723,0.01827434
127802,0.016214475
27325,0.20345785
3803,0.0203582
39281,0.008643676
65789,0.010442735
132259,0.09601477
112718,0.0145234335
127342,0.34168404
106781,0.10790801
103784,0.014852733
110140,0.007059519
40532,0.016044738
93262,0.043175787
123754,0.013248848
16892,0.07603594
61011,0.10505209
17722,0.012607658
114492,0.026788464
101661,0.011041835
1066,0.0839343
15381,0.03339044
91617,0.022320695
71611,0.009983099
118711,0.008946643
8529,0.035428282
68539,0.008407832
83254,0.019604782
9408,0.027655538
66990,0.03200381
16584,0.008809877
68534,0.016149016
124635,0.03462836
36566,0.014376153
108771,0.018838312
126363,0.065823026
74346,0.05091265
51242,0.013133904
129826,0.013347491
44078,0.013439093
102636,0.0701697
135068,0.05336551
90912,0.019718068
16830,0.015215377
115089,0.02608019
89944,0.6674257
148478,0.5250335
139179,0.0065313606
97962,0.06552612
28667,0.010435622
4163,0.04685634
100652,0.044965643
67530,0.028404763
59347,0.016829174
69016,0.00711791
36783,0.012243184
70183,0.008122799
109258,0.055730913
22652,0.0067878063
70354,0.039404843
93930,0.0126319
81041,0.09493163
114923,0.07182938
7209,0.010838935
23208,0.015012993
93933,0.0077321203
51409,0.07707517
8163,0.01807317
102188,0.017661266
48857,0.04624848
133158,0.026612118
132754,0.19222578
86974,0.020971827
149000,0.0115074385
36319,0.007683338
109598,0.22138779
28875,0.007899728
58977,0.013879217
5921,0.009588069
38161,0.1190169
83807,0.12097999
36468,0.2939527
109135,0.011156401
86399,0.01196027
141486,0.14085874
144744,0.28425375
107913,0.014297503
120288,0.17360811
75326,0.016691707
108091,0.019051723
48337,0.14617258
31835,0.043636642
87602,0.018530149
100399,0.047971245
93222,0.06459688
42582,0.0071143387
6215,0.010349411
103163,0.008193275
87486,0.012465892
12773,0.08133251
969,0.10592489
1536,0.12733671
51288,0.008456032
31927,0.08410717
51607,0.016146418
47340,0.017299447
21417,0.22661561
104225,0.15417093
129859,0.016232831
87298,0.0109949615
84250,0.019729538
75106,0.068557724
104121,0.28305972
2244,0.01552697
88520,0.045397826
149439,0.07902979
36465,0.04762446
73681,0.018886141
120754,0.037726197
101598,0.008653193
141538,0.006121252
91881,0.07517839
135281,0.009750882
88757,0.016168734
81612,0.016606394
88262,0.07592561
14374,0.046490263
55937,0.48051247
39646,0.015420823
60166,0.016512759
125428,0.01548039
78211,0.03821721
57259,0.018995645
42670,0.009277397
108267,0.17071903
38427,0.009718301
113717,0.31995752
60932,0.021660171
75303,0.060031805
119519,0.024050234
131391,0.39255917
148388,0.013788547
110735,0.2414898
125903,0.014084608
41737,0.011339128
147998,0.03400991
149286,0.08321598
87026,0.14382108
97299,0.049129963
7117,0.024115898
112641,0.01122465
13032,0.034853086
124549,0.012166365
69673,0.04465627
3432,0.03332783
13226,0.15963395
26211,0.10810164
48572,0.10798056
64065,0.019336522
62379,0.08283824
9592,0.016267957
134255,0.01328349
44816,0.11441011
19242,0.013317451
74163,0.013620388
133748,0.019112153
83966,0.10863352
8829,0.024994005
45999,0.051254213
132858,0.0629504
47503,0.007685909
11281,0.1498102
135407,0.020732012
144764,0.15188533
37044,0.05791446
27631,0.0181583
49235,0.20150699
54692,0.020484326
138673,0.012527779
146497,0.12073
146811,0.012480892
82612,0.06601452
118154,0.04348835
64197,0.011870346
7858,0.010545717
117677,0.00989476
73016,0.0077199875
111251,0.011531834
74956,0.008526237
56193,0.16750926
111398,0.009164291
123800,0.0128228925
51145,0.016351806
19163,0.010068606
127661,0.013637785
103645,0.008153981
113252,0.011107569
142901,0.0064630825
135136,0.031014744
1324,0.014455949
21848,0.006136661
647,0.03548377
23907,0.1276981
69989,0.141053
113207,0.013953211
116331,0.09486266
22717,0.009906811
18051,0.24338862
95002,0.011707428
60285,0.012455202
42389,0.06451252
85444,0.016818117
74282,0.009799558
106666,0.014803054
143767,0.006836998
94907,0.099523894
97683,0.023838872
84210,0.00933287
20628,0.03258591
128160,0.51887083
69415,0.011689297
101311,0.01948725
54194,0.009780246
42816,0.013399505
79320,0.30327386
40047,0.041324764
28515,0.013918266
1146,0.06894158
76207,0.014912001
17246,0.011692878
96724,0.03794532
49216,0.016182953
116080,0.08482437
80313,0.031910338
119108,0.503951
124627,0.0072801537
93406,0.053655714
110767,0.01147362
60040,0.03283252
117154,0.10395853
37019,0.011725842
90623,0.11905376
114942,0.008354127
65406,0.060990855
14985,0.017421927
679,0.026026802
27880,0.05697699
38551,0.025593273
44109,0.053369425
119240,0.043481976
96791,0.47096097
127225,0.01347926
20156,0.0894815
17729,0.012622133
6479,0.034215488
46104,0.37118176
35053,0.033846397
68476,0.008566058
56355,0.01464697
78147,0.16923998
114662,0.01106093
9889,0.030117257
141952,0.6473814
101249,0.011567212
46067,0.052249756
66200,0.010640617
130793,0.021434857
21255,0.015070598
146250,0.05552672
69370,0.00644795
13559,0.011439765
59774,0.025635364
62854,0.08064499
146987,0.017310321
123764,0.012872185
134143,0.031332087
133,0.0146275135
30890,0.06512338
85042,0.013584955
114212,0.058442388
32630,0.091419645
130293,0.014706011
104047,0.07636367
139306,0.037258726
97581,0.019070677
34832,0.010727164
3107,0.011367833
144647,0.0074404273
131106,0.011649799
40835,0.11065375
118652,0.100730605
129757,0.038803875
108242,0.49622914
8636,0.030382412
115544,0.0072827423
146709,0.028191919
43025,0.032957196
6225,0.01390419
120458,0.16273466
106589,0.09618623
118939,0.054622516
46197,0.045653313
132368,0.008728061
16016,0.059551965
135654,0.08583263
89965,0.0060504633
140056,0.025142288
31083,0.20833252
261,0.006692024
77239,0.009700499
108877,0.0059695765
35725,0.011073022
45655,0.05377968
39729,0.14930177
94103,0.028765641
145841,0.17825817
65043,0.025079014
142922,0.02292645
144439,0.113931626
146784,0.08793958
83907,0.039628755
1061,0.005724083
58247,0.04034699
36211,0.0056099542
628,0.08018502
67016,0.0070237177
63174,0.011084944
71741,0.012264007
105350,0.033258118
106192,0.06013266
129233,0.010175967
132284,0.014446529
1802,0.009768712
133157,0.04620666
110107,0.5849898
15125,0.007868357
14359,0.22825693
41766,0.07049365
138730,0.02147313
133650,0.053277798
14307,0.0066515487
45936,0.28493854
11482,0.017948896
29611,0.019068172
127219,0.024375996
47196,0.08819982
117690,0.03093818
123170,0.009073493
61539,0.042197395
101753,0.04416958
94335,0.060291473
60029,0.024424806
51782,0.4353488
52683,0.37673753
6968,0.20060146
100051,0.09088308
117455,0.028343063
789,0.016221946
87548,0.057411384
36560,0.020192469
97575,0.14146024
41941,0.35105965
130152,0.012479799
121323,0.014450549
88395,0.013250319
79011,0.032845445
39746,0.063512586
46805,0.009403054
17213,0.03204606
94893,0.014739087
6518,0.05139184
61206,0.6128164
103259,0.019499952
110932,0.06553958
35414,0.013719643
653,0.018709263
149787,0.0059379246
22793,0.13172679
126954,0.4542161
64005,0.008182715
124985,0.008245229
800,0.022674542
117152,0.08125217
90545,0.0233311
57791,0.050484013
136089,0.013304099
122464,0.010745432
146361,0.495725
142519,0.035051256
138633,0.03702506
50031,0.0075951046
146425,0.0192469
113440,0.015273166
78068,0.14492679
109488,0.3267878
88338,0.12159683
12682,0.028429462
125123,0.013228765
98623,0.03958141
27531,0.006835777
12855,0.0159932
93005,0.014939246
84192,0.3136031
112707,0.04461534
12588,0.12637676
110199,0.04153784
54657,0.0071906555
38310,0.032030255
149485,0.009102366
137534,0.020743724
71063,0.010501798
121271,0.013649907
120905,0.0062789046
96544,0.038551237
140293,0.008020639
105412,0.09878339
14187,0.0076901177
53310,0.74384046
90640,0.009472698
90942,0.011567419
37337,0.010465708
34830,0.01880107
33381,0.013545949
74971,0.2279079
75924,0.009490607
143381,0.30939353
45491,0.007459436
137376,0.01382903
18008,0.01863527
66955,0.0056923702
109683,0.11385915
93416,0.036410794
106235,0.07141929
130644,0.011552458
95486,0.08625577
47152,0.011336825
27434,0.019205369
90723,0.0143061
37093,0.00956705
15517,0.02512617
41862,0.006851258
63870,0.006642642
44785,0.009472363
49700,0.009835455
107392,0.37204272
94484,0.2770102
111718,0.026368394
64780,0.053632744
63222,0.026838241
141939,0.010588112
85676,0.14515269
126464,0.012903912
85099,0.013815458
13230,0.19292545
43901,0.009125146
35000,0.03691314
85032,0.11447881
108406,0.010638142
65106,0.10770153
36742,0.5535042
70548,0.05777374
145765,0.015160595
125180,0.008365084
73081,0.010537928
89900,0.009153317
59592,0.047332436
3054,0.044868007
47497,0.048942074
90224,0.033367977
116402,0.06814779
78907,0.084299214
25261,0.01612541
35683,0.058152378
3116,0.0069437358
7833,0.025514558
113864,0.013622303
103880,0.31232908
109710,0.14413048
16410,0.24677934
109933,0.006916364
29274,0.025338687
19708,0.05292657
141663,0.29574054
43554,0.014983075
78625,0.0938019
128073,0.008901593
61050,0.014532274
34311,0.02821598
101610,0.014331627
137254,0.011950052
39956,0.0077122073
145184,0.014449
42070,0.01634311
49107,0.56118196
37454,0.022801483
9084,0.06755925
24328,0.016658211
85750,0.011637556
63546,0.013710398
90599,0.006378171
68415,0.042078134
141744,0.01265004
106139,0.013096189
137025,0.08103768
37566,0.6540811
81499,0.04030127
91866,0.011927481
133606,0.03398204
43867,0.15448307
78226,0.089382775
129183,0.05832913
104151,0.6732748
51211,0.03555178
39982,0.014815897
137936,0.019211987
62440,0.08596448
110018,0.008381618
67072,0.04304222
144608,0.08304252
6731,0.3345211
113287,0.017962357
87244,0.012811935
119732,0.026186783
10656,0.012988347
67545,0.008802722
141951,0.009237079
141710,0.01915431
38067,0.020432234
34475,0.11352545
66102,0.03703124
38938,0.0063074306
1479,0.093670085
102941,0.38693413
147095,0.015361187
138260,0.044902034
7674,0.0137216095
123130,0.008954604
25694,0.013169173
18847,0.009196148
81798,0.041747756
28128,0.06462486
89477,0.007870616
73526,0.028480884
80205,0.0082473345
86466,0.0082529215
67478,0.02154939
119676,0.5035253
114915,0.20895061
4107,0.08505859
53165,0.017961962
24255,0.009810901
17081,0.0070899604
108128,0.03171125
13750,0.12658538
55932,0.0075527723
96427,0.022912908
66581,0.012252194
137449,0.061082404
56185,0.55963194
5518,0.10320864
129530,0.044623997
147941,0.040422596
45319,0.010543354
116454,0.102674924
102482,0.012633755
7910,0.010904169
132339,0.0072912313
32535,0.014170654
53022,0.007409857
84659,0.27034116
99499,0.00747077
13431,0.0066807494
91320,0.022463262
55872,0.1768684
68100,0.0148785915
5075,0.011365972
127073,0.0065668277
123245,0.087970965
31692,0.053013276
100714,0.017381763
88719,0.03870471
1949,0.054312013
41660,0.013394853
71734,0.31760606
109051,0.014024204
33353,0.011703991
122559,0.0066079106
23614,0.02630732
139591,0.11420998
36018,0.118299045
115378,0.033890843
122126,0.011113677
93233,0.039675515
147845,0.0075764484
26244,0.013082606
42192,0.07426006
127788,0.017322192
87821,0.016726358
30665,0.08796932
66545,0.010276078
121771,0.29288477
20175,0.008623017
31407,0.6812413
126197,0.014282794
149747,0.011070448
70064,0.0062067755
17686,0.029627915
137015,0.023011552
104052,0.031058328
90102,0.053603936
72573,0.010598868
91781,0.04580369
1368,0.012328579
30642,0.045221683
108269,0.103090346
78166,0.041593775
72628,0.014063951
72664,0.3747623
89323,0.0059886156
26343,0.008267019
139396,0.009368574
43977,0.22320274
107623,0.06743023
143037,0.10002006
102048,0.0073539773
16590,0.008714724
82776,0.13219897
38148,0.055249367
124909,0.007971937
94362,0.040073574
139994,0.013887235
9008,0.01374817
97444,0.14163022
134801,0.0092423605
34005,0.010806612
74760,0.011022893
35488,0.0076723415
137890,0.3319651
63119,0.023197442
129820,0.018516652
93439,0.018909097
116334,0.007957891
13726,0.015436129
53850,0.030833999
92690,0.034405082
7439,0.0116433
13762,0.03958771
121149,0.7395814
65268,0.024103006
128828,0.012310941
70459,0.14914493
7151,0.36307248
147132,0.013984415
32715,0.02560066
4918,0.007937578
53107,0.0152058415
4734,0.012792994
138535,0.017578991
52326,0.006903011
91184,0.011952051
90885,0.010827454
65991,0.031110266
53514,0.044186514
72113,0.07195314
105320,0.013710276
87502,0.007287363
57202,0.008276657
96649,0.008912445
74010,0.22676787
81645,0.009088851
2540,0.032429192
46723,0.07172514
65372,0.020744126
125899,0.0073534073
81456,0.1046076
90700,0.24807422
124410,0.026186747
29644,0.018027872
38796,0.0068812477
63294,0.09574831
43080,0.12747346
2419,0.015615897
135113,0.090448335
148315,0.008203204
146980,0.06998882
109024,0.010784745
141599,0.009496028
130613,0.029642312
103041,0.007902247
128490,0.17134531
47162,0.009411873
119525,0.16887254
23508,0.0172477
10124,0.10387022
81038,0.04231519
17789,0.0076375715
146474,0.017470317
142736,0.56528455
54735,0.021536052
64983,0.0077639227
38994,0.0070000654
92176,0.008879312
2198,0.07748276
59594,0.030504562
116490,0.008474875
12924,0.052236903
95477,0.6672037
130229,0.010435613
63475,0.028631788
97983,0.036796402
105906,0.030682525
6226,0.20005308
93618,0.012926245
36826,0.007797141
143107,0.07728808
10891,0.006086028
5396,0.028663859
128111,0.089027084
53948,0.0075547486
123514,0.010736652
70897,0.099438444
97842,0.07959972
73748,0.019441107
76100,0.13581856
145772,0.023208769
143449,0.009604026
117246,0.011779486
93093,0.09808732
103293,0.026918385
80662,0.04834559
121605,0.01013035
105542,0.009780865
2554,0.019375373
52721,0.078146085
100088,0.03584608
65761,0.028456261
127574,0.032467026
81840,0.007744137
36871,0.09649309
120143,0.2151875
80809,0.09154125
78415,0.08123528
78547,0.0091795055
1730,0.2953512
146644,0.013835702
130502,0.012706649
130703,0.0874355
100990,0.015837934
140022,0.05792559
140562,0.10463558
68996,0.0131612625
37094,0.020919029
55899,0.006017775
81638,0.012344057
100850,0.015200844
71448,0.013328033
134989,0.016669901
109979,0.017970383
8642,0.17208908
102913,0.0368039
29677,0.027860593
84599,0.012350756
115829,0.012541548
36109,0.008432228
35602,0.014128104
46634,0.013448459
123546,0.30184913
99563,0.024117412
95689,0.031043278
146053,0.01388391
57646,0.030835422
122294,0.04026786
122064,0.014140258
62849,0.013003618
139375,0.014061822
141281,0.27615818
30706,0.011450237
72795,0.011705525
11194,0.3844757
114934,0.020539833
138956,0.007934837
86745,0.10124843
7855,0.013458705
21689,0.15552936
53676,0.0169181
35298,0.06645569
1192,0.010844017
34065,0.58547205
122433,0.1483381
80916,0.23913203
133249,0.10917699
39919,0.07425554
15644,0.04536214
14813,0.014888974
81188,0.0284306
134373,0.006178504
139094,0.0083312895
119886,0.011985089
65528,0.19301781
144028,0.0070764385
71322,0.014523522
104162,0.012346807
42215,0.14324623
86889,0.00895876
37398,0.012899011
93886,0.055553507
141656,0.04742248
73462,0.0077249934
71078,0.0075944145
21185,0.015825164
14322,0.011790954
6406,0.017819198
24617,0.13004827
145863,0.0069759637
100189,0.0056286077
116741,0.01036102
25904,0.009368808
105687,0.40147445
68826,0.09558675
129234,0.024825562
133344,0.23807779
122334,0.045727506
91793,0.00698379
4848,0.04660876
27732,0.012233454
39853,0.007563342
140186,0.24287052
40747,0.47206488
120213,0.10551304
106934,0.015285885
38566,0.008750052
143208,0.02021825
133886,0.006520287
2978,0.028136168
29565,0.052874368
84186,0.01164747
46178,0.007274828
3850,0.012977751
117632,0.029525671
124247,0.09931888
109019,0.07169587
122550,0.006838095
44615,0.04903538
62996,0.08728552
98052,0.25509515
142982,0.04660831
120094,0.034839496
102440,0.09150481
26230,0.08125783
79341,0.033054486
130380,0.17591107
65727,0.032554682
96805,0.22919889
55919,0.006971902
30645,0.016246872
104032,0.023544876
30654,0.011597685
32305,0.01173681
112149,0.028355075
113424,0.041813392
120282,0.012720882
80444,0.06594822
30500,0.024689496
69198,0.09255018
120555,0.007197126
77863,0.05111093
143773,0.006606593
35223,0.031807493
75732,0.0061362656
120366,0.04632406
101294,0.15780313
93043,0.3751372
28933,0.012482968
23821,0.12753475
144889,0.006167703
127785,0.06838877
106236,0.008666472
108750,0.22391078
1190,0.012295145
44525,0.08691898
85665,0.062935926
135622,0.019118099
4334,0.011775823
15735,0.09807133
117558,0.008771063
57904,0.01849021
141543,0.023183752
18265,0.012388988
2024,0.018875986
107600,0.13896245
86676,0.016114188
111989,0.022661451
145817,0.007038919
122187,0.013699474
89344,0.08959991
67039,0.55832464
38599,0.05253048
94908,0.00949483
84384,0.022807518
20204,0.04918497
5926,0.29190975
52286,0.016705135
31290,0.014769961
128394,0.045164485
77576,0.010869324
106612,0.007279806
148144,0.24921894
52878,0.013625071
87223,0.013218921
33394,0.06723298
87859,0.10890023
96838,0.011618786
129595,0.07814404
94631,0.41746673
140713,0.04935998
91537,0.61011
70260,0.24257617
121345,0.007400926
30244,0.10063443
99030,0.012463878
43261,0.010658899
22472,0.012699203
102247,0.06164866
59478,0.12984145
31037,0.13907315
109480,0.009033801
105531,0.007309674
87979,0.00863212
56431,0.010553585
25199,0.044211995
69472,0.0064655477
18496,0.054866727
117087,0.03179053
6716,0.08096736
91110,0.058489427
17838,0.0054116356
67466,0.017508326
6752,0.0131161595
34868,0.013780613
69027,0.03332207
119330,0.13127522
119390,0.009410887
12553,0.17312169
101500,0.01867311
143749,0.011949191
55370,0.058639213
30434,0.07801447
56539,0.11264635
69964,0.008707531
43777,0.014334403
96473,0.14477006
95779,0.011195558
138019,0.010146094
9107,0.06279936
108155,0.006368662
49134,0.018743243
102752,0.011881448
116563,0.02187469
126462,0.00686096
27170,0.007364811
66914,0.19993934
81274,0.013597414
90996,0.14247003
41040,0.11661192
5449,0.080649585
40888,0.24697234
11132,0.24169096
59252,0.015442738
92419,0.014022581
87990,0.03214261
81253,0.021342993
4780,0.07062469
34653,0.019166602
29890,0.016023792
10907,0.006774302
133345,0.012410179
13363,0.008094094
82621,0.020852458
123236,0.01331207
86565,0.01113814
112965,0.010038181
109523,0.011240988
111098,0.010829961
41943,0.6334051
26322,0.02671793
93452,0.0116742505
29612,0.010256591
20690,0.20507453
102563,0.010941693
147764,0.008728068
142153,0.011888167
50759,0.02357212
68159,0.022676136
149099,0.1814337
131561,0.0344492
104408,0.2681257
10375,0.024151737
112682,0.3408156
64129,0.006589079
111543,0.017694354
111792,0.07991648
60195,0.33814523
140644,0.0063220942
10966,0.11906317
118320,0.037246652
23525,0.040943295
97693,0.011465273
90335,0.0146096
83773,0.0071454514
43215,0.0059680995
69079,0.07895114
5686,0.009122482
40183,0.01295428
140157,0.027776686
132473,0.14257708
92653,0.012415884
19994,0.027965305
125468,0.043145657
14639,0.045442585
123012,0.03043967
96477,0.008067206
29033,0.011149438
74285,0.11925802
5086,0.014346075
1501,0.019909719
89554,0.0066226884
147149,0.017218264
84023,0.017844208
67777,0.5109481
46652,0.007926126
95188,0.07566629
19358,0.11193945
43377,0.11500038
119482,0.009626367
11736,0.08779084
117159,0.31096184
101137,0.024435641
34310,0.013293956
18594,0.07170635
19130,0.020086125
125740,0.08418178
40971,0.13214079
46903,0.044085067
104013,0.02262019
145889,0.020768495
13959,0.012333318
55087,0.04075598
115302,0.03869499
34203,0.25559223
125451,0.011982199
62666,0.011554619
61333,0.013245713
61300,0.0071064276
71159,0.26338667
81545,0.13243657
24501,0.024583787
72933,0.044456534
32485,0.023416488
109048,0.04906617
46509,0.088583015
95411,0.009966415
144356,0.009452416
28269,0.082626946
130535,0.010862908
18144,0.016808374
144950,0.0073318346
116668,0.00970244
135830,0.31396064
85801,0.16948737
117387,0.010357335
102690,0.011851367
62489,0.21556365
120835,0.09143523
35493,0.020143414
1231,0.0195406
73739,0.012640728
29855,0.0114375325
146559,0.013375866
49822,0.041163474
117966,0.03651978
11370,0.0086877765
86829,0.005885481
126652,0.019586917
63675,0.30044177
37831,0.036494788
102617,0.009695237
99835,0.013846168
38185,0.006305876
29520,0.08994119
143529,0.0514728
57756,0.07423132
28585,0.10739754
66394,0.02773254
81536,0.009932386
129892,0.007463896
38688,0.08485347
138473,0.011766586
78509,0.011828705
67818,0.008921387
76736,0.009933604
51127,0.048413754
54340,0.009546261
76814,0.30555475
32837,0.012580737
47837,0.008408826
22831,0.010434873
107308,0.09471306
96022,0.008022901
138037,0.013160265
42760,0.01208587
14764,0.059246454
29012,0.09190662
40453,0.023076136
53871,0.008414302
85837,0.09532514
31451,0.56103396
108830,0.006929425
66735,0.011908478
64371,0.012844271
94048,0.013772069
3142,0.013759729
92701,0.012159977
64358,0.011446546
60381,0.120558
140318,0.0709214
77922,0.014766471
59090,0.7067116
2195,0.23434159
87564,0.07012919
19902,0.60915226
44689,0.06344573
3282,0.38360426
141253,0.07963243
4288,0.02206698
40393,0.031243505
133402,0.0077095036
18469,0.08389735
22424,0.022983847
6383,0.02410383
115158,0.014131558
17984,0.007268769
122009,0.006222345
18345,0.011997823
29373,0.02428792
39417,0.42724082
49774,0.06941628
119970,0.015820656
83126,0.01581768
7182,0.02064327
51853,0.27704278
88217,0.011256877
88090,0.057177726
78803,0.012764895
126801,0.03476529
10852,0.016354874
128033,0.09429706
91146,0.008973285
29119,0.042454556
76081,0.24099979
140825,0.012159621
3109,0.015555846
145214,0.011397441
81303,0.014323836
69796,0.010093035
16569,0.013607888
31816,0.30394462
22824,0.033679184
87809,0.013462777
11189,0.03628601
72188,0.011760307
149252,0.018300293
94516,0.011156311
12096,0.022919308
133360,0.020183606
13283,0.020007653
128818,0.02004457
1706,0.034182765
122862,0.010392085
21410,0.05560478
35681,0.04362048
111900,0.0065589244
60091,0.01007812
38115,0.027147913
47139,0.007946353
93975,0.04901876
95538,0.015649451
25763,0.087397516
132428,0.0065858117
88492,0.12545595
14746,0.014090715
15588,0.0077656633
130400,0.037641563
21934,0.0650423
130567,0.0084031895
106733,0.021139935
143622,0.19033863
7567,0.01557471
140129,0.12122791
46923,0.007776352
3537,0.039998718
69635,0.005432325
63640,0.00540101
34062,0.02053923
90422,0.00883743
138079,0.14879443
120494,0.036664337
133007,0.015132178
114054,0.008960983
76283,0.05191701
129912,0.013567739
75116,0.010679652
22184,0.056454133
78164,0.0076156585
33347,0.27037805
80371,0.0067265723
37927,0.024631504
56253,0.011603884
25360,0.05734035
34489,0.008946926
108862,0.014531161
28402,0.028661003
2566,0.031815328
148551,0.04758249
78540,0.05279384
4967,0.14181007
75926,0.05653198
40038,0.13751395
126659,0.0073695574
125076,0.2564272
118803,0.027808594
4822,0.017991731
148457,0.010578496
78114,0.016335469
139645,0.014457055
141327,0.087436184
132045,0.016135475
28202,0.018059524
40336,0.008960539
14213,0.106144086
142696,0.19912253
98361,0.0061880737
55332,0.006882128
54345,0.010904441
112660,0.20866412
74149,0.017815609
118307,0.22365455
12399,0.13344213
33642,0.08747198
53216,0.014766865
33550,0.015718479
143116,0.06203489
116764,0.013098586
127216,0.081095204
88390,0.015349586
111704,0.047580786
88763,0.018762216
16287,0.010787137
40952,0.008212598
103284,0.05583884
3349,0.006360945
146005,0.022505876
145032,0.00708994
96849,0.061083857
49079,0.022836747
76140,0.03072541
118761,0.009722455
146911,0.037860278
26999,0.032422103
10153,0.019975754
108354,0.28155985
88134,0.010553625
72141,0.54492766
38316,0.010953386
43278,0.08271311
24691,0.00951474
143207,0.016771229
125554,0.022277886
146530,0.009433589
45635,0.012071276
23941,0.043692086
24259,0.012014605
86502,0.0144289415
23493,0.06600204
55216,0.012057085
7766,0.01675877
118261,0.013920531
18693,0.011877054
106569,0.050784506
147325,0.12577683
86595,0.01758633
76992,0.013865127
115344,0.028839726
83795,0.0072116414
69382,0.07193405
133924,0.012804942
131177,0.013085335
140628,0.010454647
36984,0.011964469
80148,0.007657804
111263,0.014628786
5339,0.03333222
67634,0.3096181
131622,0.019599946
48829,0.063427754
84547,0.36526087
33046,0.12230112
142621,0.018762374
143410,0.44305778
24141,0.03675455
111245,0.011942736
78060,0.029523268
133916,0.076156296
56956,0.03535429
93284,0.21599491
74557,0.039884593
57140,0.11073969
60044,0.037506778
19879,0.081970684
37841,0.015234815
93758,0.06869199
125775,0.6379785
147049,0.013459098
148013,0.7729179
146045,0.7656653
21541,0.032623738
3309,0.013445151
35143,0.012262112
80022,0.02494418
95573,0.012357201
55237,0.007847212
142394,0.027514553
46242,0.028409708
81544,0.011794366
59176,0.071738824
78766,0.01645323
8859,0.011577587
123018,0.008814271
124893,0.013659218
90351,0.055726685
93726,0.00977814
16207,0.016132265
19511,0.062254038
89441,0.014850514
58156,0.00707545
62616,0.010770405
25554,0.5788187
15848,0.015031132
52892,0.0062816343
50440,0.05797258
70267,0.0120443
18170,0.07447425
91,0.011295916
102656,0.015166235
13679,0.010666087
2204,0.059099674
31346,0.018588012
76301,0.05604657
24643,0.014716427
64023,0.014670402
127474,0.01609477
67288,0.030719083
104038,0.012605967
71860,0.047332544
41795,0.054626096
16253,0.011443131
92828,0.008344312
108444,0.1048911
47762,0.006124502
126697,0.012807678
92177,0.006629418
120410,0.053078238
16954,0.07285375
137076,0.010311199
123579,0.014114236
50335,0.13309436
57423,0.011951674
4464,0.02080754
91350,0.05515706
113583,0.020319393
118746,0.03414764
121385,0.01320676
25973,0.14411315
72669,0.21370725
53576,0.4288025
60406,0.013059072
73300,0.008297407
27663,0.011369054
28355,0.10630166
88348,0.024069874
68661,0.11209182
58132,0.012772553
75395,0.7100914
100010,0.025530929
120202,0.0074974024
108572,0.021920746
22897,0.15955025
10378,0.04297342
5829,0.032441854
120146,0.007163359
72654,0.010745726
18660,0.01250947
115567,0.034921948
60357,0.014459433
140672,0.16050641
129759,0.012043954
829,0.026863508
117252,0.009431041
146421,0.7045158
118294,0.01289813
53885,0.027896592
131535,0.02085002
26757,0.026608992
85428,0.017863063
106112,0.13082363
124528,0.08486311
99254,0.037654
41394,0.011963442
59583,0.019062867
23211,0.097823896
97835,0.07627457
41482,0.022206152
142848,0.13325398
29719,0.020191496
64018,0.013788982
46783,0.010191905
126614,0.042105045
128664,0.019250074
145587,0.00876027
132635,0.42206246
112343,0.04598116
25031,0.02427254
108225,0.0072443527
20183,0.00788366
62078,0.15081446
81447,0.011204679
38752,0.007097692
35498,0.021803193
75056,0.008516193
87477,0.027197447
115766,0.0125208255
43266,0.017485384
98402,0.11547764
23057,0.08063445
48813,0.043018494
132032,0.0076435665
123198,0.45778582
139292,0.015124306
57666,0.13326108
29752,0.086186305
166,0.21307229
148659,0.025342215
70102,0.013222094
26455,0.09722717
82566,0.49560744
133708,0.06567337
142026,0.07518235
55406,0.02090986
62648,0.018717196
81288,0.009075958
20411,0.5394169
35752,0.056904256
133705,0.006835388
91947,0.036594357
106888,0.0082731005
44330,0.5080276
36418,0.031803638
149590,0.009243142
117686,0.012613281
10940,0.07881585
48148,0.025302896
55210,0.006947771
8938,0.03584608
50521,0.027555337
111376,0.01598335
9436,0.27327362
141956,0.09180579
39783,0.008047488
9853,0.012020765
104500,0.3809323
137200,0.012495
102651,0.08934849
87532,0.007037166
51618,0.06656463
33102,0.104918286
102743,0.018093396
73803,0.09086523
131271,0.007537707
91271,0.0179738
141512,0.0647961
65993,0.041080248
81887,0.007441639
5111,0.03614796
85572,0.06921322
140888,0.5796325
49221,0.120865926
46137,0.014474881
116617,0.012563979
27012,0.029829578
53424,0.012104468
44933,0.012180718
129583,0.01069177
129465,0.030914115
33707,0.008682886
96872,0.01888395
147421,0.18299566
65226,0.087795176
88331,0.017481893
142031,0.007814632
60573,0.06275916
29296,0.0153945135
86091,0.03889926
116843,0.011685253
83182,0.06653589
80763,0.52969795
82343,0.20884669
8583,0.0678356
92158,0.022601116
148726,0.019843929
12960,0.009062267
91819,0.04078939
85183,0.0062799794
22327,0.07303657
91515,0.0084246965
123635,0.073167436
107422,0.007074398
96886,0.05720462
8643,0.022631552
91837,0.06663537
5574,0.12714617
47684,0.0126382895
23085,0.082876466
68267,0.07019361
86583,0.21775393
48067,0.008792322
142652,0.0113826
58917,0.011083156
94664,0.1071577
129941,0.07065104
30635,0.34655136
95972,0.01844423
66243,0.33778226
143860,0.011399053
14588,0.13318531
148448,0.086432755
28254,0.20458227
63212,0.014733437
21489,0.013404826
1230,0.025573257
109736,0.011169901
95657,0.047552884
26584,0.11159309
3500,0.0670014
17736,0.50973475
94239,0.43832988
52992,0.012080663
81505,0.0115329055
114074,0.01086732
48174,0.06496581
121679,0.15371521
32519,0.010665741
48853,0.024600727
73743,0.006091378
83845,0.0151432315
91732,0.028905788
140964,0.012251964
10284,0.4727311
71935,0.05366102
124031,0.027944857
48143,0.038287982
127947,0.17508265
95561,0.016908944
123700,0.012850585
38676,0.22478911
110814,0.006809937
96514,0.31375918
52644,0.06168878
52083,0.2556128
93050,0.028368462
4474,0.01096288
6977,0.08172192
92586,0.009485458
2078,0.11012967
149732,0.010246599
41039,0.019292114
63978,0.03953744
8186,0.29054558
120357,0.79522926
130912,0.02240508
45271,0.012656551
14430,0.005678404
129327,0.008015159
142750,0.02006647
5431,0.0098796785
22785,0.009235189
66953,0.1213031
13259,0.04374614
43947,0.01023473
25233,0.0056444476
93793,0.052313857
127495,0.006067524
103137,0.018433698
113952,0.015660863
148927,0.022338055
127605,0.04458552
21334,0.009878158
122318,0.016670221
148212,0.012788237
105608,0.0140570365
129773,0.0436428
41274,0.012905126
147779,0.013491661
124156,0.03430161
9689,0.010717059
25446,0.06215226
27616,0.0077312277
2802,0.0214357
64430,0.007299457
136596,0.010232793
3821,0.019470353
109984,0.025057541
38227,0.016499236
122709,0.015202699
61462,0.017312981
132191,0.006925515
147656,0.008874768
141319,0.010654682
38123,0.04126301
127723,0.029402344
98369,0.022050641
17196,0.014289764
115412,0.19299787
70129,0.010931809
106769,0.063676536
83406,0.14691678
25533,0.17851956
12993,0.05800341
41516,0.331721
2316,0.011566155
33984,0.039718606
67989,0.1190403
98848,0.08124227
1708,0.07616761
30696,0.032013506
143421,0.009175208
13586,0.06951883
44527,0.008302769
141874,0.017430214
117273,0.012117635
111809,0.022740671
99151,0.020505313
35667,0.025618283
138433,0.025134528
51676,0.068544224
139180,0.019923117
117237,0.0119062
114687,0.11483242
24602,0.06736156
50823,0.08816367
129831,0.10446298
31531,0.0069132503
8698,0.011055626
25817,0.07248366
121710,0.008030797
95019,0.013326527
76131,0.026563684
80159,0.010593759
49254,0.00886103
111194,0.07112672
2034,0.012142857
137556,0.08196328
32006,0.010301827
95237,0.0063138558
53406,0.0065285
87068,0.048788268
55603,0.027993467
50348,0.096637964
81865,0.016165676
92642,0.0634597
57942,0.06087755
41562,0.19475096
83310,0.008734751
47477,0.015707025
93861,0.07960731
99511,0.010015844
10896,0.016149515
54616,0.1454131
114737,0.008416232
28761,0.048197556
140759,0.024252012
60741,0.14852089
7242,0.06653557
82044,0.019052379
135047,0.54503584
75075,0.021016126
126049,0.018724453
62470,0.05355797
141179,0.0107016
99931,0.010553605
89339,0.16488996
135229,0.13010183
56527,0.0081225075
142489,0.006260539
65219,0.08663107
54329,0.011506983
124509,0.06348496
141521,0.08427132
148405,0.013773947
7124,0.017933587
135164,0.18394203
24231,0.011903312
67146,0.034875263
57394,0.017571377
6360,0.0072572757
59814,0.089189224
89517,0.0639731
76422,0.033439502
53469,0.010267105
73782,0.06566202
94117,0.007902688
34934,0.006817417
135000,0.621825
136539,0.01208385
94242,0.048536833
83782,0.024998195
50763,0.008647133
24638,0.043025106
23334,0.013847569
135448,0.020720087
30246,0.012780775
33113,0.022229532
21975,0.010062685
130085,0.011580478
61833,0.04310063
54233,0.011566956
24832,0.108082466
76377,0.018909676
70406,0.009963799
26501,0.23402818
128465,0.022586996
8488,0.0066248253
88703,0.00698996
130617,0.31573913
130340,0.01370606
95797,0.03573571
38289,0.083993234
48161,0.031255234
74425,0.20428832
20778,0.04809429
2553,0.075241655
105762,0.013841364
35547,0.10186389
82032,0.073510244
105230,0.046387475
77431,0.010342858
64734,0.16140683
143424,0.0072343284
134696,0.1788977
97831,0.012888718
34244,0.03209047
27700,0.0073403833
126705,0.20245454
92263,0.008393103
46588,0.05850155
136806,0.0399827
11330,0.022346376
18524,0.09038828
16395,0.2515397
58030,0.6539508
40246,0.017053556
46695,0.08103235
125254,0.007018502
111802,0.10109293
33680,0.009728981
140133,0.011343651
35774,0.0387026
40795,0.043628424
91136,0.023514833
36361,0.18980199
110628,0.09451685
80928,0.010551524
52722,0.014574687
120944,0.06202152
51271,0.08601862
101535,0.011473025
113511,0.01326838
41751,0.05786697
84995,0.0070300954
60607,0.042730786
47292,0.011282722
82493,0.009973447
149504,0.05016248
42265,0.010068548
19553,0.038471915
121747,0.0070985486
33121,0.018023334
103995,0.29307613
16042,0.09888039
57438,0.010863953
35178,0.028025458
71550,0.12423318
134252,0.016919734
117667,0.24847707
3629,0.09941348
111769,0.009028702
88636,0.008847418
53407,0.01936151
23635,0.25274846
141835,0.04848862
68526,0.009102929
9959,0.013073663
4504,0.007837065
110744,0.0113973925
62973,0.011085723
129559,0.030106088
136453,0.009502076
140826,0.04925946
148519,0.010648415
83839,0.015547502
37578,0.0630957
13206,0.45363808
65971,0.012057374
15962,0.01356541
60410,0.09758439
149565,0.104240485
73534,0.037355572
26016,0.10370534
84807,0.018559972
19645,0.15047744
114088,0.07334719
120043,0.22949763
54578,0.03305513
37106,0.012474406
108085,0.007168763
71245,0.009411599
23538,0.04271746
46311,0.012297143
120325,0.05343453
33805,0.0954226
147987,0.007281811
127532,0.09955452
35376,0.080062196
31629,0.027075896
142020,0.010607057
62689,0.01318931
99234,0.0065027913
105102,0.014128636
128738,0.10825622
11681,0.0059660776
42754,0.013287122
96094,0.033622824
19317,0.09340743
122307,0.012986768
87851,0.32437328
45668,0.14165269
85944,0.01860301
19526,0.049348116
15808,0.05070092
24011,0.29518557
94714,0.47105125
82179,0.006377386
111595,0.012163356
69239,0.007254349
112406,0.029557481
53960,0.3001501
108458,0.0079307575
120851,0.04924602
101178,0.007241661
55289,0.010213898
63521,0.085838765
145371,0.010850578
102708,0.084354594
32307,0.015075616
26618,0.08903737
16472,0.011784676
30831,0.054767236
133551,0.009808488
144989,0.04659749
32866,0.014724926
30771,0.16620365
79707,0.24124789
54506,0.008261102
130465,0.027519995
126927,0.006889693
126710,0.50433546
56136,0.0063369186
127927,0.007396874
85809,0.0063800183
120304,0.013608426
135397,0.00757737
3224,0.006050237
40658,0.055048976
77202,0.01689556
52947,0.057450257
131697,0.055271987
111607,0.013002004
15479,0.007110355
8847,0.014697314
141169,0.0064449017
15523,0.0094402665
76002,0.05743397
127364,0.013875172
17858,0.010039209
40324,0.012955926
5618,0.0073472946
127377,0.02579404
119805,0.0273153
127570,0.21358645
147396,0.008038813
100510,0.3004944
119497,0.21388763
44622,0.01061712
129353,0.09613227
79386,0.05804513
71487,0.012088706
48851,0.012663072
112724,0.013103488
1471,0.1552606
57745,0.1447652
22914,0.006736057
133346,0.04292498
60630,0.06425064
83672,0.017310824
117880,0.016218735
137716,0.017200932
916,0.016209638
121900,0.007828234
51032,0.011948803
27848,0.46332946
55277,0.011645078
113788,0.01748481
38529,0.058147077
59189,0.02044878
49364,0.016662868
20719,0.04631987
149923,0.099334024
130589,0.04013228
143402,0.019172536
125257,0.089032695
144911,0.039324585
566,0.008553809
103886,0.010472475
140389,0.015804678
121142,0.124000326
37131,0.008027148
32845,0.005966476
33155,0.06383691
93536,0.5073363
56502,0.4027661
80327,0.18137273
113900,0.01583294
81372,0.09222023
139903,0.24986584
140103,0.0067307823
58191,0.26486766
31119,0.039151747
78889,0.017889459
73823,0.018101059
129558,0.046197124
122727,0.37417346
84835,0.009348
117613,0.36342695
91276,0.008028398
44978,0.008101321
136434,0.020302765
59270,0.0074489545
59555,0.026676528
44634,0.08706648
136680,0.09906598
57123,0.088618405
94724,0.011320978
78537,0.016308742
52072,0.048012856
80446,0.01090243
113606,0.15988003
147795,0.0070106066
137658,0.16971098
141807,0.011477001
87503,0.011923507
102201,0.021989034
86925,0.080409884
39304,0.11395534
88856,0.018161459
30033,0.119056
74914,0.01292686
6858,0.061079543
144209,0.03875193
2880,0.07670156
59490,0.21375778
30902,0.01847824
2713,0.046029586
123408,0.017073607
144857,0.009900013
123439,0.049353663
120105,0.010790877
79063,0.012545825
147675,0.10801613
17818,0.033848044
72508,0.0497175
122565,0.016543616
33393,0.01326018
126693,0.14000846
126608,0.06782706
135824,0.01201405
95342,0.040141992
141503,0.19479172
68572,0.3275656
46226,0.051638484
29325,0.040578768
1786,0.012232808
16591,0.020230116
78208,0.06270459
20232,0.062367484
22007,0.0076828254
51863,0.011537217
76323,0.15436196
75872,0.31434882
45693,0.009496176
71324,0.4101339
133909,0.0072017787
98659,0.03588359
62685,0.011901052
41252,0.01696832
36601,0.0064343126
32,0.084686935
51577,0.30816752
30912,0.018779663
107712,0.41140786
3097,0.011871879
95082,0.084026806
130459,0.012125914
104079,0.4193216
136759,0.029090622
2221,0.011157273
86247,0.011265909
148086,0.008882536
62604,0.014677363
9371,0.016743423
45116,0.014051949
81861,0.23101543
6579,0.06253866
49435,0.019319994
73916,0.017783705
45359,0.010149369
72220,0.038061183
117112,0.015458769
11889,0.19226617
35162,0.03594077
106534,0.02046519
47066,0.00961341
136078,0.048193555
20567,0.016358478
11711,0.02285514
118684,0.016268568
40362,0.014847439
36031,0.07274876
33421,0.0071159285
43033,0.074506246
6290,0.030964233
26507,0.018733544
137212,0.5691632
76241,0.05065093
121504,0.04867338
6883,0.25480533
3485,0.0102234855
113437,0.008456459
2739,0.014696734
95892,0.007511335
13721,0.014142285
108842,0.12258289
51303,0.0067412406
142081,0.10171033
46600,0.42537218
11656,0.17204416
63324,0.02386963
97743,0.025924833
148032,0.01176391
6982,0.05748155
99566,0.057302985
26685,0.020450832
11691,0.018653823
93964,0.020263122
35772,0.011814396
59988,0.009286548
110612,0.06785575
103748,0.013528114
148397,0.83127683
66559,0.026638519
142883,0.085334085
71557,0.029079417
12448,0.015307066
84324,0.018016474
72158,0.33412984
18716,0.01632718
8392,0.32750282
28577,0.011513759
55662,0.013831005
77156,0.013066265
59446,0.019042801
126128,0.090136334
31656,0.0074616107
141983,0.014945851
14401,0.011050758
54702,0.08395938
27403,0.0115453545
17889,0.010446299
34009,0.011808107
88834,0.014139818
140193,0.028288078
82128,0.031624556
101590,0.018649787
36958,0.012007029
58378,0.18113865
35714,0.013298874
101150,0.12737274
43139,0.08648965
58979,0.006367685
83609,0.011995104
138144,0.01341396
110713,0.010474319
102230,0.10076284
9508,0.0132479435
17200,0.046846535
67500,0.010594239
3024,0.0696805
58173,0.05115951
145111,0.0811171
110833,0.022389695
22138,0.03863548
3935,0.11566208
140304,0.02594986
134113,0.024241634
87603,0.008289434
141936,0.020120194
57850,0.05753416
129407,0.06549513
9637,0.04373975
56629,0.074521914
119420,0.0331303
83675,0.02261816
54387,0.01612333
88871,0.059468597
21514,0.12740828
135115,0.18576959
72153,0.097563416
110378,0.0129262395
11756,0.0103993155
65313,0.045282163
77341,0.011354544
44917,0.02023508
105451,0.008583838
117236,0.007899728
36988,0.010100975
27764,0.020079916
140616,0.0065032775
40496,0.018153409
90936,0.006778542
14854,0.005362472
139552,0.0111950785
149421,0.59310997
18072,0.033523005
66179,0.009662082
26138,0.09042049
133997,0.11734796
97244,0.007905631
130449,0.012002159
122791,0.0210164
136220,0.03178399
38559,0.09899402
109421,0.020705441
61027,0.028977254
69688,0.03730645
81975,0.079164885
97637,0.057471875
111220,0.013524582
15098,0.016722156
55783,0.077658154
902,0.008306236
60426,0.08115643
128718,0.059540886
8333,0.019279607
114097,0.14475833
142098,0.007386183
68410,0.011477801
58607,0.011905118
114770,0.31854093
56265,0.041079637
39259,0.009349767
136080,0.0765872
137848,0.043295234
118144,0.07717677
105765,0.01202393
10369,0.027467098
135903,0.29113552
136066,0.017624622
30726,0.093076386
60238,0.0064642676
67529,0.084385686
103123,0.010992332
74514,0.09943549
59872,0.010547224
93015,0.13345028
37801,0.011953408
58940,0.0134977745
123216,0.010206015
58305,0.039473478
33829,0.012411908
136345,0.043650154
120738,0.013729052
56091,0.010631615
102204,0.008725347
52623,0.13547617
142495,0.0133406045
132978,0.012084982
18272,0.18166807
129185,0.012501408
80359,0.00699447
73629,0.0088297725
115051,0.009068911
29599,0.008717889
66541,0.14830089
35697,0.034838174
114056,0.012065596
5330,0.008801416
122260,0.030725628
90061,0.11273771
70580,0.014571366
149120,0.011471262
109629,0.012255461
130165,0.014076975
65399,0.006197062
148836,0.10091634
118384,0.009077455
56255,0.017845646
61849,0.013600529
106421,0.010140793
87012,0.2850293
47034,0.20944066
110256,0.013507595
44511,0.026713336
33695,0.05134727
63597,0.03655065
34547,0.10965192
110043,0.02425819
103466,0.015678382
44834,0.08423503
1906,0.00941262
90019,0.048977632
83454,0.038789764
131914,0.009343135
88707,0.09826554
34043,0.011116822
107538,0.006059239
93704,0.017601734
43930,0.016816486
58437,0.006100418
13505,0.17431867
109260,0.021881385
52151,0.12710856
83808,0.011563445
31178,0.013222922
54411,0.013982863
133563,0.007007716
31852,0.034206875
103333,0.32107607
137194,0.19264801
52277,0.0135329
82584,0.010768789
55294,0.011159188
81630,0.013776822
85110,0.013644919
108674,0.041038726
135998,0.123940274
46663,0.02738355
100586,0.033773847
137669,0.0074710143
104590,0.03812188
16357,0.0076855635
33020,0.47284728
113201,0.04949849
72799,0.007616433
144811,0.07068831
65819,0.0063658385
29079,0.011916769
22940,0.12282101
30850,0.023035672
124929,0.010252748
115917,0.031564333
31733,0.012765472
100419,0.3094231
139000,0.062744774
10531,0.03112694
84925,0.019387878
50767,0.028227558
124427,0.010495285
100406,0.029999528
125469,0.09041847
124274,0.013005467
87760,0.11030644
143314,0.0109953135
1885,0.09597289
78855,0.015442254
121770,0.10752988
9980,0.007817291
108499,0.104408644
126102,0.08363714
130261,0.011329692
32644,0.035713494
14012,0.0057477173
38720,0.018800838
11299,0.010883658
8112,0.036688924
117799,0.049833775
107306,0.035551313
132247,0.057191916
25792,0.06876486
49387,0.04208983
53250,0.007040329
39117,0.025109256
36050,0.043274853
35252,0.16938408
33468,0.0072054346
88588,0.04900169
29815,0.007361741
54443,0.044209287
23551,0.05478958
51714,0.014605359
27396,0.00596515
113054,0.011219586
39703,0.013669938
40594,0.010851125
81243,0.08599702
60556,0.012197062
102057,0.0120191
88991,0.01346227
13627,0.012618971
37374,0.006255602
11063,0.011189806
59437,0.009220629
132826,0.008168644
4887,0.02606816
107162,0.044780035
70142,0.0675111
91589,0.006233985
69533,0.05773984
66439,0.01183205
65097,0.10014755
84525,0.012083855
57212,0.21071519
109789,0.015397492
85796,0.19830552
148592,0.01072852
96155,0.05861119
21061,0.093938686
5845,0.011832513
55020,0.008345598
30266,0.01367965
149970,0.016910473
71185,0.011804807
98072,0.34230837
22546,0.06382887
5193,0.097787105
124492,0.08637116
43141,0.34375742
81200,0.041469336
96878,0.20590702
91567,0.09782674
141392,0.019124595
18278,0.008955476
128657,0.005949154
43092,0.28293926
78843,0.011500194
80428,0.0063432693
113293,0.013127484
90974,0.023744559
2744,0.11878474
60797,0.021873722
52587,0.006920322
47803,0.009697174
106138,0.75662595
134086,0.06510083
77201,0.045761988
8896,0.08953785
103346,0.012537799
42634,0.03571339
108778,0.023434088
44556,0.008418457
37592,0.012472861
77686,0.03399829
126325,0.009768338
82767,0.47949582
72922,0.0111027565
52371,0.011671554
169,0.018187977
120064,0.0523124
56937,0.16635463
115840,0.041008636
41418,0.008303016
68241,0.100128435
100751,0.023708094
108650,0.103522964
122079,0.011460259
124510,0.008262251
27453,0.059886605
81908,0.010553954
142002,0.05141771
41780,0.012732594
44451,0.030466666
113746,0.0966313
8996,0.02105416
6207,0.08878836
23326,0.011891949
12779,0.15405114
143283,0.015638495
25138,0.12540756
55363,0.021088986
73697,0.06930939
62129,0.015891537
26202,0.5179142
130536,0.0098897405
48530,0.012158035
56386,0.006492977
145053,0.01392787
22152,0.013055274
25637,0.47089309
41748,0.00880839
60101,0.0642255
11718,0.028621772
35631,0.009189256
54108,0.047590043
18973,0.09930847
75935,0.026265286
50455,0.07592376
54916,0.013361734
113005,0.044794764
56281,0.013115468
81401,0.0343293
48778,0.039418753
49466,0.013134875
34061,0.009046305
119259,0.015725091
4389,0.0068489294
52296,0.01862283
122397,0.009028382
115004,0.6754338
141687,0.010530104
120652,0.006748824
126186,0.07294594
59245,0.014177077
147659,0.08511917
42844,0.012117807
128574,0.028346961
20506,0.09236947
22469,0.01231768
88107,0.050851043
142975,0.027604539
12985,0.012836522
86820,0.0880687
97473,0.12332855
117767,0.11437904
58129,0.006342662
112387,0.047958873
2453,0.03416996
128953,0.32688802
67742,0.007408451
142659,0.524182
2558,0.016799519
63455,0.010877166
52367,0.011044694
23891,0.04803854
32847,0.030375652
91182,0.0092257615
28403,0.013407513
14838,0.021055616
7478,0.0528243
82729,0.042184252
117935,0.40743443
117563,0.006570005
81842,0.007368612
48496,0.012607498
7,0.022742463
69574,0.01069229
56466,0.011056153
12090,0.58700985
34546,0.013050127
1754,0.027311672
66417,0.022366194
5756,0.007070437
80556,0.010293415
86757,0.013837323
67231,0.027068285
24506,0.13540548
28064,0.05264116
126310,0.1908261
28880,0.09206338
33325,0.041975457
115573,0.026385704
149670,0.067234926
145012,0.011770291
99534,0.041322604
136788,0.009830812
126469,0.04174715
69690,0.013384081
14670,0.4788761
121545,0.011545714
19631,0.4897954
44779,0.008945383
117624,0.045198105
123474,0.01798445
18838,0.006581087
17728,0.021019325
135633,0.0101695955
22924,0.08769478
46793,0.03519903
57187,0.067391686
53426,0.081624515
18757,0.039869696
101373,0.06993965
122298,0.13678092
111785,0.15657824
26725,0.042595055
92712,0.030377796
140073,0.008021125
118329,0.0155547345
127650,0.047020305
95506,0.01149218
122232,0.0087834215
120855,0.047998186
132947,0.049698424
89437,0.05314964
142576,0.01577158
121981,0.03244389
73336,0.07806833
77249,0.06817459
78846,0.2796288
69379,0.006450856
145438,0.011853344
22902,0.0096285315
14144,0.17071433
131905,0.046779085
94301,0.010375062
134944,0.007324148
94389,0.04000659
18967,0.040961996
80078,0.02126811
31442,0.13119577
18023,0.019979153
79882,0.00795511
143064,0.017331172
30012,0.013039678
14609,0.14967048
22499,0.0065966896
16006,0.0056305295
52618,0.007960409
108252,0.013585459
83346,0.011482493
24354,0.010825171
134006,0.09036064
47532,0.042760525
50878,0.019888835
64269,0.012912411
64886,0.033328112
115452,0.0077677434
70601,0.018331736
145378,0.061964132
1829,0.022076633
88064,0.11771048
41509,0.015287472
36645,0.010675375
111364,0.010705023
90899,0.07932849
40621,0.011801431
5201,0.016808454
24776,0.07334965
115879,0.011399779
93894,0.17867394
24916,0.09750909
128008,0.008744293
31541,0.022305192
131105,0.092126295
123300,0.022994826
91638,0.011007517
111383,0.006255602
84516,0.03792652
109423,0.09089423
33639,0.056876637
52530,0.025831517
15203,0.01313048
87440,0.02295934
76082,0.03211068
129985,0.015117156
81754,0.29301086
13767,0.054280795
89444,0.117017955
37859,0.10178419
120196,0.014309806
86507,0.051978454
145898,0.011235335
76347,0.012269709
11461,0.01596954
72115,0.008297513
114736,0.016860723
117436,0.010682075
60148,0.01917142
128520,0.0063299923
46835,0.112985045
60820,0.0162204
121322,0.027938498
97701,0.011306871
18040,0.45698467
61059,0.14670685
73592,0.045118406
80389,0.021576846
47887,0.009078098
27069,0.047883376
85198,0.02159993
144306,0.0111171
48818,0.028331928
125273,0.013221801
122034,0.030211283
100270,0.039784767
4441,0.34857598
3655,0.08178017
59605,0.01217509
10430,0.5782596
84199,0.0071148067
139582,0.076845825
87015,0.013587082
101253,0.12069368
146663,0.008597739
110942,0.10425153
87185,0.01561246
149085,0.023076547
102932,0.06755359
100718,0.1119043
81107,0.0321534
127183,0.015768664
31349,0.006275009
16419,0.023700176
24645,0.008863702
64389,0.041268338
95121,0.028654687
111979,0.040475313
145951,0.011548195
108610,0.012154324
78923,0.0176314
14648,0.020330027
43061,0.013805138
71787,0.010271563
4184,0.02918997
38047,0.0289842
53113,0.011020642
75578,0.038778573
120015,0.06254841
68888,0.009644659
127734,0.014938095
104163,0.013853749
75738,0.0127955545
65019,0.08151979
135730,0.012389303
63974,0.0112016145
13633,0.09507623
135599,0.030945847
119887,0.017975971
3102,0.018876644
113339,0.020187026
27977,0.014944089
66543,0.016872987
62051,0.023387471
55924,0.016947702
115886,0.008183528
109689,0.017811405
5392,0.0150597505
58705,0.014921727
116298,0.0124510955
122715,0.017292542
96609,0.05972244
62203,0.013796436
126015,0.04357887
116409,0.006671117
101531,0.053760175
90844,0.06870747
24852,0.013087718
118425,0.055653013
112201,0.02408908
141005,0.35874346
69627,0.056100674
123121,0.014962145
76650,0.09499881
68988,0.033489518
125068,0.34683877
69975,0.007966629
10029,0.100652866
57018,0.00844637
4657,0.13754484
38072,0.0072808224
78290,0.10878563
108285,0.06715287
67993,0.010703564
95553,0.1809109
63997,0.007608375
42342,0.013495095
109150,0.015503198
101112,0.015198859
147232,0.2263196
3009,0.010325194
92866,0.019290425
14941,0.021660324
139240,0.007362853
111716,0.006001519
142875,0.017787253
131474,0.07788321
89990,0.01819632
116583,0.01804731
66862,0.0078814775
107684,0.014253788
12326,0.03779683
38010,0.016600454
41547,0.028230045
75571,0.010288641
9951,0.01786779
35242,0.008265322
96440,0.06442659
79923,0.0064759157
104546,0.014066041
69732,0.14600226
38508,0.6813315
72503,0.045554355
3508,0.008776424
54187,0.059478763
131127,0.013219624
99790,0.12824932
68192,0.011527547
27733,0.027266162
141634,0.016413
138513,0.011916206
19371,0.0062522474
138851,0.010033813
67304,0.02310266
47374,0.011660921
136673,0.019714488
21218,0.009478642
129364,0.010274448
68495,0.043885503
63654,0.12309322
59131,0.019797722
80462,0.04473271
135023,0.010426226
6672,0.009201429
86352,0.015750766
8615,0.040340684
70731,0.04233095
109811,0.008306987
136810,0.03857286
13925,0.007792044
148835,0.015844326
87265,0.014373591
149974,0.13744938
19596,0.12354655
18130,0.015043993
138830,0.024028732
55056,0.055519715
97191,0.03413061
6255,0.026501108
77408,0.014499893
124807,0.010114038
84506,0.030959355
45410,0.0891455
36619,0.019790366
79188,0.008857706
60973,0.0076595796
62525,0.00986549
55763,0.015554077
84954,0.039242227
11338,0.0072840382
144074,0.086618125
122902,0.037752666
12955,0.037454903
98945,0.038364165
86418,0.034582492
53004,0.020596797
71692,0.008633352
24402,0.012408273
24897,0.018957283
127772,0.21321608
27308,0.07595086
29965,0.025740767
118211,0.011796944
69631,0.089482434
13279,0.025874523
149158,0.29684687
23786,0.013429562
30837,0.008550101
66143,0.05100908
147096,0.011425349
123650,0.011380808
145176,0.013245314
113836,0.28716588
143658,0.035521057
130063,0.055663075
149429,0.03134216
96509,0.013467496
88540,0.024972698
77749,0.49440214
9096,0.04649467
94311,0.28213704
105565,0.0111839045
122351,0.013258595
39586,0.26988974
42877,0.018644154
131141,0.013468801
128153,0.09594086
140382,0.012976431
96407,0.010431265
40109,0.02123833
79184,0.010431324
61373,0.008573497
63321,0.10494466
6959,0.009782338
126833,0.01268057
102604,0.013007597
77212,0.119223386
11775,0.28656763
134970,0.011040377
1963,0.04139063
21752,0.008570615
43214,0.009285749
132425,0.009077996
88198,0.43059725
122867,0.10779938
99783,0.096350715
31203,0.07738723
67451,0.009384749
104780,0.06748605
18476,0.09359626
98844,0.0065027913
139858,0.018064413
148200,0.10404671
93684,0.3983523
66565,0.029085271
109757,0.396196
64399,0.037291065
141856,0.36357647
131574,0.012072049
55270,0.0078683235
79961,0.04255892
102564,0.06985727
92731,0.007683375
17957,0.006537843
7467,0.04736172
77295,0.00629057
116338,0.073735274
130191,0.04129184
140765,0.022912033
5294,0.0127020255
104956,0.2735518
99802,0.0068856357
47076,0.01053079
81264,0.06427741
73638,0.23477899
43403,0.009858063
79439,0.0064206063
149981,0.010621073
147870,0.009829925
146265,0.338682
96854,0.091701426
125647,0.08449668
129921,0.09037684
85812,0.026509399
3180,0.023618009
20443,0.015784873
78422,0.01711842
19678,0.010280929
23300,0.012628023
123767,0.014365873
110515,0.07246403
148140,0.07033632
53123,0.007754194
47021,0.5550765
113178,0.09853599
86708,0.045031503
146280,0.056328133
78379,0.06838865
57777,0.07401258
61444,0.013018474
33495,0.061045807
59484,0.035716943
20838,0.025743864
65397,0.07660621
25184,0.033838283
139814,0.089069866
54736,0.012544519
31313,0.6074247
3130,0.006500188
141466,0.09364305
40476,0.018875793
21729,0.054334685
68521,0.064480744
69144,0.0072542736
17974,0.008770072
8004,0.013324414
102213,0.010419804
61522,0.012769342
99008,0.010934362
12834,0.010703004
11802,0.27518696
111819,0.49870056
28735,0.052561056
70959,0.02667753
95452,0.33222938
6000,0.012945826
59702,0.07672453
12663,0.20180897
122172,0.008372666
107620,0.01643795
22925,0.04560411
33904,0.034644626
17803,0.09053334
127136,0.013791005
1627,0.15250723
6698,0.05206549
198,0.022606933
140563,0.16638279
25145,0.066395774
139368,0.03577475
125556,0.024097797
46146,0.47539127
119253,0.09724515
41882,0.1262478
142370,0.12445548
93073,0.015017984
79713,0.05367884
32870,0.010987533
89926,0.016370522
136324,0.018749123
135027,0.007000274
120251,0.066142276
68388,0.10124186
145639,0.017180195
19990,0.05412638
117683,0.015683975
91367,0.38050556
121694,0.049201142
133367,0.025444195
130656,0.41632512
114854,0.010105244
66751,0.0141047845
132162,0.0064950446
97850,0.00976969
91629,0.0072147455
63744,0.010950603
68302,0.0364936
131687,0.10716491
75155,0.016109062
104395,0.016937623
81461,0.5146894
90307,0.010082569
146599,0.11086432
1828,0.043631677
24674,0.008153306
74321,0.00779231
67175,0.0106647
15031,0.14255889
67916,0.36058173
63487,0.028677782
50084,0.049509954
135441,0.2826676
112865,0.021827754
148068,0.0562795
58099,0.01513598
10527,0.014841106
105152,0.017101116
80171,0.090964824
10946,0.021637656
18490,0.08876902
76438,0.007603235
139599,0.012235736
119891,0.027155887
81581,0.016381275
140643,0.012644527
79307,0.0073605767
138817,0.0099090235
59821,0.0074091274
39760,0.0064883954
63109,0.08743881
1557,0.013442324
17841,0.013392012
115155,0.012577468
31483,0.016250476
125959,0.033164646
138041,0.029551353
37027,0.6928624
116705,0.010371651
69470,0.011806921
108670,0.014916975
22321,0.019278463
64905,0.02080299
63271,0.015520244
71635,0.010922013
51035,0.009523223
84888,0.047616236
95352,0.012504447
72981,0.008675428
78398,0.08692693
115811,0.015513251
14555,0.009237349
68791,0.7334097
129580,0.009736132
34762,0.39783353
66867,0.012213407
29593,0.2741004
55106,0.012117429
84897,0.010270202
97749,0.0071418188
19071,0.42462862
144276,0.008938748
110022,0.007062073
71201,0.082923554
115644,0.012059937
58797,0.011435905
121738,0.0662491
29492,0.0061031072
71191,0.013578931
48206,0.0122827245
74100,0.24346054
103650,0.067043014
69195,0.008740846
3746,0.09229484
41959,0.04301739
130060,0.009930337
38284,0.006090082
75804,0.03160503
70162,0.12229896
20738,0.026748998
123441,0.066583514
48385,0.3419557
36,0.009601237
115506,0.109572165
90217,0.017222848
143488,0.02322838
101585,0.02163391
13241,0.05332242
14446,0.067213096
64880,0.32115328
110315,0.038861845
40084,0.50763124
63747,0.07205102
58839,0.0972826
17042,0.011304722
39666,0.021588974
128222,0.0110067325
59952,0.36057276
40281,0.0068145245
7602,0.084697396
148853,0.08034616
63927,0.008709141
128310,0.0064259893
125402,0.013158043
7160,0.0069753127
40110,0.052394763
112436,0.01584444
68295,0.08340648
64044,0.22290298
62681,0.074736126
45227,0.008879568
7189,0.17461038
18203,0.60801566
69826,0.06256012
37842,0.010854617
72321,0.16366956
55323,0.0074415654
65916,0.21880597
77465,0.013195753
60471,0.013803132
110278,0.017799396
18759,0.009435002
107013,0.3167996
69383,0.009040847
117707,0.006344832
5510,0.37231836
15283,0.018274724
36139,0.03191352
57555,0.028885236
116649,0.41062987
67554,0.012689879
10665,0.008775251
52836,0.0070006056
144718,0.016684296
91841,0.012835997
75372,0.08205998
81605,0.39131358
11270,0.011180197
91550,0.010747714
122992,0.01230026
81818,0.013427964
46076,0.10118588
96174,0.04272021
112191,0.013667154
145844,0.014860229
112990,0.0161756
138348,0.115963265
99219,0.020294841
108986,0.019725313
15783,0.017135166
73975,0.012010355
76769,0.012452878
47186,0.009049895
81546,0.07001081
24839,0.012736186
135590,0.030653251
10914,0.014157844
136491,0.023309585
17247,0.11429439
68376,0.012501226
43675,0.065864265
13386,0.008991014
72582,0.0117017245
134648,0.018885756
45457,0.018091893
8525,0.045161474
149581,0.10363425
107659,0.041709557
22433,0.017010726
50001,0.012696836
9878,0.05482904
38319,0.09372666
124935,0.0072488086
12357,0.009539244
109265,0.0059629963
79858,0.011165015
4859,0.39402634
105701,0.073618054
140249,0.060916573
2551,0.10362793
135562,0.023642937
73949,0.02467318
88168,0.048514433
69261,0.008339682
19375,0.031249173
109132,0.5109871
142998,0.008832377
11206,0.01611405
91452,0.009253882
135071,0.008131748
54391,0.026699003
106063,0.06180312
80324,0.3431864
3763,0.014524845
93033,0.01406366
68551,0.020208985
94612,0.008209457
59747,0.032028582
18426,0.014158495
95266,0.0070088315
55460,0.5073417
38583,0.011925531
69700,0.07122474
148781,0.015735721
93026,0.012893239
15560,0.028896768
37233,0.007143475
82148,0.0068681706
141101,0.023426937
39200,0.0074890684
9546,0.010493813
114904,0.029405018
2844,0.011566466
43047,0.0117954
25995,0.0125832725
90111,0.025915032
121911,0.012389671
87373,0.01367736
143619,0.011353431
66943,0.010523697
11254,0.012973732
106371,0.0069407867
28740,0.016644774
128920,0.029184708
51910,0.012887947
101088,0.008515392
94792,0.046012152
47933,0.010289291
125442,0.069106534
66298,0.23900233
146718,0.011928643
19558,0.07881102
16256,0.04897363
67550,0.007796466
114353,0.1734237
9002,0.018815964
28086,0.036233157
19961,0.016271666
102591,0.011743107
15767,0.016825223
27781,0.006016628
20956,0.47562772
114834,0.05185964
71271,0.00809795
57448,0.07577868
74041,0.2726086
112403,0.010351095
84066,0.07078551
139571,0.21673454
87101,0.46628308
137124,0.011519899
84459,0.048961677
417,0.018190242
140896,0.50660926
30901,0.024128633
1090,0.014790034
112868,0.10078189
19066,0.009698502
10767,0.11325345
147065,0.32642323
54149,0.010009421
36801,0.29124638
80801,0.010820296
7428,0.017429944
16671,0.063837476
98707,0.10830055
74894,0.108528726
59601,0.0065704403
124225,0.015833862
106958,0.012357353
52719,0.021659173
92211,0.011908938
34366,0.02415176
1745,0.011244454
43362,0.008695648
103228,0.052567374
112234,0.0073438347
115198,0.006411669
101740,0.08088836
59931,0.007662734
25583,0.08198731
98436,0.012557189
44002,0.12902392
66980,0.03531463
23574,0.092113875
144220,0.008878385
33386,0.010946627
116796,0.035663035
140703,0.035255313
129459,0.009306684
133175,0.0663661
92740,0.008754794
102241,0.66965175
60643,0.021658383
103895,0.008277777
123718,0.0095493505
126017,0.013360603
107388,0.0063890107
128237,0.30632713
4229,0.0069597736
73652,0.015147073
99864,0.016736744
89527,0.22698662
83901,0.01771526
115347,0.07485203
59125,0.00844381
52940,0.011604092
49837,0.6573289
129730,0.063386664
121368,0.010842525
29468,0.018386347
116498,0.007231306
92289,0.0144295385
27137,0.085856736
116790,0.0108875185
87757,0.009338842
54210,0.19218881
117691,0.01317123
18128,0.124688506
86556,0.008752331
127756,0.009920079
14600,0.02669194
98048,0.053584017
32062,0.5119932
6434,0.06334011
66924,0.15760109
52305,0.016606668
54486,0.011236664
57945,0.017927047
102748,0.010313522
116190,0.027886609
88964,0.17930537
102052,0.1509795
10770,0.08201505
136805,0.027688289
25032,0.103804864
37884,0.025370115
52073,0.008127334
73483,0.094036944
31760,0.22799246
122111,0.022332495
45773,0.07573876
118180,0.067187734
50461,0.019088479
58650,0.017791785
90483,0.006846575
4819,0.01518586
140870,0.061861787
111904,0.03398185
96533,0.25110453
21660,0.059842072
55312,0.14533818
98065,0.034780603
111459,0.037844617
70022,0.013637137
14599,0.010559378
34353,0.021164857
30584,0.01222998
99467,0.21800824
106607,0.10339094
46828,0.07354903
23863,0.018108824
144406,0.009348619
82398,0.04670208
67715,0.0142086875
17721,0.008238864
44291,0.010996216
137443,0.008541455
146325,0.011896438
5628,0.019736787
24819,0.020609878
609,0.017589914
20592,0.09805943
110317,0.015764343
130226,0.029139673
6545,0.016465519
4980,0.007340074
89480,0.7103605
30879,0.14836876
115666,0.019730883
1854,0.014903459
36093,0.011042684
43824,0.01252684
138048,0.12474295
90579,0.007910243
92004,0.014527249
52324,0.039340124
10868,0.13591613
102359,0.0187832
90870,0.009227518
66388,0.012618169
63291,0.031014942
24142,0.026971271
33827,0.018618738
20233,0.014430331
61947,0.01991245
44205,0.012496936
132298,0.007406705
57414,0.008839785
15963,0.012114033
6070,0.020239579
106588,0.013468092
115177,0.011320503
76504,0.010083597
72333,0.5813048
113265,0.041886095
100511,0.051107522
90047,0.010627548
71362,0.0125364
15985,0.092594504
41776,0.008297428
5657,0.02589065
12163,0.006774116
110752,0.15014285
104960,0.014126025
132895,0.006825584
58040,0.060741197
46185,0.010790567
10184,0.02336744
135114,0.012819748
2852,0.008012824
33301,0.0062516932
109482,0.011797444
1276,0.091489196
294,0.100591525
141443,0.07084394
103797,0.019069461
54422,0.045932148
82902,0.01398477
12838,0.1460871
38951,0.05004438
123903,0.020742359
132458,0.016317977
110262,0.035402227
138184,0.006702543
19910,0.027703248
43981,0.58984566
91384,0.07224485
18464,0.0138257975
25497,0.012907946
133542,0.28750542
21064,0.018090483
34313,0.0067959637
106317,0.0078610005
89472,0.0682006
22193,0.008288749
67235,0.08670344
64693,0.12311079
18364,0.04293427
59578,0.10025849
51368,0.01732461
145025,0.01046669
88775,0.008737786
97230,0.008261656
57035,0.014751945
10408,0.007899728
116481,0.0122453235
9387,0.017825581
33650,0.043214694
79917,0.009852288
149354,0.018377773
26755,0.052937638
65364,0.011795688
20178,0.03500421
89543,0.012506507
57588,0.011494168
3632,0.088284954
106574,0.019944862
6163,0.00868643
59061,0.116726205
79405,0.03198424
93990,0.012744415
127265,0.008976254
126713,0.01463146
49498,0.008415802
111848,0.021516271
65691,0.020295117
44134,0.019033117
8465,0.022773769
48548,0.01188968
68831,0.006025267
53704,0.016070694
52307,0.047760002
149530,0.015589982
15772,0.12529372
125509,0.012768476
76602,0.011174701
67330,0.015166589
137257,0.007625528
115767,0.11088236
97449,0.041061305
504,0.031093653
98620,0.06993265
2461,0.06809802
121827,0.014957129
67946,0.023005905
1664,0.04962026
94807,0.04457715
139960,0.15726733
149522,0.033656623
10120,0.016337639
3212,0.017294446
53760,0.009330142
84940,0.06014506
28056,0.017113183
123612,0.11116794
51941,0.30290422
141819,0.010340159
14857,0.044074226
51300,0.0071999007
89763,0.013130091
35730,0.03155231
125419,0.01224191
134395,0.18011522
30066,0.009106027
59141,0.1069322
124942,0.01930099
45087,0.014206657
128873,0.013904033
64845,0.061445706
138898,0.0105761755
53076,0.035700656
87013,0.0067690006
84920,0.10713576
83918,0.037373777
473,0.01821304
102481,0.013291285
134593,0.018779218
103990,0.07762053
33226,0.10003769
102043,0.0073390524
140128,0.020567399
16224,0.01738595
46488,0.012329287
53197,0.08217392
76918,0.050568506
34632,0.19653499
89687,0.050482433
23174,0.00689874
7065,0.011593973
25510,0.009500326
24366,0.00842149
123668,0.021676742
116898,0.012405411
108147,0.0091607375
93552,0.2105921
36887,0.054067727
15459,0.08151963
77171,0.009063188
135075,0.009109672
91651,0.030344512
16730,0.041242506
72037,0.027002804
41919,0.049512185
140012,0.13268448
15104,0.01357658
87206,0.008244016
82821,0.55599636
110017,0.012980549
136432,0.008903819
141122,0.010212799
139444,0.012503745
99168,0.006009577
15246,0.019203821
3860,0.5797396
145393,0.006160745
126966,0.023951426
31475,0.36611024
96441,0.19413604
19862,0.010542577
135069,0.012652107
27133,0.380577
81650,0.015630402
85046,0.04810925
74185,0.015042326
93877,0.11168383
41027,0.03391109
18442,0.08929979
106833,0.07446116
95901,0.016803749
77277,0.009961279
8299,0.012393645
37888,0.029180884
9565,0.017166255
132181,0.010038655
82144,0.03646582
85084,0.014565075
10218,0.12114104
8474,0.05534805
145397,0.08565775
32756,0.019737847
73398,0.007800584
26153,0.01017481
104209,0.28035548
100292,0.01187001
64311,0.040509388
138995,0.08192671
57983,0.00758043
97648,0.011223607
136398,0.012189769
33870,0.13700871
79345,0.06897834
16918,0.058211826
10220,0.008216996
36678,0.010355131
104607,0.010674404
39205,0.032784477
97984,0.010964215
34936,0.04709941
133713,0.23379183
2671,0.009045104
26633,0.024489602
74946,0.0865601
124658,0.2984567
26752,0.0059732846
23875,0.009108433
57753,0.018086037
121848,0.11025701
25043,0.03023939
123788,0.05056713
93273,0.007480386
101842,0.007955523
54289,0.010221073
45873,0.08582912
41759,0.016907565
145468,0.09503991
53281,0.55329293
88615,0.012437318
83448,0.007229105
27092,0.056663666
40513,0.2774177
112777,0.07116598
114288,0.03475209
90615,0.097508356
67671,0.69649464
30425,0.017380843
159,0.01917736
100856,0.010340282
115199,0.05623031
113658,0.14579539
10305,0.03877429
149138,0.009453085
148899,0.009389614
59617,0.061286803
82747,0.44781774
84457,0.01792823
39355,0.007051965
132796,0.07682007
81789,0.014139426
51679,0.020918764
8257,0.0092917485
23959,0.009776446
16811,0.019259093
124862,0.012076139
5670,0.010556638
117639,0.016123096
104907,0.006421062
98741,0.01395281
94593,0.00936887
52738,0.009457846
96059,0.010209724
63131,0.008382843
51417,0.16024221
92254,0.05147422
38608,0.12521522
124632,0.3358513
8190,0.041188277
7925,0.012688734
44611,0.020735327
31282,0.4972957
10805,0.018356066
54341,0.017706783
77925,0.15357193
108328,0.014991318
13016,0.3829801
61690,0.69418454
102698,0.006514665
15481,0.011556592
82754,0.00598384
120006,0.007898939
109450,0.14412917
28605,0.16939132
35079,0.2167402
125640,0.18062846
116299,0.009560926
9989,0.027124124
110324,0.39254338
126108,0.012669416
93599,0.04774994
81423,0.01836849
25686,0.02827887
41299,0.11256813
22754,0.012283176
13827,0.06027834
12124,0.44632283
40679,0.059492458
69832,0.044028394
29835,0.011501094
125496,0.029068064
9583,0.028453896
64271,0.019190151
40717,0.47632456
30258,0.10562142
44039,0.005962688
61452,0.5535852
14596,0.49335164
74634,0.013037156
128361,0.016517399
89557,0.0073422706
66755,0.011031868
54290,0.0060251094
31758,0.0075737317
24979,0.023830025
109906,0.01728632
144639,0.021313012
81751,0.006821444
38144,0.02832883
123938,0.011818365
58397,0.3735551
74225,0.12639154
116173,0.008759189
125370,0.017392183
95098,0.013713191
133376,0.03521778
142211,0.008181267
96559,0.031703778
71480,0.03096462
34132,0.06928734
48001,0.011819451
133802,0.01168473
70848,0.013242957
131030,0.015413918
27669,0.01182803
63512,0.036055084
139686,0.012547159
49049,0.40332437
36922,0.15368591
20011,0.012441988
56588,0.006484321
133457,0.43679073
120195,0.011525096
115022,0.012794216
24266,0.04111079
9547,0.016612899
83740,0.016286558
10142,0.09375914
126869,0.009930195
96399,0.019463476
18727,0.008120014
33256,0.0144288065
19187,0.04682928
78192,0.11339438
48348,0.13962962
106377,0.024833446
74007,0.021791726
139261,0.007075115
12649,0.015397492
15600,0.010729022
117467,0.09159734
75181,0.00816406
41783,0.009803848
8848,0.058957227
53918,0.07831471
81215,0.009661818
105529,0.10273478
50222,0.01671423
17248,0.012890696
133177,0.011995901
40688,0.01307116
122489,0.010821409
45244,0.032784283
64425,0.113265626
115526,0.05739845
96888,0.041230205
25042,0.05592888
118994,0.33382002
112525,0.016014399
49474,0.017220272
67677,0.006676943
123515,0.0086528
148496,0.011493209
62271,0.022837183
83529,0.058277696
147447,0.008380184
723,0.03923449
130658,0.03881669
11825,0.11458607
46314,0.52934885
15299,0.022492068
137622,0.033305876
14167,0.014323978
45599,0.01422655
27023,0.12717958
72903,0.40603882
21444,0.0075314026
4706,0.41603163
12205,0.08603444
108646,0.010785335
6053,0.08425563
68997,0.012180907
135843,0.13421118
5421,0.11605964
111973,0.016880844
86697,0.21125601
72477,0.0065372577
53375,0.010017807
104286,0.010664332
56079,0.010648727
39282,0.11091812
57914,0.0067629702
146680,0.016098773
58481,0.09605006
21147,0.010507077
83123,0.009490858
113986,0.06427404
101130,0.012549825
14262,0.03197686
112668,0.07273433
113537,0.012784024
117630,0.048630662
54545,0.35303527
95634,0.3085594
94104,0.03128242
148271,0.0072556855
28408,0.06463803
114726,0.010704528
124993,0.012877626
102598,0.072791964
65481,0.009179649
16157,0.0149249295
12435,0.03421154
41617,0.013717544
137339,0.114350125
88503,0.012148944
146833,0.0115702385
17064,0.01219658
146094,0.017398866
42443,0.18278092
35624,0.010033907
63114,0.05921478
74926,0.09332583
43023,0.30868474
33225,0.025352623
68969,0.10319603
63468,0.04243144
110460,0.10439044
24520,0.4227501
61106,0.012994032
43104,0.10054781
14697,0.038624644
100964,0.70217043
51586,0.013044956
67275,0.09884257
123955,0.06928033
61087,0.018006315
50106,0.118247174
50994,0.01324542
124749,0.35428837
77864,0.048670556
99530,0.1956158
125888,0.36001647
3758,0.025331728
36318,0.008359327
54944,0.059448045
115618,0.018060096
12542,0.007831339
49444,0.012475739
16050,0.017824598
81921,0.08005364
17228,0.012859552
1274,0.62804806
4869,0.054715052
10251,0.0076387464
134145,0.007584
144242,0.14918172
140586,0.012018891
79344,0.06769459
64340,0.013759723
56141,0.31378835
146110,0.041835193
52920,0.01033927
98481,0.03290303
104022,0.07538159
115149,0.08005364
42387,0.0103531815
19494,0.009306214
27698,0.017900487
80497,0.06879453
25588,0.01894961
85552,0.009666176
107466,0.010652586
57001,0.023702377
16721,0.017074527
118929,0.044105075
78267,0.009375573
88646,0.017617226
101932,0.01541054
131767,0.07603618
98241,0.026315745
42019,0.017309306
87740,0.14516838
46453,0.009111661
90821,0.16293399
140846,0.21537653
17835,0.012212946
80794,0.013655518
22081,0.026207319
143171,0.019203914
31027,0.007840251
147956,0.054144442
135593,0.008304539
45595,0.20937024
29451,0.014862588
57908,0.013669257
2808,0.012368468
114792,0.010668498
696,0.02405108
115816,0.45226884
43757,0.011363391
13849,0.010721858
31230,0.39559537
94793,0.008399789
122830,0.010224846
27677,0.014690203
84556,0.009049058
145466,0.27138627
49787,0.031436097
141405,0.007448119
37584,0.01614935
47942,0.014359041
137782,0.0084031895
63993,0.13211864
121650,0.109355755
22260,0.0287967
111669,0.67831755
23319,0.32628092
5837,0.0161722
30565,0.013200883
94254,0.2815129
91337,0.011984326
80635,0.0058904127
71131,0.29790518
51961,0.0631877
102456,0.22149445
2474,0.007138242
108659,0.007575029
114605,0.05113146
146714,0.01003585
138331,0.021630384
140379,0.09701326
48992,0.014778269
137275,0.016928725
107290,0.08499759
27232,0.07173287
99285,0.036430754
9246,0.03013842
7265,0.021350453
74754,0.016080536
34644,0.013155387
28063,0.09558332
61728,0.01693643
47885,0.03807805
96057,0.006125431
47775,0.02363104
6514,0.010696997
129562,0.12774606
62629,0.025086045
74462,0.02614384
53605,0.011104139
102634,0.32997736
44389,0.010996781
98672,0.012925023
88250,0.0059960573
134641,0.009441421
78212,0.10737823
109586,0.0155023085
19319,0.029974747
95659,0.08750515
16719,0.010588762
147069,0.0628796
138445,0.01320284
98751,0.014174871
137777,0.031302292
66501,0.011180466
91572,0.0151227005
61770,0.12477617
129797,0.010995287
366,0.11097773
72596,0.17622496
76524,0.014668872
97832,0.101574734
30211,0.08547096
22912,0.052597042
78478,0.101870455
95992,0.45220348
147829,0.025058363
85873,0.040334325
79160,0.010083887
20382,0.12519142
142861,0.0073644803
119388,0.006613068
89361,0.06683311
15438,0.017197015
104819,0.009216395
7385,0.114225805
114463,0.008586964
38447,0.036884174
18553,0.013741837
116573,0.30544254
123663,0.053999666
52656,0.031699292
82236,0.009324075
86361,0.10111421
142955,0.013707903
73630,0.05881205
54402,0.04763741
80722,0.017024733
54669,0.011971771
63180,0.006541929
123918,0.10505678
41110,0.01317185
133636,0.0632321
125226,0.0127556445
18815,0.050842002
26175,0.04263655
53130,0.028931458
134356,0.09349269
10923,0.12826991
128774,0.007124596
53832,0.012450574
9321,0.013317276
16019,0.07366024
122725,0.007108292
98867,0.44949168
49761,0.014161963
67924,0.008052643
38510,0.052556165
31024,0.07119642
47203,0.106352784
13728,0.102499284
134094,0.038787976
88633,0.007022783
13427,0.012017384
124432,0.12083896
139993,0.053123705
81968,0.09738091
34950,0.19960576
147866,0.0125883445
3976,0.023320572
92449,0.007529187
97038,0.1649328
53390,0.025968783
63892,0.01781017
43880,0.023461597
121563,0.013614034
90900,0.009848048
4159,0.076613165
97747,0.012582182
8506,0.5006539
45235,0.0057617105
140087,0.0676007
84338,0.010013334
8029,0.026305238
109776,0.012287
51402,0.14682946
78169,0.012718121
31330,0.030894678
92006,0.0138814105
140824,0.020963214
22440,0.5830339
47926,0.070398204
104872,0.11137275
35389,0.013200548
38927,0.019126143
137515,0.019762626
106546,0.023614595
120212,0.017699022
132081,0.008969927
86469,0.01780505
66008,0.05391439
59556,0.030199075
106414,0.079314776
115814,0.2178695
96369,0.26824257
116447,0.0073968917
55859,0.013229132
104952,0.0101198405
145211,0.12247185
23162,0.21428035
86773,0.017072894
28218,0.100959815
312,0.015069499
33004,0.013609635
22752,0.015364461
114882,0.01469438
9297,0.066403635
57360,0.11627656
127231,0.15105373
88191,0.15657079
75883,0.0077847154
112658,0.0098874895
46503,0.0072841863
47334,0.09782832
135657,0.07925104
127190,0.058795765
1030,0.18253842
141639,0.017205302
72893,0.039947756
13663,0.029580312
87043,0.02923965
34989,0.010202879
126562,0.068254106
113599,0.012418813
53624,0.028405393
78988,0.0074217236
139014,0.033226877
77443,0.016828418
4880,0.0072303643
133749,0.013699352
148795,0.016026605
6258,0.051309615
46450,0.010804108
136839,0.069047794
32161,0.0502992
56966,0.013405205
126876,0.4196095
123838,0.12299509
92397,0.6022335
61754,0.36001688
122707,0.14137001
102875,0.011600264
76766,0.1949322
109935,0.104619354
36300,0.13148357
10678,0.03082284
35992,0.11606574
126751,0.00906817
8888,0.061886534
100390,0.09032228
72684,0.0074429144
23877,0.06743002
5304,0.006452258
61074,0.11474369
33971,0.011436869
136943,0.076665424
90394,0.017258346
94805,0.054969583
41774,0.050949175
130030,0.011679489
52561,0.3400402
127439,0.0077064293
110509,0.23231255
47594,0.0067256866
12571,0.017667893
73647,0.01299092
11696,0.007236908
81069,0.14513415
104371,0.071781084
92307,0.0077839866
135995,0.03621818
97134,0.016729543
144181,0.0756437
98532,0.00961851
27344,0.04395747
128797,0.01711705
132029,0.17319661
29747,0.03543428
128693,0.0070367497
37902,0.07888636
27925,0.032753307
114775,0.31799135
146076,0.027735569
20322,0.04307049
113617,0.01231112
139230,0.005970751
59786,0.010666485
35021,0.013762739
69440,0.009824269
905,0.014969528
76794,0.008612103
16926,0.037963208
134964,0.012896273
80495,0.31901604
73318,0.0117726885
130440,0.0073942067
16835,0.007287308
89345,0.0964578
63066,0.027254542
122688,0.0060857083
83631,0.009927093
53086,0.194796
5320,0.009862295
91929,0.06078249
27551,0.01855016
130183,0.006977328
137455,0.0162198
74847,0.033209555
73528,0.020752246
91386,0.07595493
20423,0.008591706
30357,0.05308162
8139,0.015394362
82209,0.021076644
34143,0.013160984
138518,0.5343006
114080,0.0065897997
116600,0.043667905
76433,0.12733021
134271,0.14870325
92947,0.010071395
125937,0.04419312
18439,0.01119141
70317,0.0073321676
40396,0.0075579993
7240,0.16252464
7267,0.011031223
108428,0.10354135
137660,0.0627456
146345,0.050052416
55314,0.012706062
58059,0.01863554
69117,0.052225735
136335,0.015331256
50957,0.014082867
81727,0.007274814
54010,0.009841108
134786,0.013759974
127146,0.009173761
125258,0.42810866
147209,0.013334938
88578,0.016970253
77291,0.0938019
56332,0.05061561
4118,0.10051422
24159,0.021706732
140894,0.22868733
89363,0.03683235
126779,0.01468794
73918,0.0130506065
24051,0.041285064
59580,0.08971005
143586,0.010769967
30732,0.007356909
58509,0.03184635
36759,0.010345576
99469,0.013100418
137281,0.010075042
109028,0.013877592
119831,0.0064744307
117364,0.0063432693
80620,0.0072411783
120604,0.016528603
147051,0.044826552
52714,0.009997062
132604,0.011103997
76833,0.0091142915
63244,0.014046585
115807,0.065100074
20474,0.0154173765
9293,0.014899587
32490,0.030901518
30245,0.012284715
87829,0.007310207
68998,0.008093519
54207,0.04657092
12651,0.014518083
6051,0.20799607
117523,0.020182608
85871,0.0136315385
59207,0.013064776
84665,0.053657252
12738,0.032871798
42333,0.01234626
108614,0.007426443
95919,0.013723824
93958,0.006532181
103124,0.032865383
148395,0.016924575
148823,0.044672497
121661,0.029686507
105879,0.040720336
61850,0.74855816
81301,0.1129491
131285,0.015501384
21127,0.020619867
143723,0.039691925
54372,0.008716249
57671,0.107094124
145337,0.04667046
109143,0.03594281
105186,0.011482785
17227,0.020641997
3140,0.03354303
5630,0.05384474
74962,0.12816912
137032,0.007830894
54754,0.0075074895
34053,0.015343706
49232,0.00835453
106217,0.026933223
57141,0.07627425
17245,0.007793722
88467,0.012127148
113080,0.049361795
122015,0.008948047
90998,0.008449229
1704,0.07360276
119527,0.087127484
114101,0.045186758
21953,0.05204581
62300,0.11734252
50854,0.0066262316
7774,0.009719352
88479,0.007964213
6189,0.010160637
66929,0.009071016
25231,0.03422974
122065,0.12295625
14547,0.013022409
73606,0.019116659
44594,0.12660627
53261,0.011522435
99296,0.01167261
145758,0.06911136
71948,0.08937676
121880,0.03155829
126130,0.012846793
97778,0.02738168
110227,0.022019418
75769,0.23394486
63893,0.031871766
45145,0.020832961
25289,0.6506392
99648,0.011923192
29366,0.050972853
138471,0.10377118
102138,0.0064998525
107117,0.0073810173
20303,0.010594133
26893,0.006579195
128349,0.012438255
138801,0.008978947
137799,0.068975925
142050,0.011816651
28741,0.016790928
147017,0.022692855
40762,0.0080539575
84155,0.059815064
114213,0.014157663
83671,0.008487634
128958,0.046048008
102483,0.010230311
90561,0.06215323
1173,0.055766255
92922,0.1200029
81924,0.025003089
34507,0.02103068
24848,0.006813921
87933,0.08830012
98304,0.045682717
56943,0.055271078
110637,0.06746991
62149,0.02382676
29239,0.0370765
53437,0.36877683
103563,0.12515901
21995,0.008177032
96492,0.015137509
62064,0.014148681
72230,0.015640536
36514,0.00924571
141393,0.023707803
120500,0.011507351
46624,0.014288782
13153,0.047771215
37954,0.445369
101856,0.022806514
114003,0.010769967
19975,0.08546572
51121,0.01139605
50672,0.0107420925
46143,0.016445322
52091,0.014603623
14664,0.056695823
50640,0.010477838
49925,0.023301363
34658,0.030634262
108840,0.13279772
26808,0.020216879
86633,0.0069633634
112040,0.00892428
80750,0.008761856
83509,0.009759454
113056,0.008401668
108441,0.008546609
137911,0.16323787
21058,0.010987741
146293,0.017494863
20878,0.20061916
32227,0.010876109
35294,0.008895155
85001,0.15674148
118252,0.00696245
136507,0.032234803
20633,0.17888702
10707,0.080050975
133199,0.008690314
123642,0.012571706
77941,0.00859431
22247,0.046202976
21144,0.048451368
93240,0.013147978
110553,0.012436259
111594,0.026118727
10641,0.009039186
60986,0.11469687
105294,0.060762554
73912,0.013320998
27620,0.013151437
98009,0.059785128
142403,0.011806588
76012,0.009038012
138626,0.36379918
40879,0.00991513
63657,0.0072078635
92461,0.20557886
26173,0.00825065
104862,0.0068176007
2810,0.034815267
13753,0.0076785847
42430,0.106608756
68846,0.07542915
84800,0.035002463
25634,0.013766137
72939,0.33812878
118287,0.008216903
53246,0.04539581
146719,0.013637124
22069,0.13619125
118620,0.04472299
76899,0.07804486
90127,0.09267859
86335,0.007254462
12337,0.03724417
17065,0.027347505
8008,0.011291422
50898,0.009413327
67992,0.0298119
136068,0.26574412
102751,0.013152243
37553,0.009566174
132482,0.12502035
98174,0.011677745
103577,0.040390253
100437,0.17499451
125904,0.009568555
39899,0.049511816
103028,0.18809894
41381,0.0707236
28382,0.0079813665
51600,0.11655333
993,0.03099937
143420,0.027250394
2120,0.2520101
24260,0.1622545
121463,0.017665088
144787,0.017701052
350,0.02857876
90366,0.023639923
81657,0.043065295
148301,0.01335758
146659,0.014666687
106389,0.018449344
119013,0.35016853
111124,0.19687857
70595,0.033490613
48137,0.1778517
12229,0.008352642
125729,0.009467237
9240,0.018036252
2708,0.23111537
30553,0.047940373
122104,0.0082312105
99487,0.052167244
57087,0.03632586
133075,0.15245958
145375,0.20223837
23231,0.029727686
122677,0.018526187
33397,0.011169211
34549,0.012868442
131972,0.009391969
14710,0.024092438
94418,0.00792126
49603,0.046795
24445,0.012254988
113114,0.005857012
25118,0.0060818614
67446,0.03614393
244,0.05235529
9748,0.3396987
134731,0.0065733884
36959,0.09889053
143308,0.12834172
57374,0.20145188
76693,0.011196092
28822,0.036331546
105196,0.053849682
20724,0.006984233
118315,0.017376829
139675,0.012616773
108976,0.010856608
133414,0.011986545
44156,0.017152214
84605,0.07057353
105205,0.04977542
924,0.07527582
80980,0.023238083
101185,0.065748006
126893,0.07119062
135519,0.015963428
14258,0.030147167
65007,0.015077003
61470,0.1276622
116237,0.010895901
5596,0.012792571
106471,0.48991016
100946,0.015150979
16385,0.025585802
122245,0.07972786
35135,0.16145469
42258,0.0069727805
71053,0.057958327
2305,0.006580623
68966,0.009315235
113122,0.03787213
120574,0.015453726
123944,0.031050496
83608,0.016482787
74522,0.03742155
141357,0.0077329143
7633,0.028776562
46039,0.08992597
66852,0.026581544
9848,0.012622958
36481,0.013640626
132242,0.049306635
47670,0.0060760505
43316,0.010876011
69235,0.008352337
51082,0.07657524
21554,0.010667155
41022,0.029995793
100992,0.016669275
60677,0.0081435405
110745,0.010557415
79851,0.0077846413
11716,0.023434313
125313,0.0076116337
112553,0.013916571
99040,0.02863383
102894,0.019448398
145739,0.022892352
149229,0.009377991
99159,0.027171947
108684,0.013919005
39324,0.039458804
76271,0.011960067
64787,0.009097985
138904,0.017128589
42050,0.0072842073
100433,0.019588433
35139,0.013586578
37161,0.019539384
63344,0.013132927
49738,0.5604166
139866,0.03249444
2901,0.03164377
26392,0.098428965
144697,0.058732916
47957,0.06949624
66380,0.032483347
10888,0.034090888
107342,0.26906776
135425,0.0528158
86970,0.04301696
19389,0.021274103
103172,0.07866493
8221,0.0150762815
4595,0.09570004
133727,0.08897903
116371,0.03886006
24077,0.0343105
73983,0.01562842
51456,0.02257746
145441,0.011925649
105400,0.008767328
30272,0.12037707
80652,0.049721334
31210,0.0068912627
17718,0.061589412
107536,0.011784527
83523,0.00676626
45736,0.010587113
10551,0.24457598
140291,0.0129010575
15660,0.00964205
14105,0.079823054
54139,0.0071345493
51738,0.048563674
46995,0.039795406
117286,0.07246659
7555,0.01269998
71444,0.08582584
76029,0.02423712
58545,0.0060250205
3874,0.2883872
10817,0.7117732
96925,0.03587906
87420,0.014442869
132888,0.025183422
32427,0.103272244
128778,0.2171042
148299,0.32189915
112187,0.33395216
46059,0.0318169
17641,0.03138936
11808,0.012445509
2560,0.5224829
104666,0.0110689495
99761,0.21865039
94447,0.008437549
139791,0.0097039705
67665,0.007950794
18822,0.03860349
87863,0.0525226
99111,0.037352238
117633,0.010807931
45513,0.08511451
49245,0.008141838
33106,0.0298904
52005,0.06156579
100203,0.006965767
104459,0.03804874
68525,0.016398832
112959,0.19258308
49653,0.010682725
87614,0.27417302
86670,0.023193365
143630,0.034941576
139118,0.011635784
115652,0.103566445
68281,0.07207613
120289,0.11337284
131213,0.036020484
75528,0.047611944
104051,0.013947287
57487,0.012906007
93283,0.12784263
141971,0.006031538
57557,0.016064141
51316,0.07647065
106566,0.43852776
56106,0.028500756
96217,0.008574879
95023,0.006796701
118858,0.008444913
37684,0.056562573
118227,0.007823073
13758,0.10085379
47178,0.071252316
140534,0.018087322
102424,0.20108934
55399,0.09857757
107628,0.005887035
77915,0.020036822
90133,0.01238946
148610,0.052561708
134136,0.013646125
115953,0.32672954
109308,0.07807041
146171,0.005988709
40613,0.098974176
22642,0.113299504
103047,0.19715245
3913,0.007219932
59382,0.010832184
15519,0.0067249695
118136,0.11840781
10798,0.012876524
21175,0.009054263
77368,0.036140524
38732,0.069591634
90051,0.06689257
27777,0.011528872
97243,0.0067675933
139397,0.023836112
125241,0.030089183
3835,0.035397336
96305,0.010976295
75233,0.04516913
22371,0.061750915
106717,0.021622151
60667,0.03324117
109714,0.0067987675
141755,0.009626699
84149,0.007019632
46103,0.028607251
103623,0.010660439
95701,0.009473137
41893,0.013253386
20362,0.012449583
64263,0.012522158
124478,0.12978628
114278,0.006863677
6245,0.07680593
44028,0.009395478
109337,0.09014603
107723,0.033711538
19294,0.047577124
77493,0.010240504
49723,0.0074270475
7809,0.0062900665
40608,0.03510766
56620,0.10261748
55034,0.069070175
89948,0.007674037
124883,0.030300215
127719,0.062741496
5104,0.015492822
10945,0.01701867
74604,0.35413045
34897,0.23263627
64316,0.12370217
99926,0.009464295
72848,0.082013294
81079,0.06829374
67151,0.21486703
131816,0.34578526
49952,0.12281825
83867,0.32753816
77068,0.1069424
73249,0.09858412
132375,0.010229485
97094,0.03991453
96096,0.016863221
52609,0.04773794
95382,0.021419708
132508,0.016424503
20657,0.012456814
114610,0.023265108
40131,0.113483444
128700,0.06932405
21540,0.05914716
112284,0.18857291
55604,0.013956563
4893,0.011184606
65697,0.20854464
121409,0.078029744
108125,0.015151156
22199,0.015291549
117927,0.53968537
108897,0.008998418
111741,0.03585776
141529,0.07194978
30158,0.009396096
78424,0.025759619
89114,0.09242049
102463,0.0066654226
117374,0.12515028
77895,0.117539234
80816,0.027612234
22486,0.025009593
70109,0.0061904667
115601,0.07005039
11611,0.0118561145
9427,0.034769967
49851,0.07040636
47013,0.22365324
32515,0.043935172
17657,0.05409459
105748,0.09138414
26489,0.013188218
40050,0.081934854
9763,0.051383033
52332,0.02206922
44364,0.4842796
33721,0.09283146
77874,0.013114258
80076,0.007989091
143411,0.017491635
40558,0.043415252
58530,0.2017702
114250,0.033743564
75134,0.08230664
142483,0.019534947
51758,0.044042896
98112,0.0072404644
47457,0.017737048
44209,0.014588987
16198,0.01085025
57233,0.01055758
131359,0.016564086
141205,0.010075114
118576,0.11622892
48883,0.008800222
71760,0.09610188
79356,0.014908632
7512,0.006328757
126735,0.08517607
67580,0.012966755
140139,0.017097574
35413,0.03447803
70789,0.08317005
149320,0.03792046
26700,0.020315321
127981,0.008989591
17340,0.015943838
96548,0.040133
36452,0.010984984
41399,0.14596967
147734,0.012618585
44510,0.009536064
122123,0.014020306
1454,0.006504254
62649,0.023277836
129340,0.03633022
13275,0.021117982
111992,0.013499457
119107,0.0106566725
67699,0.012426612
51622,0.035609547
3041,0.01912469
16105,0.16696173
49691,0.008017749
107037,0.007848147
83217,0.15364718
37113,0.05084389
24139,0.030630102
47092,0.07955711
92849,0.007503675
119293,0.0065459437
123140,0.0162869
106384,0.010505931
125600,0.0065924567
62313,0.22927459
47791,0.06222232
7420,0.036582995
80376,0.08552239
123357,0.032114334
195,0.03240747
462,0.013216887
117619,0.036591895
90030,0.011356412
133386,0.43001804
87378,0.5844609
59456,0.027119236
97829,0.114801824
56631,0.07470057
34642,0.40525717
145373,0.00855668
56796,0.12676318
79812,0.0097494405
75094,0.05308974
39302,0.06227383
44247,0.026403992
144142,0.21664488
49453,0.008974612
4444,0.21362993
118411,0.013826213
10065,0.0065361615
110418,0.046778064
92042,0.061497867
73263,0.0065796594
59853,0.30353883
132016,0.038893387
46891,0.006293155
54938,0.040251102
31081,0.009248781
22076,0.041049942
101601,0.013756643
19957,0.09892036
108710,0.019524962
141448,0.17860925
141030,0.10346603
3877,0.031062506
78684,0.021468537
88967,0.04698038
4325,0.011818487
26438,0.009522351
46371,0.021749353
105726,0.055820167
113222,0.046885062
102779,0.123805575
94806,0.044125643
56902,0.085670814
8669,0.31659594
107577,0.025311252
5485,0.023003897
130463,0.010933785
62247,0.05695355
9857,0.018163657
89808,0.0065647494
99806,0.022820061
112561,0.111038305
119635,0.03628422
96580,0.06500606
56462,0.027908793
126921,0.046477955
16471,0.014412663
114430,0.22944753
28054,0.0135244625
43818,0.4687781
27600,0.010518247
50561,0.030683523
15062,0.07526201
36145,0.020302476
31693,0.03253818
15089,0.08639234
68131,0.012202015
5531,0.00794287
4020,0.012418918
119523,0.01222391
142806,0.0073723826
92758,0.012404844
42015,0.034350686
9777,0.006622914
21088,0.015948836
63168,0.01498608
11238,0.018843543
149601,0.038575172
100928,0.0111734625
147835,0.11698807
69526,0.0067587434
103007,0.012411669
25599,0.4218614
47145,0.46598387
28692,0.3823876
142086,0.019123925
86299,0.014419608
82687,0.009428938
26649,0.043339733
9079,0.009475825
91826,0.03386258
33228,0.19576983
74837,0.019089304
18782,0.008961237
51595,0.012131639
135400,0.016292525
39267,0.011452493
29270,0.0061575165
130018,0.019475993
21901,0.012972578
15803,0.034278475
97050,0.012672787
49801,0.32860208
114857,0.08491186
111033,0.027232641
4726,0.66626316
146193,0.025364315
117367,0.012790892
99237,0.046408202
67937,0.00851981
76480,0.023969965
86242,0.00654609
148415,0.038288668
22812,0.02803122
7050,0.0641698
40778,0.04281595
97908,0.06682319
14238,0.017125811
1434,0.05914307
126663,0.02677612
16672,0.0323946
121500,0.07491276
107667,0.011553308
102900,0.029461125
4254,0.008848705
15499,0.09013262
148675,0.14531302
104518,0.080391034
83899,0.025943754
66109,0.020145409
117910,0.008433775
125270,0.021846555
135907,0.00980702
89727,0.01590993
69116,0.30640954
125662,0.033728123
15386,0.015151221
79295,0.13764085
33356,0.086303465
7883,0.012617587
24064,0.011260111
48271,0.014499505
63815,0.0070824516
130368,0.010286738
102737,0.015091023
22446,0.01203115
42551,0.014830206
130219,0.014152487
77947,0.010349405
52897,0.011298823
8633,0.09876496
44222,0.078918606
79180,0.005988709
133746,0.09041703
104142,0.006432907
98331,0.051377498
86363,0.040051352
17277,0.25919235
67047,0.0154508315
77033,0.00604635
128917,0.028517064
81345,0.07199121
99501,0.1770537
118460,0.050996393
18868,0.40417123
47796,0.34945923
63435,0.018261008
125474,0.0543895
107205,0.03681878
20784,0.11986238
33187,0.008567033
96170,0.009101966
54350,0.007510279
115230,0.007519764
133534,0.007117182
147417,0.01185096
111289,0.008906731
127770,0.055458486
36130,0.05721201
20580,0.011578061
42406,0.031801376
53129,0.018132912
39188,0.0110330125
45909,0.041322593
106485,0.080409884
113574,0.016930945
114549,0.009397294
26953,0.019364523
128912,0.008153008
146835,0.08118433
74750,0.012016632
10119,0.10137127
103766,0.005914076
6277,0.023580935
129350,0.06112126
15668,0.067391016
15492,0.22870496
82427,0.12648419
106879,0.0063968347
122292,0.014960277
72356,0.01039595
43436,0.008539174
26172,0.0882347
66708,0.071691416
47424,0.014337092
119305,0.1029859
81450,0.2828126
48245,0.47987345
107092,0.019178716
115960,0.022169044
65267,0.2857935
78392,0.022679312
125073,0.007376502
80288,0.006786556
10407,0.008534641
60233,0.22980483
18640,0.015723076
9679,0.014552467
51634,0.026018202
108303,0.00837669
4702,0.07579399
71700,0.10551379
33669,0.010346255
94376,0.009377017
14598,0.018996898
100893,0.067079216
57036,0.012276368
76545,0.02757791
78894,0.011392177
27868,0.13747
30465,0.013000737
132237,0.04838973
16453,0.02347264
143303,0.04994668
99056,0.043096058
28924,0.019831672
136703,0.08662309
78199,0.03766359
64520,0.027407167
70937,0.022700535
86525,0.10114833
80610,0.09899162
83416,0.011531301
38346,0.16099322
147121,0.010441902
108752,0.025524316
84380,0.012237245
96819,0.024838934
146553,0.15921657
88184,0.02403839
88599,0.043590646
18075,0.008106802
119883,0.049935896
145913,0.01857935
113000,0.008819675
128136,0.0060034133
139704,0.0067257565
61935,0.24177179
128663,0.054788716
129244,0.01682012
24741,0.011575971
57981,0.030508956
113664,0.05201968
66329,0.025246091
45350,0.006232281
42042,0.006520287
20817,0.2811111
77318,0.025248604
91021,0.02660701
147148,0.02470955
29205,0.09404591
17944,0.05945593
73296,0.022787394
120294,0.090933464
67766,0.045072142
117766,0.043225408
33007,0.027255079
36564,0.009791903
50843,0.0064483285
40311,0.010902795
121560,0.017643092
102738,0.0082610585
109249,0.18272948
16218,0.018524913
144045,0.011638159
86750,0.04698125
95948,0.08240668
101683,0.00969363
97179,0.015623044
144774,0.4831974
51044,0.015692737
22678,0.075585105
107298,0.011974986
142664,0.019722678
98171,0.018694473
108209,0.014992628
211,0.011783544
148764,0.12291433
39954,0.011379747
19181,0.010608888
128645,0.0077745016
149460,0.013871154
83074,0.040820885
31576,0.015156715
21683,0.008287694
100237,0.015552202
100043,0.0082462
55617,0.008168702
109029,0.012385552
7060,0.05987106
51978,0.01787277
141164,0.18465278
113164,0.02485197
8817,0.0121600395
119258,0.00945861
114128,0.04875825
120230,0.13436681
31075,0.10077023
130646,0.0076178247
138681,0.11751542
8138,0.008947134
66105,0.1601232
149922,0.005476895
79765,0.018126084
83020,0.021532752
24196,0.023032574
107393,0.094307825
84109,0.384834
117753,0.0091666905
51661,0.0083406195
108245,0.092728406
70446,0.010125574
102525,0.37183946
53569,0.01123061
80919,0.015506123
78791,0.030196266
89978,0.0068883556
928,0.0110279
145234,0.01466513
142688,0.05421765
22986,0.060444225
84111,0.063985564
141015,0.029054832
132085,0.14253792
21780,0.013437677
42085,0.058118083
44654,0.03458519
3479,0.013221316
103425,0.0406827
46205,0.005985426
63632,0.014495315
72687,0.07971902
94490,0.0101051675
914,0.09587969
86371,0.011549121
62547,0.09426363
87948,0.054614626
72047,0.0065828147
36112,0.114967406
13308,0.28662664
50427,0.12337698
55252,0.029088616
116104,0.055642765
5002,0.13183756
88905,0.014244156
22386,0.10448611
48207,0.027319424
5124,0.15238206
64727,0.01850878
57203,0.58832884
37099,0.09768137
8940,0.013130468
26528,0.0729229
72593,0.1342596
35552,0.01014031
15206,0.032872252
220,0.0276921
109103,0.014142883
37824,0.012240525
112434,0.013305477
43120,0.04387486
60819,0.13170935
78101,0.25034165
85580,0.03798595
143869,0.1070941
74376,0.042450894
124445,0.025319755
102141,0.01652186
13328,0.030407697
104821,0.009684771
15430,0.012442597
105625,0.014967109
6285,0.008312904
61753,0.012365905
21132,0.010286903
81226,0.006255602
129848,0.019798798
147662,0.01806149
80775,0.2527795
96431,0.0100340545
84895,0.41633058
35215,0.009698502
83188,0.00996882
85483,0.014006952
132471,0.08130127
107725,0.105489634
51024,0.033677995
70336,0.021935891
72507,0.0126202125
5598,0.010838286
123852,0.010901088
92087,0.009829865
88091,0.027126
31536,0.016575929
8417,0.05045721
115716,0.009989978
94920,0.08541903
146460,0.14434242
92232,0.10404854
147574,0.09686396
115216,0.09908303
139955,0.40395775
120292,0.03002737
104881,0.0066879992
33717,0.008368974
23519,0.043760873
34647,0.22353269
145544,0.012554256
101244,0.01960693
76890,0.046645634
111959,0.066877104
127010,0.07543717
118364,0.028272668
121113,0.10169048
58859,0.009462918
48047,0.022392238
82431,0.09061708
58434,0.014205629
24804,0.022196462
51503,0.42606175
69010,0.038568348
109648,0.013752121
78805,0.04340415
49679,0.10032885
21434,0.022988677
46288,0.034392092
139109,0.12866622
16122,0.07705587
3441,0.010335475
11187,0.33943
112885,0.069412485
108854,0.010265768
145197,0.03342245
43247,0.011785859
113090,0.043058164
63223,0.04315818
98383,0.20273343
97802,0.081327274
116060,0.09573986
85925,0.07754508
13204,0.013106972
106086,0.047714297
60728,0.010917275
41718,0.011328645
105968,0.023124438
119165,0.012071383
61751,0.011364365
66760,0.042189118
85154,0.012231599
14051,0.013441319
140058,0.00976405
34525,0.007239207
36404,0.08661739
52929,0.006857991
138114,0.014406635
34434,0.014278968
84802,0.005985426
32665,0.015104999
15741,0.09271314
15510,0.08132529
97878,0.0057068896
50936,0.0070480267
61268,0.017131569
128037,0.008928106
89247,0.010021879
75362,0.02391814
71708,0.036682714
79608,0.009562353
72382,0.063806705
100756,0.0151921585
67110,0.014800425
8922,0.014808931
49205,0.012145282
10467,0.018340534
49048,0.01983978
18036,0.057456546
109539,0.007180036
12893,0.0116952965
90717,0.014615106
12428,0.014051697
5064,0.092702374
3160,0.012959501
93020,0.0067012
100288,0.013326302
74488,0.009975109
133948,0.007466295
86566,0.015038581
128274,0.007264494
102997,0.017882884
58683,0.040834423
116092,0.03305239
87987,0.009065029
121598,0.0105016995
117093,0.016218202
14753,0.053858563
99114,0.09183526
87832,0.060279727
127468,0.012555889
130429,0.017571878
33553,0.07785311
137061,0.50053906
32352,0.014612972
83401,0.013537394
124494,0.1244051
27558,0.014711118
111976,0.011249444
98130,0.081479385
75191,0.012858317
119971,0.015320102
95025,0.12604459
14190,0.039293155
44952,0.017937897
80823,0.059484627
49030,0.01090761
147860,0.021487322
106466,0.068527386
17859,0.08477815
5226,0.09763769
28383,0.03703534
134590,0.0074093873
129619,0.03526357
108255,0.006720846
106899,0.03634993
39254,0.5851801
36118,0.03145282
65444,0.57546765
33443,0.06454082
37966,0.20045935
120758,0.0065897997
86206,0.024342142
147967,0.012250342
7174,0.3325386
87689,0.0092048505
144492,0.023191398
129526,0.033030808
70353,0.010236913
137857,0.006142693
145821,0.020286467
106808,0.009360753
60774,0.08248508
48812,0.03627421
37018,0.008645931
22863,0.068855174
74264,0.23816527
40681,0.008083767
27539,0.014398825
78634,0.01979868
50729,0.038917236
113626,0.038516197
94208,0.008037661
101005,0.07398468
138609,0.028989078
14907,0.019259948
129151,0.009219679
55702,0.0064505283
27699,0.0084839715
100330,0.015531387
36029,0.0091904625
60241,0.0088692345
145,0.017706186
98795,0.011024555
33720,0.1274541
123789,0.03291745
147050,0.044042714
32976,0.044062283
8810,0.010590665
137330,0.013749529
128665,0.049129132
92818,0.061060842
16787,0.010177351
60054,0.07590464
91131,0.085673794
44619,0.034562342
975,0.41940475
148466,0.04991448
133677,0.0143958945
109631,0.008964456
68780,0.18507819
95022,0.01618344
86244,0.06450081
133892,0.0074725733
134321,0.013769833
9578,0.041251577
12790,0.0117206
148587,0.008003395
74042,0.011516832
7584,0.019361606
97056,0.009535934
22305,0.013913614
40406,0.01461265
146480,0.00954462
123828,0.043123383
89742,0.015226834
135682,0.012916898
121657,0.009815053
136091,0.059811488
4246,0.016437966
67655,0.023976415
123279,0.012958555
7599,0.020583019
29616,0.03622327
101644,0.07082976
71325,0.041793548
69154,0.47091264
34379,0.032222267
141369,0.43377563
33944,0.010915947
41719,0.03662148
106295,0.026050406
55209,0.010654869
71133,0.02007163
3128,0.014891904
88930,0.02192258
80618,0.31055766
79945,0.0075752083
69942,0.21827593
129043,0.084760725
132205,0.01874947
148730,0.07930128
25842,0.01956446
144955,0.036812056
137204,0.011298547
116624,0.0067017265
76360,0.046597168
118031,0.009771886
46440,0.008281022
23661,0.031035211
143185,0.00921822
60540,0.0069771097
87204,0.016579699
24969,0.009262419
106605,0.06772584
128078,0.009148768
124378,0.05816464
60082,0.011081917
94730,0.009201046
31818,0.07235677
127930,0.012596527
24359,0.0086646825
135514,0.013768675
87521,0.021307254
124526,0.15082967
18848,0.023090938
113869,0.11847631
87406,0.0109329745
39151,0.05548869
42948,0.31085637
35743,0.012852696
70967,0.037645344
96029,0.009153343
67476,0.061133318
39471,0.009990576
19397,0.021498244
50161,0.010198146
50070,0.009844663
96733,0.009764124
36412,0.016007103
45094,0.0066222902
66754,0.0085649
60811,0.007972062
120660,0.010793876
77160,0.1050403
127768,0.006245978
111353,0.12648514
91260,0.23699589
104462,0.007040326
111724,0.0061979312
86915,0.012019003
144338,0.0066674654
64421,0.06755875
1007,0.024086809
142377,0.01841486
55977,0.32965532
13619,0.040640853
97702,0.006425798
30604,0.043298423
111427,0.014244437
57407,0.010430355
134723,0.03170607
44678,0.011695952
84505,0.017201116
96410,0.09263649
148420,0.021422436
78611,0.096593075
10658,0.027780887
111268,0.0066831256
53484,0.46355355
34269,0.54261756
90518,0.019324223
11361,0.010784873
72487,0.008948136
24775,0.0070760166
89909,0.011978913
9291,0.038532726
53066,0.25780722
117933,0.059819635
22643,0.022442061
24178,0.0941906
9974,0.011859204
112902,0.037551302
47758,0.01159387
57399,0.1432917
148850,0.11915725
58964,0.11472276
149090,0.037836038
144199,0.32212806
141536,0.013683671
132716,0.080781296
55890,0.0071063973
54850,0.0430217
26878,0.040056802
50530,0.00791775
106296,0.025192773
114451,0.015392915
75513,0.044049654
137360,0.02990219
7017,0.013093933
9072,0.0061746133
67423,0.050138336
85218,0.011202803
99352,0.035120085
92754,0.011467424
52345,0.010105129
133864,0.013650593
94506,0.16923575
59551,0.009297926
126795,0.10692079
49888,0.007810917
77027,0.042168554
58578,0.02807771
76800,0.037285514
137785,0.07637971
28856,0.016422562
148679,0.014841135
77494,0.057559513
58029,0.055398233
99198,0.042886328
2846,0.08051684
70694,0.073610365
48663,0.06407305
76717,0.021006696
63542,0.059339967
79839,0.018320983
92202,0.0117219305
125881,0.051323216
141088,0.014047088
67259,0.33022624
97309,0.03148131
46192,0.017801221
129005,0.025333308
86054,0.012634171
27708,0.046764724
61518,0.24555388
25424,0.014305111
134720,0.022939997
120784,0.010401578
70934,0.06661174
37068,0.03355949
140600,0.04166804
83170,0.03697599
13171,0.0109353475
96748,0.017277354
44146,0.019790297
131454,0.03890161
114586,0.010158624
60112,0.112892374
132672,0.17358047
98785,0.051067647
39451,0.020442156
46882,0.041458078
42012,0.0075887274
140842,0.03911032
76608,0.5464134
79689,0.006703092
34880,0.016578058
67221,0.0454381
38587,0.059128456
95535,0.06935971
139187,0.013965135
52655,0.48357376
113405,0.2669707
140770,0.033918068
126446,0.011203913
10716,0.08744075
97564,0.009803848
25590,0.057941664
90256,0.00599081
52234,0.02145213
115267,0.0090832515
73939,0.099396095
75844,0.039520983
106962,0.060715288
23202,0.05081473
31195,0.022127872
110796,0.014668037
79554,0.45375782
110625,0.0066548446
52851,0.03903669
13705,0.04626794
84502,0.016133424
71234,0.00825334
65320,0.040071424
69854,0.0065606805
27118,0.044513535
134597,0.4798843
25033,0.13422568
2970,0.012401859
108496,0.0631347
113541,0.010000608
84164,0.03154917
146080,0.0113759
14824,0.012932471
34152,0.03078341
90588,0.011251991
61992,0.010114634
28135,0.01662243
128580,0.036795713
42882,0.054019205
130843,0.012812635
117836,0.07226528
44809,0.031016264
62287,0.007652523
32726,0.014009618
121436,0.017059049
135860,0.03898844
84894,0.0075311214
21405,0.00811604
71654,0.18899229
68363,0.012254671
29118,0.009325181
45684,0.013707155
102717,0.0096239215
8053,0.02837505
82865,0.030534444
120271,0.024847262
137222,0.05160237
113546,0.035832208
40716,0.31221285
63104,0.3951594
116952,0.011797728
82388,0.007186215
139132,0.008166276
8310,0.21366784
124399,0.0070574367
107606,0.014814573
77962,0.07487577
104536,0.38889787
83026,0.076422006
15029,0.009216813
134418,0.009042355
49767,0.014198018
66594,0.0058664586
148941,0.020298464
9822,0.0061533274
137106,0.16475898
139578,0.013374332
131147,0.031332064
135695,0.007987583
97978,0.007384173
123967,0.0430971
72164,0.01800297
75345,0.03014854
2955,0.036693215
43010,0.03852629
34104,0.016566519
106269,0.19412075
133718,0.00709629
57100,0.009439187
120928,0.025390396
35428,0.06953474
111278,0.022188185
98818,0.014640929
137225,0.13883749
60838,0.0135763185
38884,0.020682383
58218,0.03871264
127192,0.009782717
27891,0.012347725
22819,0.008238206
78093,0.009857197
35271,0.30497795
47217,0.008311592
48973,0.0066719456
50879,0.014871171
125345,0.009788432
57302,0.024788648
139958,0.057409864
138324,0.008219254
47127,0.009024339
2527,0.026301354
82441,0.11473764
30072,0.009550866
113229,0.13287956
149748,0.0071519087
94387,0.031655397
126389,0.0097247055
87160,0.52197045
40187,0.41483814
34116,0.006966256
57821,0.14098264
59758,0.011999468
108290,0.0115848845
47175,0.10465904
73086,0.021407727
136632,0.046033263
69802,0.021500375
140948,0.17552708
146884,0.00765916
107493,0.16872916
41798,0.009237589
133277,0.011046658
83452,0.025624687
73138,0.008252629
131469,0.09664808
37858,0.3569446
118466,0.07249379
144895,0.009438456
106573,0.052826595
148039,0.029788718
129725,0.008721792
123992,0.0115543585
80009,0.037067555
20364,0.012875451
22135,0.07468722
48166,0.040978465
99946,0.041825898
100908,0.012056579
38332,0.041626006
128861,0.39803573
106088,0.4696651
124593,0.031547587
25006,0.014794239
466,0.021792062
39752,0.046488088
640,0.0254544
115928,0.009901947
6283,0.46574968
25560,0.010918665
117897,0.009727869
37520,0.034948137
65154,0.018200088
21912,0.016805017
36630,0.17804854
99770,0.42474568
65432,0.012640402
49623,0.006489527
103230,0.012962264
66853,0.018401794
21307,0.010413644
140852,0.031219903
121513,0.02040331
88486,0.014152706
36163,0.22672845
104815,0.018690156
53110,0.0150461625
2167,0.054949895
35638,0.024030324
31062,0.013888782
75319,0.011057212
94846,0.2924768
94514,0.013620586
22104,0.18637492
19409,0.06512016
51602,0.020080216
16560,0.017002938
148829,0.6884241
57211,0.06972187
48800,0.014177637
118556,0.04871523
81480,0.012131543
96645,0.009816767
130438,0.38819742
12594,0.007912852
70349,0.024170384
70509,0.009119207
90235,0.008598251
53297,0.0068477686
40333,0.011713051
32973,0.06352734
142156,0.013222399
54959,0.013264004
66563,0.29789758
137041,0.014373328
33333,0.0059790486
34733,0.00913411
144939,0.01810139
39194,0.008299664
61936,0.008127169
118234,0.006570465
143501,0.019665167
39393,0.08667913
20459,0.0170291
23712,0.019166365
72902,0.056759413
75211,0.009796843
137226,0.06412104
54700,0.06688261
25296,0.0140895955
138924,0.014384573
141897,0.10044582
14330,0.05118575
79726,0.02376396
11976,0.011949461
3904,0.0063854284
40013,0.0202281
60292,0.046385493
138396,0.04692468
3318,0.04312751
55612,0.018707668
26706,0.0137172155
81724,0.07394757
123302,0.31462964
12077,0.010529786
139879,0.020647109
71471,0.019131651
61917,0.06945095
14756,0.028586075
68736,0.0106378365
88648,0.13295646
86173,0.05437108
22066,0.060637034
1707,0.0106415255
147025,0.011140436
120804,0.14182127
8676,0.010304998
54035,0.055005834
143086,0.012842003
74529,0.083993204
95404,0.016563155
44374,0.011956654
115296,0.06121873
20430,0.052666895
75923,0.005971648
75686,0.021269357
96121,0.009742565
109577,0.073161006
47786,0.009783118
67725,0.006541812
124707,0.007043783
126535,0.053843897
70264,0.008714831
139617,0.07026184
109360,0.04795033
32222,0.012474788
16110,0.020559289
63292,0.022183685
29023,0.006371617
104730,0.12099804
112135,0.014460771
84501,0.014396916
7369,0.1358983
113779,0.029057737
99109,0.057552923
4513,0.017725362
71742,0.54234415
104637,0.017337995
80626,0.041886516
65872,0.109355755
25036,0.12735529
95403,0.017635101
118,0.014441817
26612,0.006028086
25594,0.010313234
28375,0.024015369
123734,0.11196573
133426,0.046427432
55147,0.010194008
65814,0.040444225
42617,0.05564925
95495,0.33925936
84517,0.7166182
120390,0.041103058
107805,0.0122293625
42534,0.09164617
90501,0.012516929
107318,0.014335649
89195,0.0650502
51115,0.030996466
14571,0.01708889
91470,0.056851976
82761,0.036137544
51116,0.036197208
4839,0.018022174
71755,0.008364064
125307,0.016842736
145412,0.017290192
52796,0.02616405
58024,0.0060792076
111068,0.024821833
61665,0.057725463
143492,0.07815416
77859,0.0060566347
134854,0.036541663
70123,0.041294277
27630,0.009454023
4692,0.09040345
59743,0.021873625
127552,0.02012781
61906,0.01818045
95887,0.08976096
110076,0.012077976
38777,0.013397317
20480,0.5308007
104171,0.013409279
72033,0.07417902
17886,0.06225125
121954,0.047446374
4238,0.008667127
99129,0.048852086
125633,0.02865882
149462,0.011516972
66167,0.06274232
67232,0.11635355
81803,0.042462826
31284,0.11642594
37677,0.0071360725
13225,0.3201689
80365,0.008001522
28363,0.0678275
105159,0.022817457
8254,0.095362075
75242,0.006121423
98558,0.349914
109677,0.018126689
40640,0.0676205
73923,0.008949316
109414,0.0073158494
35534,0.0073685036
135879,0.016084036
79427,0.0064568208
7595,0.03811975
35729,0.027581107
136047,0.057579536
51949,0.013496892
36510,0.106970884
58194,0.012222804
39012,0.10494932
60800,0.011429023
86186,0.01174775
111463,0.07288679
109664,0.24986865
79736,0.024196034
123336,0.023463912
126800,0.011103432
139806,0.06106967
10234,0.04211015
105479,0.013106664
82113,0.011389187
43539,0.007885364
145024,0.010477581
78608,0.030872108
147034,0.08882136
128634,0.009349533
132193,0.008322159
119928,0.024564385
51700,0.054417804
73745,0.040544987
54304,0.0213498
23697,0.05701042
41281,0.013689368
96954,0.010356777
91233,0.010770251
64217,0.03333222
78271,0.14150518
14195,0.012542889
102880,0.0066588405
46519,0.014063548
30274,0.10391619
32815,0.049957674
51461,0.112828046
28446,0.009016559
95227,0.014813996
38756,0.011504417
134026,0.015661612
101439,0.020047138
64667,0.1504995
114229,0.5451578
91893,0.04265787
45140,0.01654901
116753,0.092040196
124428,0.008880135
31794,0.043101106
96892,0.1123086
14081,0.007972371
75030,0.008158074
106886,0.011119947
48528,0.020100798
7523,0.038163237
36242,0.0067999237
93879,0.008527148
108552,0.0912488
143937,0.13578938
134729,0.13092275
34456,0.45495847
56839,0.0648467
124631,0.045803588
44171,0.08680529
24826,0.014687313
43870,0.012594872
122642,0.012604637
30362,0.047631364
112066,0.008522541
141669,0.018502137
140245,0.009246396
16398,0.043141183
99332,0.097957045
36519,0.5569671
105021,0.013301401
83938,0.033646196
62991,0.05229881
109663,0.010425793
40981,0.07951222
31427,0.09950497
27865,0.01634938
147074,0.012247908
149689,0.008236393
116185,0.11807403
57299,0.012050209
76539,0.01966309
65424,0.021587836
137922,0.033241194
77728,0.08514394
70676,0.015373943
19685,0.065026715
117127,0.3458324
48007,0.05646099
24098,0.0626231
105852,0.04408763
76565,0.22527345
119507,0.03908643
91879,0.0089039495
49319,0.013734877
137976,0.015027893
54858,0.00863212
125549,0.012599148
58376,0.015529405
124271,0.039115626
71680,0.012409191
30856,0.015310833
67419,0.008766035
13714,0.017094497
90677,0.013281309
109604,0.57533056
65675,0.009581967
75837,0.015865615
32625,0.045640152
102492,0.06478587
3220,0.0077212807
137307,0.0260061
16035,0.029209787
81994,0.13776912
111698,0.040925354
85417,0.034970764
130624,0.09622049
138402,0.1046124
35684,0.013676311
70299,0.014068825
76359,0.019371102
135705,0.047114577
78652,0.018866373
71007,0.109727174
79586,0.06013774
140460,0.04374369
79223,0.011603627
62725,0.030375736
34141,0.024483299
73209,0.007272414
78974,0.08334092
111024,0.011609228
111978,0.012817123
132706,0.01465944
32988,0.0064975494
98056,0.0682559
53849,0.19081445
44334,0.6599646
90472,0.01518318
10894,0.009873206
49108,0.01215369
7645,0.041314743
87734,0.00609617
19677,0.04686046
32998,0.058683284
87004,0.3956088
119029,0.15658145
8990,0.02921127
72217,0.011690662
111154,0.009791881
111149,0.1940506
76371,0.4632732
29361,0.013024848
111350,0.015552755
44112,0.10115444
101334,0.090320654
101572,0.01881901
82443,0.13136463
144505,0.083000876
6669,0.4336272
125625,0.12230639
129739,0.01005628
42567,0.08901916
78539,0.019338962
94276,0.010632729
34272,0.11136395
7236,0.027242871
7970,0.10424896
34320,0.007772493
94646,0.024681132
100965,0.017049871
128470,0.017682066
41580,0.23788416
74359,0.027661767
36879,0.010400101
147394,0.5441763
119337,0.009492961
52478,0.090489656
37401,0.21795191
133669,0.018421575
91747,0.011078495
95488,0.039909516
67967,0.014555168
18034,0.008856731
74452,0.037729807
103022,0.012748152
65901,0.036267098
108152,0.018268775
67950,0.015277734
55452,0.01720864
16704,0.089689836
112862,0.06761386
33512,0.010339934
23052,0.013233925
91528,0.09714231
130159,0.032411132
34463,0.016135052
93767,0.010112086
32334,0.070154026
132233,0.0064015035
115400,0.028948797
122504,0.012234186
93805,0.011617954
137770,0.009315582
126836,0.0067980657
114198,0.014151337
23819,0.013800088
38661,0.018733878
58794,0.046918977
120246,0.0070408056
51450,0.25846976
63337,0.04937632
47417,0.016912194
147636,0.0072894813
51582,0.0073506855
112675,0.015791556
117985,0.007201618
136049,0.021463806
60360,0.28443912
62412,0.028156497
6493,0.011786687
70953,0.14048105
139517,0.006667292
46061,0.05013562
72468,0.008380897
120752,0.011655285
39040,0.011144035
84510,0.044385083
72856,0.027744988
51466,0.037437156
104327,0.0071081333
63358,0.02985592
54360,0.06174859
81500,0.018423326
113891,0.019343842
92115,0.05513022
96435,0.040667906
40577,0.12603
70644,0.034045372
140801,0.04726166
60140,0.027732488
21552,0.014753913
30760,0.023863109
62635,0.044024237
13521,0.06633117
2536,0.036832944
148234,0.49039084
75890,0.006598933
102067,0.08184936
18700,0.08863818
62654,0.11815002
141437,0.010808625
37821,0.013350311
118699,0.0127473725
20442,0.43500507
124885,0.008877214
60205,0.25663337
31824,0.0080758985
39911,0.01485625
65251,0.018328449
42369,0.013796415
63240,0.027179543
121118,0.085434794
98348,0.008513899
145795,0.010769967
54280,0.034192707
104998,0.047395874
87366,0.012019949
77046,0.014358974
146365,0.009805436
144221,0.6995359
70621,0.62005556
5301,0.0075483485
38263,0.051669303
37077,0.009929886
9738,0.041479956
79322,0.01151408
119693,0.00580078
5508,0.42406866
129822,0.10162936
27858,0.012714098
110816,0.0075912494
55586,0.010303212
98177,0.028240748
149414,0.00826865
49347,0.015613036
130960,0.009089881
81580,0.016339393
85439,0.009555621
6387,0.0065190457
92433,0.039505057
6506,0.37214506
3899,0.009767241
65679,0.16011493
25525,0.019973505
47777,0.067806736
125821,0.011912794
32248,0.011307238
128045,0.25884905
144973,0.032517806
113566,0.011359207
2231,0.048631404
22261,0.29497477
60224,0.28256688
69577,0.017696884
74421,0.011265563
146324,0.017153887
34563,0.07958011
100351,0.20780481
63025,0.011552306
19620,0.10122537
87038,0.12416063
136323,0.007398993
70751,0.035261508
74078,0.030221209
147898,0.007494681
140138,0.010857017
74441,0.02266406
48282,0.23810747
14695,0.019332068
109241,0.02435485
18321,0.073208466
134679,0.02101959
7899,0.00674575
143708,0.025372338
23628,0.007874393
86270,0.032073304
96185,0.03453445
130321,0.010618708
114900,0.019715179
37588,0.017470095
68234,0.009312379
28296,0.038684394
5639,0.2490357
44447,0.012268993
8546,0.1666468
120900,0.009376486
146251,0.0219954
53880,0.012803568
61733,0.03507812
58350,0.5208919
55689,0.011124195
89814,0.22516516
107031,0.019674344
103833,0.039637987
8072,0.0064998525
116946,0.11653908
60842,0.055991847
75083,0.009393549
28730,0.011708139
143338,0.012852642
58995,0.009149724
121837,0.02657931
48979,0.019405374
57189,0.079837866
125781,0.10480844
86241,0.10278158
14425,0.048224952
140033,0.03803619
106884,0.041694168
23621,0.015534763
65719,0.020087218
41331,0.008797036
20568,0.013565626
120916,0.029161999
33700,0.04410401
35145,0.03247975
70047,0.051270448
114343,0.013623328
126866,0.014071728
128975,0.10879454
139293,0.070538536
111701,0.020898387
90403,0.010193214
99712,0.012557738
106620,0.007312543
73282,0.031565424
22300,0.18752497
46877,0.01546708
49233,0.0144274505
133525,0.014268789
29220,0.02850078
91125,0.060306855
97115,0.010564402
109609,0.006343915
47706,0.029733641
42200,0.4732768
123024,0.0073153363
9887,0.046383943
78264,0.012162537
9036,0.014220588
10012,0.008831013
136027,0.1053003
66651,0.046063606
25614,0.008594419
143801,0.013424282
87147,0.023261607
107838,0.51962227
88057,0.015273287
11828,0.0071454514
143548,0.009690993
108571,0.007380979
77232,0.017006803
62014,0.020139601
146750,0.015123531
148239,0.08146226
20255,0.017925948
89083,0.17730246
46774,0.006790916
13870,0.0071664145
143748,0.017155519
46134,0.0105509125
88908,0.06836447
58871,0.01502979
94123,0.023949437
94827,0.08313843
135766,0.08712773
101114,0.38168696
82182,0.08047022
99740,0.006651095
119377,0.010021458
91063,0.009239134
59787,0.009880187
84469,0.008725136
95331,0.045429856
131278,0.2715721
91736,0.047757532
28612,0.0071723885
90854,0.1619647
38580,0.012660657
116914,0.0077187237
107458,0.39599222
39394,0.00649514
132387,0.0111754695
117960,0.011675384
84717,0.009720165
99121,0.055887967
9429,0.009806066
96007,0.106580526
31876,0.10180719
44741,0.01245119
135521,0.029917587
136851,0.014115809
46361,0.039244924
110068,0.014629727
125909,0.031134838
136385,0.02311558
134061,0.0076619
28634,0.113479644
49058,0.019092314
129235,0.02391198
33973,0.06186638
53369,0.039800853
30889,0.01576737
112932,0.061423764
51103,0.026521401
146459,0.008644325
81697,0.10613886
49544,0.009580004
131553,0.020153515
125176,0.015562602
25493,0.10035784
84641,0.16235922
97756,0.11508914
31548,0.015068636
112896,0.039131902
14843,0.064234085
21761,0.21341345
112923,0.08996195
53302,0.36699253
139476,0.008042457
130823,0.013037635
24675,0.14575991
143030,0.04047629
59062,0.2609692
22238,0.21049444
137674,0.06745151
66906,0.04495638
126172,0.008369449
66219,0.0065626297
138547,0.08629703
141859,0.012144927
64946,0.08902566
62450,0.043369114
142535,0.033977106
90629,0.22260842
71445,0.04539889
144145,0.009323155
109261,0.01504542
66057,0.013189111
48119,0.011289819
22101,0.011311962
92507,0.031132013
102935,0.021368992
28136,0.07459246
126540,0.010102707
18236,0.15876137
101463,0.058544297
113811,0.013931183
88187,0.0131489495
101536,0.04436643
4188,0.08714188
33446,0.06652779
135106,0.03416268
139294,0.09115867
57294,0.095349364
146856,0.0070215566
7745,0.3851014
74642,0.01973492
77545,0.049109843
109158,0.009083278
136102,0.012060403
46526,0.013240484
100611,0.016525201
131964,0.096671976
1201,0.016386239
58952,0.44340384
86796,0.013227284
17740,0.15348177
117444,0.023906777
66873,0.011234582
74125,0.054097418
142016,0.009852042
140579,0.00913404
85315,0.00945443
120541,0.042891044
133891,0.08591642
46268,0.014249822
73784,0.009145575
75005,0.0062316665
90402,0.007659638
30120,0.025275474
23437,0.010801194
39437,0.019515412
18861,0.010240475
113286,0.010813551
24830,0.0064388714
68951,0.006318713
81099,0.011719037
59734,0.008734449
99895,0.17574798
2912,0.018465787
58809,0.024327168
81322,0.06998346
46961,0.01750238
52267,0.04714476
39512,0.010827975
946,0.02040355
92018,0.037557136
33222,0.07256672
38464,0.026893087
25874,0.014559306
94054,0.25208575
324,0.02198765
9272,0.025158362
56449,0.044544373
83099,0.012444273
74678,0.01020822
133555,0.013373576
123031,0.012631329
17976,0.012523019
85814,0.027733311
10139,0.010066111
23213,0.011698957
100804,0.03431516
97911,0.017687568
2234,0.08970325
134221,0.018153153
119531,0.24465513
118222,0.01457583
19497,0.50314236
107951,0.29100612
59895,0.027563877
31583,0.010998046
70510,0.008156796
139048,0.05235958
34470,0.105391756
59635,0.03427422
24773,0.37374547
139277,0.0211655
65913,0.03249488
32133,0.16121173
19176,0.016820578
144070,0.12261445
51981,0.017267788
108539,0.023788903
125080,0.04014846
115037,0.0064086933
117806,0.106376015
45629,0.0060216575
43727,0.0061569125
53598,0.040370658
112098,0.011530524
25825,0.0067370525
37886,0.03716638
25952,0.021117674
9149,0.26687005
61571,0.016547108
115565,0.06091397
132487,0.03543438
59182,0.01914809
4575,0.23471566
112045,0.103629924
143472,0.012657409
20769,0.026041986
109694,0.28991973
24430,0.02402483
37795,0.086379625
93194,0.056848813
126254,0.4566558
115558,0.054494016
133740,0.016186165
142624,0.008523407
52515,0.008842201
78704,0.23886323
71213,0.010110878
110948,0.019999474
49744,0.012055489
20350,0.016590595
66682,0.009270745
32271,0.107149966
31429,0.091438495
84366,0.03150359
20833,0.21488705
77472,0.040295042
43421,0.0059177834
63636,0.0991638
46975,0.033508584
28706,0.014997967
145762,0.27428654
123219,0.01237321
8101,0.024259962
88157,0.06524712
93165,0.11298153
113213,0.057898927
88741,0.024909867
48826,0.010802881
130055,0.0090981955
93885,0.014852607
85731,0.016176343
21520,0.009907569
76862,0.006880815
3587,0.035028424
138634,0.010756924
141256,0.4250587
101134,0.06631085
145275,0.07578191
38049,0.019621495
64373,0.015512464
84131,0.0122553855
22311,0.00652152
56366,0.09684828
109501,0.04377678
148779,0.025150342
16953,0.069792174
145839,0.007389383
79792,0.08182267
42182,0.11192916
135202,0.0071474845
125596,0.049517397
140202,0.03225807
141214,0.0076992563
97365,0.009987294
94282,0.21474633
45937,0.025703192
53093,0.09762133
118156,0.019256009
149968,0.21485592
56145,0.007250755
86203,0.01339624
54567,0.012559579
51095,0.047666177
80558,0.023487383
57176,0.061059654
138361,0.035699997
89105,0.06720144
53637,0.042650025
90221,0.011403095
129325,0.0070962436
101537,0.079292245
67808,0.011549731
145353,0.22415106
39390,0.007616152
1810,0.0072873146
124233,0.013109131
28890,0.023532847
9834,0.01049626
109570,0.0072826142
93537,0.053949513
131456,0.010021254
59154,0.007806506
8921,0.73310506
8338,0.17230168
145374,0.022872457
25642,0.009026496
126414,0.0125310235
138834,0.34197956
50210,0.058864623
52835,0.017222596
120730,0.009500977
33855,0.025777599
38727,0.021540003
95770,0.09270653
123415,0.1219851
42572,0.10540107
119044,0.04305338
111800,0.010680392
14392,0.013356857
28558,0.01433051
112361,0.08005624
9913,0.10509899
73824,0.031405512
88270,0.1916421
134544,0.12992866
77203,0.039467603
114965,0.0137182865
116452,0.0073047522
32977,0.14735587
108908,0.03346083
31757,0.0094552515
87435,0.09249129
141045,0.019486941
117135,0.01151579
33428,0.016676484
61510,0.01402527
77952,0.047219694
138774,0.051573653
67236,0.012918722
32326,0.013136395
62702,0.07004887
120022,0.022571163
30452,0.013197827
38069,0.011257016
129073,0.013635264
59791,0.013251354
73869,0.009770331
30337,0.24212168
138910,0.081214264
94568,0.011054735
45222,0.026522981
31607,0.096599795
8150,0.052327875
127642,0.010083069
48020,0.015177092
116994,0.022508204
29528,0.0077580838
26657,0.022514427
79783,0.013563667
49067,0.012425265
145576,0.07943687
114649,0.012638771
35302,0.010006412
141909,0.014929755
27908,0.03757998
12400,0.008285848
144915,0.017129136
109483,0.011800091
68452,0.008891524
19904,0.022441106
35855,0.13694736
36051,0.10138591
26456,0.5714416
99814,0.10025903
2354,0.007183531
127274,0.047396358
57624,0.030678233
75829,0.008640154
45988,0.006280592
75289,0.018965023
61485,0.015079086
68680,0.0073910262
114719,0.03793063
141791,0.012350471
41673,0.012136195
145823,0.051242054
76895,0.0134010175
49711,0.007875488
100060,0.012571748
88873,0.012730365
27735,0.06275083
72036,0.007391859
105655,0.52500516
132827,0.20273848
12201,0.036292676
73947,0.009905679
16113,0.0076629766
9811,0.0076508503
90183,0.022116197
120026,0.015129257
34919,0.02668387
63839,0.21011819
22509,0.05661691
74533,0.063972086
20536,0.0084169
47984,0.17722094
148612,0.05053161
93007,0.0132842455
140391,0.011800703
141160,0.026341304
16214,0.59532773
6286,0.023172233
22420,0.010225407
64168,0.012415943
48172,0.009877081
43814,0.043937374
54002,0.013855
81056,0.088159196
59782,0.011908618
97443,0.03877141
2695,0.010217505
102161,0.015485775
55134,0.0074575404
107693,0.010986953
67532,0.08165456
138154,0.012005722
12704,0.10355715
130266,0.01695862
56880,0.01747377
13708,0.12248778
51054,0.0063478663
46403,0.04095453
146328,0.0122918505
138300,0.061678227
117735,0.015609403
24505,0.008286487
40443,0.014194789
74412,0.12477463
68361,0.5739436
123603,0.05126713
148088,0.07178665
36835,0.030972851
44268,0.009375887
41726,0.010456157
108386,0.007753508
31735,0.12455654
120797,0.039355848
103476,0.1910482
114866,0.05127891
78515,0.015686287
105708,0.009384266
65625,0.022439703
121070,0.010542875
59001,0.047851026
139566,0.023606123
142163,0.0077550635
126685,0.011100955
60089,0.0061945077
81044,0.02727635
109182,0.07111957
24560,0.042963285
77514,0.030187067
138185,0.008704293
20333,0.03691481
17240,0.09588925
4785,0.01474503
149854,0.018776026
73646,0.015164738
64752,0.01132559
66389,0.0622812
28788,0.01577777
122964,0.02763805
77007,0.006298079
22668,0.017776217
60584,0.010907018
127460,0.014026484
16330,0.023603553
48292,0.1010847
47900,0.013343303
85969,0.006688436
149211,0.51563615
144778,0.011820554
28498,0.012278496
90226,0.0140174525
4498,0.43435878
45420,0.09183112
111471,0.079918444
48339,0.015104758
45280,0.055300277
126374,0.0155254835
110630,0.13779195
135624,0.013195922
135057,0.07681865
32152,0.04474144
35517,0.019116623
97472,0.042333473
125224,0.0067015584
47445,0.01306067
52904,0.24169202
72248,0.05658684
75338,0.017046444
26634,0.010527517
148627,0.03969925
35656,0.025393428
134806,0.0806016
132534,0.023180006
70546,0.3357828
85077,0.12559338
85743,0.0070862556
34375,0.012325729
108609,0.110643424
140165,0.0354701
25302,0.04422947
112261,0.24035029
73322,0.007540918
98841,0.009361712
99085,0.0060609654
56705,0.059936382
112910,0.0070835417
19361,0.011120061
57333,0.012260074
113220,0.009327287
16434,0.03190043
139934,0.01056333
42403,0.010356586
7288,0.05883698
51022,0.08092765
7047,0.114417315
85930,0.0075144926
69755,0.00599081
11276,0.019700361
134849,0.011511274
81974,0.0129614035
63255,0.09887604
121128,0.027101023
45825,0.05841899
128899,0.039492212
14086,0.007919248
68033,0.05941704
145676,0.30474213
62522,0.046673343
98401,0.0147246
146638,0.011072953
13102,0.105572715
55155,0.53882015
76611,0.01219997
141902,0.031735532
114805,0.0075992136
134935,0.027773166
138039,0.0114745665
32651,0.019347057
144377,0.020689266
71718,0.010304486
127276,0.098504126
144354,0.033834495
74590,0.069870345
13027,0.02370545
105715,0.02551208
49074,0.02665226
57961,0.017012345
17617,0.014128716
65282,0.0077444776
27654,0.19819883
59250,0.14100862
83633,0.014867141
104727,0.052755743
122255,0.027859263
139319,0.0060615283
23546,0.036303215
48926,0.12972672
126041,0.35876614
93835,0.0767731
108759,0.23232003
30631,0.09681973
19039,0.017866878
21116,0.09771603
126142,0.011095868
96817,0.006628786
6792,0.01587526
146418,0.031049047
38882,0.034368675
51822,0.015297862
6382,0.054431718
112844,0.011637967
137427,0.010683709
21993,0.039060615
9127,0.22977258
4930,0.07776872
47626,0.05229986
63237,0.6838625
135667,0.006410047
4511,0.047152344
5710,0.014051282
25084,0.054802395
56037,0.073056355
73951,0.014148681
136554,0.10565051
114908,0.00913159
68611,0.0084793
55960,0.012662416
59794,0.54269063
77418,0.0069098696
8527,0.23136464
130794,0.010437977
130953,0.028948758
23288,0.46219495
730,0.011671945
1153,0.12626569
100031,0.018355962
29053,0.049858257
65645,0.014447418
64719,0.07428078
26815,0.042571492
120653,0.021149576
44413,0.036076024
128578,0.028476115
30544,0.100954965
88442,0.010309473
137925,0.008746364
18369,0.029008338
134968,0.011526916
1031,0.04901038
121259,0.017250529
109833,0.01556662
111751,0.014561763
71481,0.02881226
54787,0.019498214
14647,0.008726567
144461,0.18996681
104966,0.12397128
99203,0.030514428
1411,0.011628192
35644,0.013501718
29720,0.0071389754
111153,0.031537022
79613,0.12564844
34671,0.011980968
77918,0.0081774
126671,0.010742077
49948,0.26018497
104221,0.005922736
96774,0.024811922
92886,0.010480864
142947,0.055108204
85384,0.032592174
55816,0.0474726
15592,0.0089607965
107558,0.03813393
84638,0.034393035
56600,0.008507767
107140,0.014818535
92780,0.006722999
79466,0.13641287
23201,0.023283593
61418,0.032790102
45253,0.050324693
13776,0.019833244
141346,0.010559274
94130,0.032548886
117956,0.014958379
130514,0.047234956
50315,0.050241195
45919,0.01884372
16243,0.23249935
69984,0.07098985
14473,0.03747526
118283,0.41778967
137238,0.204055
93850,0.03196337
67791,0.020458264
128448,0.05524797
83424,0.026129894
10875,0.10628372
58685,0.01807129
70841,0.1822563
125562,0.011207649
128317,0.36037725
42662,0.18607791
45924,0.052961048
147186,0.038576733
69948,0.007360967
84851,0.02553911
25131,0.05323105
81610,0.0642872
75440,0.07170062
70693,0.053309184
114230,0.053315233
36793,0.010228181
29329,0.113453
7492,0.096434444
89512,0.00914819
44119,0.0099006295
7192,0.022710638
21152,0.011746349
59700,0.032073043
2683,0.011771057
147897,0.015658753
28834,0.016324876
50377,0.014655349
95224,0.114958405
8152,0.0058367806
137013,0.014622773
101485,0.48658046
47778,0.2336731
28374,0.012121157
30663,0.014679123
100350,0.047659975
29456,0.010063526
148876,0.014522832
44377,0.014006642
60575,0.23775217
99778,0.012753429
4179,0.3544561
50225,0.06891073
52891,0.056003287
115596,0.029295193
10026,0.016518049
37806,0.042504266
136714,0.0070583695
149436,0.3251919
128039,0.022715386
138369,0.008068522
9200,0.025278833
117644,0.015271192
52821,0.02538041
38534,0.008020992
125219,0.034555
93034,0.023891732
30013,0.038149007
11231,0.010106694
129549,0.025491692
141872,0.025653627
41303,0.045197397
48791,0.006652825
138210,0.26441443
115799,0.013766137
111062,0.03187386
121191,0.071320616
140421,0.024013534
50634,0.016188543
42798,0.008629059
142455,0.016287802
132445,0.0059960573
9903,0.008658749
106635,0.013687862
105692,0.028259622
32657,0.05262598
27687,0.006942306
79515,0.011998202
60832,0.028925596
8426,0.009909959
11643,0.03942994
32620,0.006865975
122267,0.029283052
81847,0.010939056
7622,0.011603595
126958,0.101524055
106963,0.012363727
63401,0.16092598
11824,0.4106841
30346,0.1390751
92075,0.01839869
55600,0.019332642
35635,0.014811637
27221,0.016225005
47236,0.06871582
67678,0.04516394
2727,0.018266737
125142,0.09227792
24076,0.008623416
148549,0.027892888
87660,0.01112206
124216,0.11551847
19833,0.013216893
37409,0.021985421
13221,0.0076862327
40567,0.0279966
131782,0.0063986504
26411,0.11113789
127955,0.018042494
3918,0.09381901
129614,0.0065100687
14564,0.012751544
51631,0.011317301
69276,0.012477073
4418,0.31888714
23015,0.010025632
46224,0.4869388
18688,0.014048832
78408,0.01816367
18947,0.013465032
103399,0.6974084
130136,0.0066645453
80086,0.019411422
85095,0.04139697
41934,0.08401593
6616,0.0325966
119601,0.006595752
126647,0.010498524
62790,0.11830746
39999,0.1084775
25830,0.010959386
107307,0.010793723
31837,0.08942591
80244,0.17175359
16055,0.045849927
127116,0.008365871
118668,0.007079565
735,0.14550664
3861,0.106604345
107741,0.14104833
76032,0.00995881
23602,0.1306128
21521,0.030867001
138948,0.012065982
84737,0.007280405
114950,0.025658438
128243,0.008577911
78020,0.10879382
30185,0.015608693
48819,0.016984155
50946,0.023684222
83714,0.011680044
26897,0.56586194
131949,0.09371946
74263,0.0075164307
37970,0.008240668
78031,0.049930558
73271,0.014733195
1822,0.020043109
32175,0.051339574
2437,0.010605856
64058,0.032100122
85875,0.07124211
76387,0.0109728845
93179,0.008988308
109594,0.013046916
71416,0.009609561
25248,0.008544287
2552,0.47598818
106561,0.20877509
923,0.0068389927
75477,0.20745194
10594,0.0133634005
34027,0.4636745
149221,0.013710682
104205,0.016733833
12300,0.04179257
146017,0.043191504
78142,0.11326813
25586,0.088650756
44446,0.036122408
4680,0.018482707
47298,0.32343617
145996,0.008440426
87749,0.018516093
48776,0.009382905
4617,0.006579962
84994,0.43500993
147128,0.016465008
34279,0.015931692
101062,0.0073456317
124347,0.011470526
121089,0.14313233
127247,0.0061926176
80760,0.030815655
141418,0.0100289835
94651,0.0145192845
16626,0.0106892185
135752,0.048885487
125046,0.012214868
4747,0.12744327
72183,0.013593488
76003,0.013628467
63193,0.013772108
100525,0.015558262
122507,0.046734434
109978,0.0097621735
132144,0.0065243966
8977,0.02084386
123772,0.14921205
69007,0.24546042
112852,0.04426004
111436,0.16366988
79695,0.006612858
64204,0.028157547
6041,0.015816083
71098,0.0079401275
1946,0.0070970464
20046,0.013871661
103177,0.029201256
23049,0.22127573
79524,0.020434715
123172,0.11416012
146555,0.0073090754
34006,0.22719027
4659,0.25140172
40789,0.0075816964
55912,0.05237003
44721,0.008821609
133828,0.011518193
136849,0.22279325
95774,0.013033604
114439,0.021348117
1524,0.01240274
101231,0.013716468
87929,0.010990342
123766,0.02074043
16002,0.10304291
5833,0.16358243
102637,0.0165731
28124,0.018346453
61811,0.106432416
94243,0.0068864315
35978,0.035588533
101322,0.015397196
139779,0.17089011
113186,0.03632401
116561,0.01627937
131061,0.010259708
98226,0.007450195
104538,0.008813429
54815,0.013367079
125005,0.008574627
63188,0.027060112
23862,0.05679893
109607,0.018999279
11106,0.08786706
60299,0.01886843
49770,0.021352604
108475,0.043955844
78094,0.020013966
133510,0.012849824
113072,0.02453752
113778,0.007630181
76714,0.016227882
95641,0.031917688
55259,0.019923396
117060,0.07458504
102412,0.01636904
72604,0.0062017944
61378,0.018898072
119373,0.08819823
33182,0.07593711
13954,0.013418139
15818,0.0120404875
131443,0.015281745
82326,0.01183185
108373,0.031755164
51744,0.014215963
19117,0.03753091
41377,0.013299223
88263,0.015563508
91413,0.25706396
60298,0.017643016
24336,0.45933464
83649,0.055921588
79233,0.01385541
11320,0.01366666
88826,0.027708333
1463,0.01328439
80932,0.00816316
116001,0.01679637
133568,0.020976968
81911,0.037229754
79004,0.0071701473
1556,0.026921233
91996,0.009556073
124686,0.05839081
125190,0.020655984
29932,0.028921252
142243,0.016422879
119464,0.006568685
37575,0.25187534
54956,0.023026159
26789,0.1751002
62913,0.007884767
14454,0.03520707
55167,0.036560237
98445,0.4471161
143522,0.27225956
77729,0.00853131
99447,0.06761011
54712,0.019720677
16318,0.043965206
95037,0.08103322
81420,0.0549202
74738,0.08628242
121289,0.008106158
107550,0.19208176
89916,0.044344913
105955,0.015613654
29096,0.025236618
56549,0.020549947
34142,0.08986012
80847,0.11678554
145880,0.036288496
37655,0.17281349
29657,0.010735557
53790,0.03282261
48321,0.024441356
106750,0.024379324
124254,0.065848924
2432,0.021311052
132226,0.0063393214
100305,0.027480774
29691,0.015589933
141287,0.01601301
89988,0.010441725
12806,0.33282137
55454,0.035716657
58582,0.013923379
122242,0.060488515
12112,0.30335703
55364,0.007839508
34036,0.305449
148952,0.013625135
123673,0.013032788
108084,0.033003405
5761,0.101644516
128905,0.009329472
907,0.0138216885
91138,0.0785489
132278,0.076876536
14955,0.06219737
81684,0.27579558
82107,0.15460645
43131,0.011947711
13635,0.0068270057
44490,0.11269273
68202,0.024383126
26930,0.012451254
102194,0.015538993
97953,0.053312827
26529,0.01087556
96046,0.0114231035
142813,0.010388128
77578,0.04530952
102282,0.016280508
55931,0.056649763
97671,0.035775702
129492,0.015730139
106042,0.07888296
103212,0.006898119
81735,0.28476807
56740,0.0068093343
90073,0.049184904
49507,0.08953163
48909,0.03149512
133123,0.05320635
149176,0.032921974
137708,0.6218218
21154,0.01825162
30232,0.102929264
29422,0.013271022
147950,0.04079913
54359,0.506667
112954,0.045658745
120334,0.04492576
65510,0.021553628
2379,0.017207293
115659,0.043974258
137765,0.018455112
115806,0.32607648
136207,0.039142832
60901,0.039973285
97282,0.0069344305
74382,0.008626947
17400,0.012830463
98197,0.2645351
135093,0.01909661
52236,0.008948411
64081,0.04940688
140935,0.014954915
105246,0.0077671744
79224,0.015161933
66761,0.06672255
132140,0.013417684
100353,0.34835023
22150,0.0988819
42241,0.010586754
43528,0.39955714
11174,0.14962202
100585,0.5296203
95669,0.038944542
132602,0.031574447
147170,0.022400351
85490,0.07520439
54424,0.062982515
123874,0.121734254
39163,0.011641549
146103,0.008852655
112382,0.01205604
68714,0.018722255
94413,0.0075495127
12242,0.14573841
42031,0.082427576
51901,0.012700931
98754,0.05311493
125948,0.015040567
37616,0.028498627
111065,0.008115469
8644,0.040154036
63560,0.015769359
117953,0.013902176
131976,0.295303
115602,0.043951567
57549,0.10522276
12881,0.68334824
101449,0.031270213
60812,0.22652292
20323,0.010271141
8337,0.14608227
9261,0.007334451
44924,0.121921316
149024,0.017935881
143568,0.010988907
117715,0.058783785
60139,0.21182793
135814,0.0068484563
74034,0.009602725
121959,0.111828424
23490,0.015957234
7107,0.013653797
19209,0.03770045
51810,0.038466368
54325,0.029712766
95822,0.008246679
98616,0.009393158
13883,0.14650331
55936,0.015900452
82548,0.15762648
100838,0.10004399
133482,0.006290635
122377,0.06483387
71060,0.0066588307
59970,0.012960221
82714,0.009825893
29483,0.00973964
112375,0.1463378
101748,0.031784445
115072,0.008942572
72222,0.009146054
61123,0.012304292
105482,0.019950565
78201,0.13405223
119837,0.097044304
146219,0.00918649
44516,0.016088754
146698,0.022831246
24769,0.009357813
121623,0.02859509
144888,0.3870708
99613,0.20711422
105991,0.011661333
60705,0.012858427
114646,0.018885978
40337,0.014493286
12178,0.046679836
13984,0.11177466
69539,0.08736113
99264,0.013388131
30318,0.06513177
122785,0.04969372
95509,0.29730123
34166,0.012366586
91168,0.0069539035
67920,0.092860475
111943,0.005631875
1806,0.00809949
30851,0.021524172
111484,0.0570182
116980,0.017646885
42235,0.031135796
92085,0.12595235
131449,0.043579716
142381,0.020709787
28366,0.15123044
25718,0.008595825
66945,0.006679936
76050,0.06376391
102892,0.008626344
72660,0.010513816
136760,0.03523236
137969,0.015035502
78788,0.0128689315
109215,0.08255003
122091,0.04630748
104651,0.00760813
82925,0.013546739
81371,0.013606268
34501,0.053365983
147402,0.03584916
48168,0.034851372
69692,0.016558813
120982,0.008372666
4435,0.015802803
78834,0.013782681
61401,0.008709194
123488,0.01632107
38,0.10092417
107601,0.040078577
76457,0.1002597
9921,0.0301604
22616,0.07901377
107880,0.010721221
130378,0.0129380785
60475,0.25146583
111877,0.027094863
127176,0.04932748
84036,0.09483886
63012,0.008006114
82656,0.01867311
133225,0.19278713
124231,0.062191732
41911,0.0059966794
20689,0.100478746
28075,0.006001519
116384,0.015673157
138508,0.026999535
116983,0.0066701286
146143,0.15069377
115744,0.09970579
25190,0.036431562
48621,0.007396874
121986,0.04916264
98743,0.011927076
6807,0.01446957
11089,0.03262899
43228,0.013808481
68259,0.08231246
121958,0.028491324
53374,0.024656225
144131,0.011998931
148938,0.106641315
17623,0.011881951
39753,0.031383663
67859,0.07775743
56478,0.007151065
50830,0.05633733
89495,0.014936607
137229,0.007988823
20698,0.09900157
113182,0.68723416
27213,0.0214095
19531,0.03476849
26804,0.037220236
55685,0.014343831
117392,0.088807784
75695,0.012971632
72441,0.08530255
22384,0.03805126
126243,0.010845026
75423,0.017234901
105694,0.040560532
8645,0.026195947
102407,0.33768195
69736,0.385427
87095,0.009992118
88280,0.08688161
135173,0.030282209
55772,0.02582324
37042,0.0657315
32650,0.009725058
111674,0.7432513
144441,0.2654715
113620,0.045191173
80878,0.011516446
147357,0.07326894
55878,0.013633506
104776,0.016647443
58391,0.0148072755
61325,0.014149698
21828,0.10402651
77989,0.52469313
110432,0.03667629
47700,0.0482983
83712,0.013196231
92981,0.025065424
66620,0.3474199
72318,0.13422133
125277,0.020482372
135681,0.051020898
13352,0.097368345
31975,0.0101415925
86711,0.025388863
21483,0.2442165
82376,0.10638079
30364,0.04955015
42863,0.09791113
41786,0.17256647
61080,0.011000096
53946,0.04320715
64248,0.047007482
143865,0.018510249
135191,0.0072812284
56011,0.40741026
71367,0.0071314494
8265,0.043485597
39142,0.119904846
28413,0.0867313
55158,0.04376743
31487,0.032891676
116755,0.06693161
79316,0.03862436
40019,0.02707579
34377,0.09294492
104444,0.0079141995
31803,0.026456723
132899,0.016185572
5102,0.008449929
97430,0.008106223
135442,0.010122195
103108,0.0091112135
50024,0.11434122
118605,0.11987096
44203,0.056065246
138198,0.046805914
4452,0.010365055
69847,0.0080461325
107288,0.008733805
83902,0.018367227
91789,0.043206785
71731,0.062360406
119021,0.011022513
54844,0.015087529
22942,0.020823631
5514,0.062499635
3150,0.31783473
43515,0.017444773
79817,0.2368007
26551,0.039231423
117607,0.12280358
42602,0.08593199
89648,0.029373795
94017,0.4339563
10550,0.34444582
62829,0.09729533
98914,0.06357917
39440,0.012608714
19518,0.012030928
2653,0.007627084
7336,0.09555285
43713,0.0060253893
49675,0.022007054
9014,0.011696824
41029,0.0073809866
58592,0.039116178
72479,0.030339174
99486,0.029755738
51438,0.0063955076
44720,0.072633944
90945,0.010978013
86116,0.016969712
69550,0.021770276
51945,0.02694197
80864,0.042243373
84333,0.15384811
30748,0.031378895
121372,0.20560753
85619,0.01361648
56876,0.06722769
63443,0.011028914
43498,0.36878726
11541,0.02968382
51702,0.006325795
114186,0.014540894
103274,0.012641663
127263,0.08695706
64626,0.011675559
5585,0.30309793
142552,0.10029467
80814,0.056070987
47402,0.070405364
58323,0.008564034
121930,0.030666452
111513,0.017467296
75814,0.022255778
77254,0.038260505
2863,0.032331202
78195,0.011241041
147711,0.43947122
19138,0.01881661
130040,0.032941166
123520,0.15365975
82272,0.012156706
141235,0.04092437
70271,0.030435301
13240,0.008457499
76896,0.09758391
1511,0.015138404
74027,0.014647522
136477,0.047539648
89718,0.0063987444
32018,0.020545704
46306,0.05181157
46406,0.018793361
58668,0.015448373
41573,0.08735873
51546,0.007941897
89743,0.015217556
144472,0.020147255
93865,0.013670343
76676,0.054372597
103250,0.054073423
69169,0.013366959
22586,0.16199262
45133,0.054359682
1140,0.038635075
37199,0.010198416
52027,0.013979004
16463,0.045639403
21920,0.44691363
20275,0.006627132
35028,0.092033654
70556,0.0128270695
4881,0.017565178
86621,0.010274134
120457,0.026738957
65196,0.094543524
61611,0.011252994
29437,0.06761488
74000,0.084400974
25761,0.039988704
136611,0.04166383
55514,0.013297021
42313,0.069913864
83066,0.32709557
11116,0.014312482
27488,0.008932922
81394,0.1722154
43847,0.027465736
86555,0.014829866
44037,0.006633595
50517,0.09078843
114628,0.005934213
105718,0.07454199
61046,0.008795227
100046,0.06843762
110682,0.0075068465
67630,0.033553798
107676,0.006300966
12181,0.024191312
139387,0.025960382
59168,0.008239152
38109,0.0077783642
39975,0.009388762
123124,0.010770983
28859,0.0058517302
114187,0.1060895
55843,0.013871004
38546,0.66002214
46211,0.023980366
89850,0.03032548
32551,0.048250552
1179,0.03560971
4026,0.50473064
131960,0.06406494
58774,0.0071050115
42774,0.007640702
83536,0.02796043
13614,0.058722474
37963,0.021532133
59394,0.006385906
76250,0.009546145
62503,0.08430542
24764,0.016104007
31131,0.20396145
104638,0.010902003
8773,0.0069487947
49418,0.011382793
9443,0.10063631
69546,0.30496028
6061,0.0072134067
14566,0.011195273
2763,0.024625048
74507,0.014454222
426,0.11085146
93818,0.03868904
110500,0.017848287
92658,0.029231012
144104,0.041242413
72442,0.048550922
77760,0.033086482
102934,0.023126584
133888,0.009401756
143930,0.021488586
40634,0.0148994895
99627,0.01598359
3082,0.012475358
76011,0.026061095
139547,0.022707792
112636,0.0107875895
46230,0.07343572
44355,0.32496503
103621,0.4867233
10283,0.29167643
35494,0.01815383
122845,0.0069794958
143356,0.017326608
15553,0.010490175
61194,0.1013987
48261,0.070821926
140180,0.029833987
6960,0.04374292
54069,0.07569272
95368,0.009648723
108037,0.010674831
14872,0.018790768
28728,0.12053016
11186,0.18959615
76125,0.07431597
131192,0.022889365
67708,0.03572573
42442,0.008090837
136467,0.08168214
73611,0.12258786
106680,0.0066719456
89284,0.010735989
59557,0.44841006
91687,0.012851679
93785,0.0085582575
120877,0.042416137
50475,0.008368218
46504,0.010212249
84292,0.10169133
58674,0.5967609
55555,0.089346066
287,0.4846155
96573,0.02330328
73874,0.020665092
77639,0.03946442
148572,0.015482976
5381,0.0060088057
117965,0.009233658
129560,0.055185337
126084,0.106064014
86764,0.028629327
89494,0.0060403952
37370,0.026359146
143981,0.010309015
114538,0.009944524
142420,0.077295914
57589,0.0071316687
132083,0.013952954
88021,0.013303937
120691,0.01322192
18409,0.007319376
17525,0.005966804
24439,0.61206126
118987,0.017730685
141570,0.01553138
36137,0.01038953
99527,0.18449013
70690,0.02314712
10620,0.12753986
106443,0.066130646
6775,0.09944935
127663,0.009944814
55203,0.04853386
30667,0.16393459
143752,0.013304382
141581,0.02751763
138334,0.011615008
142346,0.013748177
149250,0.54554164
102060,0.021220287
73109,0.061980847
22358,0.035722774
117409,0.019970635
109679,0.0071813823
46157,0.011715608
147440,0.09934851
144427,0.015084575
44746,0.0136057045
41734,0.018412374
25270,0.036910124
61245,0.021443684
41119,0.10415485
67342,0.014421437
97906,0.012465047
41838,0.032544706
96950,0.15788393
65976,0.30415234
4761,0.0067350524
1716,0.008369611
28885,0.019766668
40411,0.60924876
51465,0.011764336
117461,0.017183118
94086,0.008197911
146937,0.0064413794
102306,0.012880998
137851,0.04555755
11428,0.009138275
101523,0.15772016
106873,0.059286807
27879,0.0070541594
58060,0.012010762
118225,0.17975308
92973,0.009411011
120727,0.009386612
132169,0.0063056163
78117,0.08862333
139872,0.1826911
92862,0.2886692
72337,0.013071412
92043,0.045095596
115527,0.05491615
124104,0.009420508
104477,0.015550792
124149,0.0071133277
119834,0.07785466
107519,0.055207446
136841,0.0220397
54067,0.14122637
82650,0.026738651
33220,0.017955428
30852,0.010157847
30314,0.012575787
94904,0.0592088
130879,0.041958176
19154,0.013249115
59481,0.010981126
49582,0.068962455
96870,0.012876675
91009,0.026223885
37759,0.035097323
125646,0.0668034
43260,0.11100063
148281,0.05134912
60027,0.00975699
115913,0.006973368
107815,0.014044367
25429,0.016810313
38564,0.088662274
51332,0.017845262
25442,0.016789204
18381,0.095531784
125745,0.012176754
63343,0.05447483
805,0.0103855645
124637,0.014633963
12940,0.012808425
106275,0.026883474
85230,0.008499802
3961,0.13653731
35495,0.09103975
14901,0.5482521
9629,0.010388819
134594,0.5347593
16832,0.2243118
21479,0.026605282
38126,0.09939365
120039,0.015682945
24690,0.05416209
66845,0.013961322
114810,0.049120564
97331,0.048510056
37309,0.019997152
135292,0.07487261
26443,0.07829463
52594,0.51784354
61371,0.006342668
18340,0.39143074
74102,0.042241946
27128,0.01574291
84298,0.008618901
87253,0.23153123
121977,0.059958607
58415,0.010223428
141367,0.037497837
22814,0.011463738
65367,0.061907653
90270,0.009121068
72958,0.01914124
52735,0.02143372
127115,0.016896678
143785,0.056927036
14284,0.039454646
147485,0.030408202
27582,0.5358834
55257,0.016342381
73888,0.13481914
120038,0.05961907
52989,0.011726147
91943,0.008231624
135836,0.22396222
83758,0.033299897
9912,0.030449506
71085,0.019709775
89710,0.026250657
75092,0.0125879
64328,0.09714457
119598,0.098888315
122772,0.019299163
111359,0.025394402
78870,0.02489136
15997,0.018386124
32253,0.029827854
30420,0.019980343
85945,0.0075825425
63556,0.05504
18079,0.010000763
80253,0.13940947
16551,0.020346867
6699,0.10679078
4447,0.028723344
104464,0.36315238
96661,0.025481211
136083,0.013359943
51535,0.041923314
101890,0.22195035
147661,0.17772275
137819,0.03628521
123646,0.035826284
21492,0.029504446
136361,0.03511403
95013,0.008123733
580,0.032489717
126308,0.014721564
55530,0.015504033
106385,0.075639166
45023,0.018283961
113628,0.08125152
139596,0.014625893
59383,0.037368547
144917,0.017580878
121628,0.20041177
33085,0.022618882
25286,0.09135239
59796,0.009637502
79325,0.010264183
36948,0.015672907
15165,0.06020999
28295,0.0071966527
8801,0.026197864
138660,0.016382428
25474,0.2595038
65090,0.011441108
98832,0.008808245
55894,0.038061846
58485,0.121453404
125637,0.0107256975
42138,0.10474994
119256,0.07865933
62740,0.037896633
67164,0.008715103
138472,0.01912472
13238,0.00856635
122624,0.061708007
107885,0.008189912
32772,0.017822051
44947,0.007942622
69250,0.058757592
92423,0.49814314
45441,0.009065364
29293,0.013093662
88625,0.008106629
40801,0.008429765
105307,0.013041703
101831,0.016034953
24521,0.0125275375
67053,0.010150327
109890,0.00951438
52804,0.009027312
108938,0.0069672787
123777,0.25789714
10170,0.005934213
37362,0.04302707
84953,0.013225959
137923,0.015404751
143332,0.014091006
140599,0.04142047
98927,0.04862666
119058,0.09597978
75044,0.2862148
49506,0.059529964
2504,0.009114766
136118,0.05787742
69666,0.02359334
132304,0.016657775
85051,0.011085822
57545,0.32703155
144686,0.007859465
19738,0.061419502
129694,0.022048317
126278,0.012431182
60181,0.109355755
39487,0.017016036
10165,0.22392668
84725,0.013324081
105950,0.014348882
51847,0.013151994
67854,0.12795629
145278,0.098584026
99944,0.056410514
139087,0.026827307
134504,0.060114168
51323,0.013737286
138818,0.01598398
65036,0.083156146
2277,0.011964074
19330,0.00771313
75132,0.008310951
41700,0.012999953
41929,0.1296829
72138,0.00761372
133065,0.012021857
120734,0.08966824
98849,0.012399996
129502,0.013485799
99795,0.13241936
279,0.0143696815
93278,0.10107392
127938,0.026045011
45396,0.019061198
61405,0.012793753
69831,0.20115997
23073,0.0070839603
17075,0.09527486
34100,0.011745297
111568,0.043646365
79114,0.08017819
62022,0.042914335
104645,0.009580176
4954,0.024738383
48828,0.01386432
91556,0.015198737
26325,0.07997213
35064,0.009335097
80064,0.05674994
122453,0.021558883
106830,0.02307312
96526,0.023750762
134878,0.0640804
140658,0.013170196
130413,0.012041214
73828,0.009448327
85223,0.09330513
110353,0.026774531
132391,0.5357587
49592,0.015208839
17437,0.011131599
111496,0.014140018
116099,0.014484379
108319,0.04083155
35612,0.02790683
15527,0.020695034
79670,0.008322332
137686,0.07901261
136954,0.0074601388
114175,0.028196877
138489,0.08568415
18886,0.040420685
67079,0.020309633
10829,0.4173127
64491,0.50928515
138139,0.017284974
144834,0.007147505
140356,0.014963903
104318,0.27966473
97512,0.014690659
78763,0.011692839
90230,0.012033003
142757,0.068264544
12218,0.2164963
4522,0.2612955
67977,0.56828374
78574,0.16699708
142503,0.010804318
84622,0.021334304
136011,0.012557964
22539,0.03159246
102368,0.017351443
85028,0.012869296
15289,0.09973004
5601,0.014007156
98919,0.265151
65753,0.0080343615
2082,0.27646405
57297,0.0064505283
106301,0.017932117
4057,0.039416514
125439,0.012740785
56153,0.06937616
2524,0.01798365
139897,0.03158008
9396,0.0113719925
98725,0.55745053
35572,0.00782585
66231,0.011999535
66271,0.01643388
119231,0.01581701
47463,0.011017888
31869,0.009548034
117010,0.024937488
22890,0.021790713
55217,0.008143837
35591,0.010446782
24186,0.0087181525
7596,0.012210106
68589,0.009380521
38410,0.014528484
105649,0.2463735
42775,0.018491277
98619,0.008212035
147479,0.45018116
130398,0.021658894
144122,0.015527801
35556,0.016587436
109490,0.09115352
33475,0.009865923
19233,0.43341666
120437,0.021895237
61169,0.047819037
3756,0.021537505
96035,0.0136898635
94297,0.036575094
19183,0.044754636
93493,0.0262776
61224,0.008051379
38893,0.03483377
96966,0.12665689
56067,0.012701827
4173,0.09446253
95763,0.03185467
49045,0.022107994
57048,0.013475912
133490,0.011090868
69488,0.11703672
51953,0.21286635
14192,0.021462167
22935,0.013424262
84732,0.023921631
29113,0.0675725
91791,0.15506978
101365,0.015086523
94179,0.1951219
122271,0.006894168
1535,0.013696297
57094,0.019125862
3577,0.012105174
45986,0.012955328
78832,0.06877599
999,0.01083571
62787,0.005817339
103847,0.015482563
62568,0.05761668
98552,0.010691427
111676,0.024870357
59258,0.57726413
51603,0.012232255
95360,0.011810288
127969,0.116778046
82980,0.23908323
144481,0.009979504
98944,0.013241862
94441,0.022762422
8288,0.016063644
36717,0.030342847
148232,0.006223321
121931,0.023707017
42845,0.011191859
50834,0.022020452
51985,0.021374343
20045,0.019835664
40493,0.09485034
79133,0.17492044
1824,0.010364586
35810,0.008707239
45598,0.41073537
139919,0.038985074
70396,0.009257537
24733,0.043540925
83886,0.01697937
12089,0.01518497
15595,0.008556858
136201,0.010764106
85252,0.2091946
63890,0.10007183
87918,0.008970965
8891,0.009147818
102187,0.024610506
90062,0.01915553
49038,0.012608382
134736,0.013176022
62173,0.0058867526
133928,0.028512469
99178,0.045078985
121124,0.022654083
68718,0.35569775
52464,0.03957387
54161,0.011834514
81123,0.017493675
5076,0.04440696
1793,0.0061090076
111425,0.012449137
21284,0.012828326
93489,0.009253515
29176,0.037832856
120725,0.021214956
2941,0.012798987
82596,0.009190897
82574,0.10797369
75753,0.039419338
139469,0.03261067
127882,0.71273994
19569,0.012593757
94363,0.04159948
130496,0.0123326965
75586,0.63788235
139928,0.014384621
6905,0.0060722767
23178,0.014317092
38874,0.1562451
108863,0.00819929
78498,0.015551516
124007,0.06797242
111144,0.04782444
132517,0.041444134
110279,0.05637282
48162,0.009218603
131548,0.03064932
16460,0.029283509
45292,0.11264001
132677,0.029288327
87520,0.009980465
13319,0.0066166995
137761,0.0134944795
54830,0.10552257
73055,0.053133305
1784,0.021379495
59916,0.01875117
60081,0.013487213
132783,0.033997122
108469,0.024985982
101647,0.58067364
6635,0.05110907
32106,0.028050587
51177,0.019903723
1333,0.17285292
78744,0.56716573
55954,0.047190063
72710,0.028616415
63976,0.03338908
119201,0.007115285
122087,0.011673986
149116,0.01388376
2528,0.00872627
55910,0.09931888
37302,0.006295547
61090,0.060695264
19377,0.018748887
110636,0.12654586
107512,0.5360005
51013,0.013686324
88922,0.011970632
8849,0.022398006
119678,0.7816038
149117,0.019451937
94064,0.013467243
115522,0.03437267
109008,0.053546827
40166,0.40468267
55892,0.051819608
39542,0.2053759
63083,0.0076244385
146208,0.024942527
95935,0.013903372
39088,0.3042767
43382,0.2976171
110300,0.011954315
24512,0.00714853
48106,0.039890245
64509,0.37405452
146344,0.0059825103
28299,0.66703904
80394,0.035891864
129745,0.08121085
71486,0.009503723
49930,0.01864795
37815,0.008718828
50473,0.12695609
29160,0.014563501
73974,0.021211114
137627,0.013261197
143508,0.016824426
107578,0.014099594
47351,0.02232947
27348,0.010180012
129382,0.007810474
70439,0.033544376
19201,0.02569487
139821,0.012254167
145679,0.016638376
50800,0.09296426
120729,0.006473621
149640,0.009119025
57420,0.0061535607
25529,0.011989618
62766,0.007335059
107484,0.03692542
74367,0.06946577
24812,0.024466619
37618,0.051694695
17885,0.24553621
76443,0.017260425
73865,0.0084592905
13296,0.015429816
89873,0.016167853
622,0.109765664
45034,0.060014695
46112,0.021169085
94097,0.04100782
26434,0.0064018373
33205,0.0075630797
123858,0.03849487
112679,0.100107186
14912,0.037970148
141409,0.0066304887
128135,0.01299942
10419,0.38824835
114389,0.005970131
108173,0.040626023
93223,0.052711774
101289,0.19793613
18740,0.010690505
8787,0.018284163
63172,0.044746067
125657,0.06460388
67122,0.01179615
89621,0.010048654
126557,0.057311118
92760,0.017838493
127352,0.012551668
145608,0.014726379
55947,0.006913381
107928,0.041149296
117553,0.01724462
75910,0.15530585
25767,0.007333705
100132,0.018775502
135890,0.009378493
146150,0.02730775
110296,0.028376155
137466,0.01996596
135227,0.039047897
120110,0.068203926
27374,0.051051497
110963,0.017114908
121811,0.015181105
147801,0.012477073
6357,0.34853142
71382,0.051702153
25154,0.013456218
113773,0.0123409415
81304,0.0128069725
95249,0.29559034
137552,0.20497118
50384,0.114036515
149496,0.012516464
19590,0.569488
51808,0.014207932
138832,0.30704266
103747,0.08331337
10565,0.035461687
36457,0.05363314
128218,0.014392079
132136,0.27393314
53732,0.3064805
82459,0.025913792
144775,0.008322108
138487,0.010062932
14231,0.10903988
43336,0.009335688
24503,0.07873511
63238,0.01250613
40136,0.017502045
89923,0.08955921
48140,0.019869471
37346,0.029000409
7413,0.02159657
101433,0.32752562
110560,0.008163813
25069,0.019830046
125577,0.23258242
85150,0.018622834
102857,0.0087526
94723,0.017804815
132939,0.54099226
68097,0.18257685
23401,0.029470561
30581,0.0348054
113397,0.21447206
70206,0.54299945
49371,0.017153485
131536,0.014264517
75386,0.09324136
82096,0.029517522
94416,0.011575595
41665,0.100345224
23142,0.04461938
125119,0.006184591
3125,0.017453128
78511,0.05072076
63186,0.008144603
12534,0.015081154
124184,0.19374244
83260,0.010239503
40979,0.020291165
104346,0.08376827
1344,0.020950152
73074,0.0075844373
98515,0.01039779
71834,0.13688952
37433,0.23259243
22397,0.013032469
55479,0.014501011
31292,0.5404299
133543,0.009568601
2980,0.03505296
115145,0.039201535
74299,0.065837264
51763,0.024451647
24278,0.020756925
135465,0.044356585
9544,0.08160212
116777,0.06360791
36190,0.011591591
8293,0.04310059
114897,0.049200237
118974,0.0072482047
4030,0.26832232
128212,0.10230898
41032,0.08970736
97424,0.059540007
146439,0.18787104
76703,0.013989589
22451,0.017275695
14987,0.021202661
13223,0.40753105
102256,0.12250229
144740,0.14001413
76536,0.0331146
56256,0.08320078
45254,0.026092952
93270,0.6714192
100826,0.032091137
106134,0.031368364
69684,0.007473373
101053,0.008861943
139320,0.22151859
12168,0.01141265
145344,0.011114726
85408,0.018963173
102341,0.44824123
31125,0.023594175
24984,0.07469503
149289,0.08823912
48098,0.07046821
115237,0.012906566
117856,0.23359153
28988,0.05876284
112872,0.060563914
60417,0.027002528
99099,0.0149962045
5887,0.017598445
129877,0.015448308
113960,0.014421416
93448,0.00993065
70733,0.0069765453
76365,0.03171077
114429,0.025055027
77271,0.016960543
127546,0.013742011
34995,0.37142298
110633,0.06899663
74330,0.009206738
129424,0.040051427
67629,0.05805439
36521,0.07657601
143729,0.028859379
75938,0.011102882
142460,0.0119577795
6896,0.00692198
116766,0.023754183
40237,0.3242723
35530,0.008302529
92130,0.10063104
105147,0.047572855
1683,0.7575909
143325,0.068378106
2343,0.033140168
72418,0.020537235
42725,0.0074244114
88394,0.01917437
124983,0.03603157
145613,0.020465285
4994,0.042755283
147915,0.007773111
134218,0.010967928
38842,0.01570814
81385,0.021177156
91307,0.008311104
78499,0.031185014
73632,0.018075064
58882,0.014837572
48779,0.04123214
82800,0.014096419
35029,0.4049807
10118,0.030065505
88861,0.012159599
90460,0.08365273
33591,0.018525897
80154,0.020535916
35054,0.0080643445
78124,0.046365723
121082,0.012345075
145800,0.016304305
18328,0.014201797
57191,0.0143152075
7251,0.19810458
66249,0.061264
147007,0.070815966
2187,0.0060086716
49064,0.022743773
50426,0.036323197
34587,0.09828428
73018,0.022902017
136713,0.63335645
56158,0.5096725
16559,0.0077180625
667,0.013033856
53134,0.02742465
57158,0.18290496
135383,0.007267668
104718,0.017920239
55418,0.017194137
11484,0.01112323
68536,0.09788877
54624,0.12545274
94495,0.4803115
126520,0.043168284
4977,0.0070791626
31992,0.055614535
128678,0.039593827
1670,0.09808013
76879,0.059398778
99378,0.01590172
22588,0.01677995
122443,0.36165825
148221,0.011514644
1136,0.010744849
36368,0.026814569
141063,0.0065727313
63364,0.006931817
21746,0.04445882
94386,0.008855094
78666,0.012289193
37625,0.024679152
120830,0.0394173
51965,0.14979415
92036,0.019727213
53872,0.007958252
57600,0.07922671
146332,0.01740097
67026,0.0083883265
16493,0.0065372796
38677,0.014458074
89929,0.0109101
91754,0.020898866
45316,0.05445354
35086,0.0103319995
101499,0.010281961
56392,0.08593158
106291,0.04279603
107631,0.05829675
54020,0.025656091
13599,0.020972101
124457,0.009848531
19767,0.31811205
114672,0.01214014
80813,0.085713215
40988,0.01467422
99708,0.022446144
31409,0.015902197
77251,0.052846268
89641,0.13853467
95605,0.38804492
3248,0.011861652
104761,0.012841055
63386,0.044273686
36492,0.013010408
8418,0.013405147
100935,0.24230161
81588,0.017545367
35043,0.013956734
16878,0.026741853
55007,0.064648114
54865,0.24982643
10461,0.05516943
85251,0.020297974
141553,0.024569785
37437,0.04692058
73988,0.08487039
68954,0.08471573
73369,0.13485983
105888,0.011245133
55496,0.02487179
114476,0.014856816
31615,0.01924152
105156,0.049880285
11072,0.0118451705
126852,0.060289945
127823,0.096637756
70858,0.015501683
31378,0.018177273
49369,0.12821713
16185,0.028817572
46129,0.035911925
80214,0.010161726
43466,0.0653912
78249,0.046515733
98595,0.020865805
143130,0.010266194
21904,0.009320596
130017,0.016284969
82916,0.0080960505
120455,0.02399763
49164,0.17576134
41645,0.046722397
135437,0.026975505
142119,0.09579459
119328,0.030513315
14602,0.03713
66330,0.26574412
54136,0.0120014865
50558,0.030028401
49533,0.12369411
115503,0.15602568
87149,0.01718903
50074,0.1170691
16048,0.006170571
117284,0.025564976
85469,0.016299771
55302,0.08337568
23793,0.06299053
99548,0.01693012
138802,0.08926737
109621,0.010195735
96657,0.020679018
99635,0.010659377
20590,0.118243456
82847,0.014785179
144592,0.05572878
40180,0.00811012
22480,0.015241693
100327,0.32535887
104029,0.022354979
34407,0.012637867
119465,0.007010723
138286,0.009408709
112516,0.012354868
112745,0.024280176
53641,0.009116733
13723,0.010948879
8046,0.019419588
146744,0.021214273
71899,0.01370452
86591,0.03970081
111783,0.017317483
117506,0.015301101
53845,0.074205734
63596,0.0129780015
15234,0.10385287
49479,0.6022783
28023,0.0104725
6902,0.005342022
127354,0.086929336
129554,0.014393832
64232,0.053106133
39307,0.012640051
138567,0.01545477
143112,0.009672212
86734,0.017117297
69593,0.048918806
137011,0.0070559033
82469,0.01596306
1307,0.007570815
66928,0.62146866
128827,0.0076795546
135051,0.43168038
129862,0.019555807
65778,0.0075998115
97040,0.02123625
82556,0.016524628
76809,0.02131559
125595,0.0068767522
18226,0.27715725
93144,0.4020125
84661,0.020436322
121973,0.25468776
60850,0.01200829
96654,0.08619227
77035,0.008711669
16241,0.085258335
74265,0.012445022
59546,0.016429733
73832,0.009702065
99416,0.030975984
13450,0.009159382
89603,0.007944817
120910,0.09350012
10174,0.012747348
66297,0.020304333
15670,0.016943792
65726,0.5048623
42773,0.03166446
77820,0.037291802
63832,0.019163433
27667,0.053174246
136694,0.007863925
119491,0.008380402
104643,0.80187356
128006,0.30044928
137706,0.36920315
11649,0.006437587
128071,0.024921076
72406,0.37997055
61295,0.016223673
91984,0.084046885
104114,0.008271481
103830,0.011980284
136197,0.06379657
5497,0.008827678
146364,0.049615033
20397,0.330494
16562,0.0563696
78762,0.23909014
35009,0.011368487
126443,0.12513421
101324,0.18544088
40723,0.014841672
90720,0.03378623
131024,0.056402363
107942,0.12443935
27968,0.006248477
92469,0.26411176
7448,0.155588
134822,0.49430388
120695,0.008231663
26591,0.02914554
134552,0.05465306
31165,0.020058751
47517,0.0082510095
89762,0.011142999
24165,0.016418142
45760,0.056634475
76350,0.02123167
81521,0.0074132527
114031,0.017293952
70700,0.04362365
149033,0.013938686
69096,0.010740683
142028,0.012354362
5524,0.05965756
131518,0.00996913
130248,0.05433269
51888,0.011234068
117225,0.03719696
36987,0.012641287
50847,0.014137352
41837,0.030947017
78235,0.010231619
118345,0.011604891
86770,0.017225219
49207,0.022675503
57180,0.016236532
119061,0.028978221
131999,0.015300794
21913,0.062735565
31361,0.010698547
7942,0.01364096
41115,0.024004126
80133,0.11170253
59187,0.010085515
44822,0.042274483
104685,0.012450773
61366,0.013679888
3452,0.03405601
85853,0.020809382
140561,0.045169156
139634,0.013904183
114583,0.015169011
65751,0.015230759
123522,0.086918175
30739,0.022730667
40018,0.07656774
48372,0.012807865
22993,0.04182606
144228,0.0080982335
43389,0.0405577
121523,0.02198047
124821,0.011345395
27961,0.015038192
124770,0.009170225
125610,0.019541984
2641,0.13141137
30291,0.0072028767
104490,0.09168998
77221,0.56044364
23845,0.047030143
42559,0.01256573
129373,0.017915625
111532,0.12119327
56851,0.06951042
127070,0.03918398
140352,0.009960502
113555,0.023028718
53692,0.021840116
124414,0.00938334
97075,0.049811598
101370,0.019092595
23922,0.010475159
117919,0.037978895
87364,0.0492163
75175,0.007046676
44435,0.10614167
143794,0.032635335
22541,0.012016518
66675,0.02570954
96617,0.06318591
67931,0.00729594
31568,0.050209235
64192,0.030690003
86545,0.013297171
83290,0.02328136
135444,0.013811229
86323,0.4208353
60154,0.050005708
93021,0.006369109
27229,0.035188977
83484,0.009263772
45168,0.030092029
66458,0.011179059
123893,0.00930894
76239,0.088259645
6110,0.0076565365
97234,0.1549259
99169,0.007328184
137176,0.07412087
118462,0.014723494
124554,0.009702272
128082,0.011412667
147361,0.03224104
140049,0.013874853
144607,0.057064828
27098,0.061840724
71560,0.013570342
131094,0.012704232
118984,0.013987663
101206,0.11608611
85772,0.14743479
40001,0.010827725
13345,0.012706696
116722,0.036382448
134555,0.0073744245
119660,0.043875724
120561,0.109572165
67137,0.013516149
10103,0.28535223
15854,0.021944897
135538,0.016551888
12019,0.009387809
93171,0.03584608
38288,0.039945506
136496,0.0071677314
62110,0.06667654
53411,0.028743217
22241,0.016737984
131680,0.009870703
48267,0.012116407
91820,0.07026621
93426,0.015334689
132349,0.024797468
100609,0.0069354777
18181,0.052257407
149988,0.28197408
58315,0.017991921
62477,0.44515812
66340,0.044657685
10649,0.0088794585
78179,0.008858095
1005,0.010985787
27729,0.020716522
23777,0.0077379066
17572,0.020922491
28140,0.011537184
149556,0.20511524
17767,0.013275773
104586,0.025820356
112210,0.026097823
138693,0.014889148
24095,0.026021682
99789,0.015760837
47608,0.050012507
103363,0.009903407
145916,0.034493297
124987,0.013576382
6381,0.006844361
28212,0.020491736
765,0.040200744
26688,0.0063393214
79958,0.056411073
63649,0.0079207765
82354,0.010714875
90529,0.03118027
48749,0.00871643
26916,0.0064326418
96167,0.0299822
110102,0.028710961
109627,0.48402733
117561,0.017828988
8684,0.012183065
29655,0.076819666
136929,0.013167544
31443,0.0110303955
102164,0.16346143
136722,0.04816328
89103,0.027465468
11425,0.01973641
3890,0.01012719
30345,0.108315326
130667,0.029324612
117488,0.43537194
125955,0.16682683
96210,0.01085966
69852,0.012573986
23627,0.01980394
105734,0.042565674
23148,0.009319319
110792,0.042172223
123593,0.016166033
60221,0.017253269
9274,0.03836631
18042,0.014454583
110877,0.027174199
29577,0.46104556
69055,0.09187091
63229,0.07289217
83611,0.006724008
145115,0.07157899
128055,0.22100851
84734,0.005967404
5620,0.020044954
88581,0.05630549
38111,0.11824811
143029,0.08645414
87232,0.062455524
61001,0.0079862075
95558,0.04415395
122993,0.015411364
63307,0.044893935
75694,0.017879618
124833,0.015914088
147472,0.07639634
144146,0.30119058
138038,0.009555779
6935,0.3170139
41650,0.56569
10937,0.32681823
2378,0.019800423
148425,0.011646784
134353,0.013398793
133045,0.04308316
17344,0.14245547
66154,0.01184527
2081,0.014698053
21423,0.03300125
46128,0.039491236
43533,0.0092540085
36599,0.016059883
100919,0.0067796623
124370,0.012850372
106498,0.010429214
82501,0.019058805
139027,0.010604145
90414,0.0136236735
139251,0.006129717
77092,0.03517928
104228,0.006292162
98313,0.10626748
113906,0.00610519
98166,0.016124442
110091,0.032445855
23341,0.035160404
84422,0.006799921
60174,0.014244444
68947,0.0810781
94830,0.016491849
86809,0.03889044
141587,0.030438935
80306,0.0059376485
86951,0.3570335
146394,0.00937134
91005,0.0199887
134435,0.58974177
5597,0.008745339
73148,0.01310831
149340,0.008545417
113477,0.17110455
140760,0.011043736
112410,0.028095236
92871,0.0061137695
115887,0.008288623
85672,0.020767823
59237,0.008337722
147480,0.55507535
41288,0.050659023
148054,0.5583002
8968,0.012848794
45608,0.090995245
116928,0.007061648
102514,0.018571565
79649,0.011916094
81339,0.08634164
88909,0.008117672
111898,0.019923165
35095,0.04623171
21455,0.00881772
58255,0.030060485
16266,0.015159483
4392,0.114819676
80168,0.06315484
89129,0.01143266
61433,0.09163405
37658,0.008558763
119462,0.013547223
52166,0.012561128
42240,0.44087833
115387,0.019902524
118569,0.030225087
73815,0.0067743887
98658,0.008992102
134860,0.016849391
18333,0.018100416
90323,0.0170742
79990,0.016462924
75992,0.008046406
133906,0.5299752
70125,0.03233275
147471,0.012913347
67942,0.037414037
109030,0.050553635
149930,0.013799063
12654,0.00929073
129825,0.010315084
3375,0.036571305
125626,0.016592648
26774,0.0060453187
60798,0.0073766652
120957,0.012742651
13985,0.014155128
100361,0.016456285
184,0.12513526
138201,0.012333034
11768,0.18739556
4631,0.008680696
84571,0.050589055
60365,0.06864166
61289,0.020590737
148125,0.01621573
53920,0.015299047
39516,0.14224382
3087,0.049499787
92555,0.054151345
91645,0.01502255
134234,0.04263655
10108,0.007616671
70901,0.0648361
8819,0.1580486
88944,0.24790531
83734,0.18058994
93477,0.007506246
120767,0.03372591
137162,0.099445425
67706,0.032784175
2406,0.20607631
131617,0.070042394
86135,0.018631099
63489,0.009810058
97382,0.018577999
125121,0.045130156
46231,0.06877283
60887,0.008881687
112995,0.029989308
98408,0.0751452
100475,0.11067452
30560,0.020371132
145150,0.66873395
90046,0.011708902
76453,0.16987707
144105,0.009872143
892,0.05724775
19965,0.013382356
122106,0.032384485
79970,0.015446103
58020,0.016422855
149611,0.06982004
126604,0.015927192
66104,0.007118695
52852,0.5116498
71595,0.076726064
108911,0.05732852
37739,0.013609751
144856,0.020413034
135408,0.026416026
101512,0.007596557
26121,0.052443873
55378,0.011289506
26295,0.03000439
22977,0.019479476
53549,0.29084614
4281,0.10608099
58167,0.011487842
18529,0.022585526
36762,0.018805781
62297,0.0064156344
911,0.07800053
112517,0.015682032
127709,0.0073553384
37742,0.07410163
86780,0.021001806
12508,0.050325777
57054,0.010445929
141629,0.013811801
129608,0.030675
20796,0.009114403
94485,0.020888584
88398,0.0120302085
97990,0.081253365
35931,0.41114533
94897,0.008418815
27947,0.02626742
28578,0.025741018
149584,0.02396126
107139,0.041469086
52964,0.110093296
146089,0.035434134
90449,0.013899634
9369,0.09299338
121693,0.008277178
55749,0.059345704
100210,0.013293294
101030,0.06392482
86002,0.012360846
72948,0.008510011
124322,0.060513932
85643,0.018976323
71752,0.076041706
94592,0.09073139
126425,0.011799151
83156,0.052347485
71858,0.049391307
108095,0.0118548805
76044,0.016757693
13598,0.010148814
45167,0.009782759
145249,0.28818333
44195,0.076655686
36723,0.013763936
41460,0.036033675
136452,0.041013073
149193,0.06028774
19808,0.011483532
105313,0.010625092
90845,0.23345448
49114,0.032314617
96278,0.07167384
67412,0.03288689
51778,0.014068461
29759,0.062664874
57129,0.055176288
61459,0.03903374
44349,0.13297433
149764,0.66863036
119758,0.0705006
81910,0.5336469
86687,0.0369281
117575,0.012931662
22808,0.044327915
99278,0.013505656
81515,0.011909988
20529,0.09087875
18988,0.009046352
119395,0.009735236
137385,0.5107328
149170,0.050393768
47453,0.015432115
142754,0.10849454
11154,0.07696656
11354,0.011155764
124462,0.008402132
144755,0.013010274
24786,0.025771517
149425,0.038145285
74780,0.01165361
59897,0.027342774
56907,0.039810184
26903,0.009436798
125056,0.021713868
83504,0.045719057
44136,0.06987628
138395,0.00946063
87164,0.034063593
87844,0.012084914
32664,0.033244994
110242,0.030491725
124268,0.0109591475
47894,0.006536041
101790,0.06341838
107415,0.01178681
127388,0.014944327
59542,0.006953011
28181,0.012100095
26404,0.36097473
63656,0.035641678
105943,0.028630117
10321,0.015499894
126683,0.7216021
18404,0.012178347
39474,0.031086877
146020,0.19354312
71350,0.0056183203
90427,0.0061826655
54937,0.039303992
98630,0.015305629
143244,0.011340683
64036,0.10052755
120072,0.032652345
133347,0.006606487
68634,0.02646739
124025,0.0062774564
146673,0.01769505
53904,0.006384091
129557,0.010575282
125356,0.017479936
47449,0.09426876
68946,0.017375754
70741,0.016779833
88808,0.035560273
81139,0.038433693
87052,0.35943648
138825,0.0057965354
2201,0.011459297
3919,0.046524055
80732,0.0077283494
26130,0.008968808
4271,0.089505665
34910,0.17880055
23767,0.0642058
52787,0.10220975
6330,0.0152415065
42548,0.013505682
45169,0.06875173
80184,0.016180228
123355,0.0075780367
15565,0.012155711
113160,0.012976767
71067,0.0621728
144376,0.014981927
138500,0.024123562
93668,0.03480475
38743,0.088976085
20418,0.010311658
96301,0.007778493
142476,0.009540817
1020,0.017783446
142841,0.0487479
37279,0.07668669
64710,0.0067835865
105225,0.013434377
12190,0.02357086
131946,0.01350187
18103,0.007064046
126967,0.120187104
28992,0.035522204
32210,0.53639936
145535,0.010609464
22215,0.11671719
9955,0.008659646
147807,0.027703485
134570,0.008702363
79581,0.01806967
9924,0.32462192
57895,0.07050456
120152,0.043689217
53290,0.0064626173
1488,0.07006117
146452,0.015254959
49573,0.012236894
19253,0.3199901
8899,0.012534416
128307,0.010734489
86958,0.061158583
120770,0.014793211
50610,0.03522452
52660,0.049310368
89532,0.011355375
15915,0.011437419
93928,0.14568003
114724,0.14201304
93565,0.024761362
80550,0.008653381
69070,0.010659684
73205,0.019074831
27412,0.06577316
69628,0.09575091
40394,0.010386143
42434,0.3047236
33128,0.016281951
64711,0.19088529
491,0.048687957
55045,0.06775867
118213,0.12586962
79397,0.11159335
9826,0.03197677
128359,0.011628542
138096,0.006734593
120831,0.020358665
3454,0.014964254
38159,0.016321883
105587,0.049567353
118108,0.008250245
92073,0.016955415
14451,0.025428303
23129,0.008772704
33612,0.057652447
109701,0.015962822
89411,0.113751836
66223,0.036425278
73909,0.013011393
39102,0.007951923
31823,0.012161288
38603,0.015211876
93368,0.011641363
54942,0.10789411
85583,0.0060067554
94616,0.6147481
140725,0.015875833
32956,0.16577317
6185,0.12152345
64571,0.031988014
15777,0.58351356
29683,0.013740491
4798,0.5824948
77860,0.008547268
130113,0.01486874
120092,0.024357665
127801,0.06687142
68625,0.632216
43789,0.009533997
39826,0.02732045
59050,0.10914392
97721,0.066302516
40697,0.08825677
92054,0.005781647
40377,0.020582728
119050,0.020960318
60495,0.013188367
134655,0.2442165
131493,0.015377928
139907,0.027891336
149086,0.054430578
52143,0.0081257885
20932,0.031658813
97857,0.03837297
74262,0.012209979
137699,0.031031663
118707,0.026044134
143571,0.069442384
113701,0.092651814
72774,0.009148125
59139,0.011288309
91106,0.112464085
100942,0.13475884
132332,0.434435
101902,0.034635313
50647,0.012572163
38916,0.00698819
117603,0.04665123
44486,0.019003434
131101,0.013302166
127821,0.022450015
8697,0.12644306
41079,0.01172214
48615,0.014480038
57368,0.01849732
149491,0.016791023
139977,0.01073655
142916,0.007994061
69471,0.031388264
37193,0.010757594
88236,0.01831989
61154,0.006671525
792,0.08068507
123912,0.03241854
149119,0.022443872
70120,0.048283774
46015,0.06695195
49223,0.06453168
144457,0.0921266
68732,0.006455359
2680,0.0057035973
39189,0.0875683
38245,0.00800078
33780,0.13979284
84557,0.013141614
30710,0.026428754
42276,0.15090707
111290,0.12347694
21399,0.0721195
33990,0.10856453
44399,0.011404423
44370,0.054361083
1224,0.14333558
100067,0.053691994
4812,0.0069427495
38171,0.055909418
12311,0.3780392
64772,0.010301944
128966,0.011968359
107556,0.06912295
20606,0.05419632
72748,0.058374066
73727,0.012292
97499,0.03822933
98954,0.27527747
93730,0.018556189
64472,0.008976996
13639,0.020795813
45846,0.06783311
125669,0.037190687
76300,0.024821049
7923,0.0071753804
86280,0.037692904
51000,0.3958243
104825,0.0900166
34382,0.021093642
130869,0.05359864
10986,0.07045366
6312,0.035807576
76090,0.09506596
125275,0.033835422
15363,0.11971837
98382,0.01545216
11784,0.01810165
90437,0.03238079
146384,0.030540925
124475,0.20455573
123892,0.016687473
107976,0.007030948
114541,0.046123695
42331,0.4621905
56170,0.021821985
55022,0.062630914
141434,0.018323364
3654,0.008473837
142589,0.007681833
144313,0.018334787
48417,0.020386105
114006,0.006917242
97295,0.3454496
40055,0.015623748
59403,0.06840947
110749,0.13162409
88718,0.012449173
132211,0.00662566
90693,0.012458803
139935,0.014647341
76738,0.09768488
117529,0.012068308
111358,0.045023013
77458,0.02388941
116067,0.09031699
92934,0.036928307
86980,0.07367812
129833,0.023481403
16028,0.031385995
47238,0.009271898
72013,0.013765878
27495,0.0059214085
3797,0.030149162
144224,0.13955453
41684,0.01216538
95720,0.022346638
70532,0.053371474
5501,0.0115522295
23514,0.43509722
17749,0.012603005
24752,0.024120633
142823,0.1586682
129374,0.017372847
137496,0.0111531345
33117,0.013039419
146475,0.027440617
65412,0.23033503
148173,0.011836545
133149,0.19884323
64335,0.26941785
25941,0.009271341
34322,0.011465446
20777,0.04643639
130078,0.026858766
68417,0.011949264
108198,0.008051089
114710,0.140975
101570,0.018058028
48104,0.042797115
41917,0.061531138
130356,0.316466
35845,0.027524954
46487,0.107761666
26782,0.013759948
110590,0.082824685
105960,0.012550125
16796,0.02748089
106059,0.019345213
32773,0.016797833
109416,0.011668585
134794,0.050580215
27745,0.010040963
129507,0.015020976
13151,0.00860822
69443,0.016220294
98642,0.10015352
5713,0.044275716
140231,0.009534978
133583,0.06459803
3565,0.010693959
17441,0.14510669
15834,0.0073554087
15549,0.013728432
5603,0.011398655
129343,0.01699442
355,0.60131526
62016,0.027236937
28046,0.06973757
47551,0.018612262
107079,0.032371968
39365,0.018903917
27653,0.0103836525
32430,0.010486073
139641,0.09276884
48237,0.109155476
91599,0.007974283
125160,0.009003331
25425,0.014004035
149036,0.017420474
4641,0.0072941137
28565,0.026881907
37668,0.027775824
33400,0.04736824
88522,0.059988633
37289,0.06975073
70261,0.01605098
69365,0.008832026
14833,0.41811284
33910,0.013109452
72243,0.007951299
56507,0.02438158
77888,0.5034849
89705,0.015751304
114516,0.4349309
10815,0.050377388
1550,0.40280697
76842,0.011715762
106246,0.011946652
54070,0.013117301
101119,0.028474089
47507,0.03014843
121937,0.04218202
46836,0.010565049
108802,0.047532458
67215,0.38059807
115591,0.010182713
82653,0.026730824
111293,0.007250933
54221,0.15717234
70318,0.4197817
88702,0.01301094
138941,0.07822561
86463,0.017228352
20307,0.07143474
64422,0.08783377
119298,0.014646131
145303,0.014060553
52426,0.03964277
89700,0.048280444
18528,0.019031381
9631,0.08260808
123842,0.006686134
32841,0.049631357
113190,0.05424918
18894,0.023233455
4221,0.022399176
4348,0.01021599
69024,0.006882128
95118,0.16724426
138457,0.06673283
31900,0.010987917
27203,0.02209692
25569,0.006670662
16674,0.45185742
36637,0.103173025
144435,0.052379813
68856,0.010202744
89618,0.1616501
68308,0.080309786
47411,0.014651644
148633,0.008047027
25567,0.009174506
56282,0.037413042
129534,0.029435894
36665,0.008009618
39131,0.016397217
119239,0.11000697
55248,0.05789006
149100,0.58382016
34682,0.00608238
65001,0.01930601
17024,0.06439719
103867,0.010913182
138179,0.01097382
149643,0.011958416
28153,0.011505258
120971,0.016090376
85548,0.027371265
59990,0.039145216
95429,0.008247857
79359,0.0075535765
70312,0.05599004
77447,0.062070716
3715,0.080897465
18099,0.011969227
50116,0.017726855
9678,0.0094665205
131739,0.018393042
28300,0.016344229
60674,0.021545636
143513,0.01714667
61570,0.019746596
32067,0.013846735
69100,0.032805473
123573,0.007382929
56448,0.014295346
93060,0.034101132
19085,0.0062248576
95522,0.18909766
78739,0.013145319
72549,0.009003331
25832,0.15712725
68555,0.34040645
15327,0.013726044
56056,0.1517064
128922,0.0925985
97450,0.0101824915
124653,0.00813004
1010,0.23798496
22187,0.00856635
47631,0.073464885
73894,0.007861685
7412,0.01512677
82810,0.012895794
134475,0.015524564
145279,0.016443841
14196,0.112385914
111592,0.030017937
8694,0.025410144
129746,0.008184874
100303,0.025605604
32615,0.051592078
138244,0.009384811
34326,0.006016628
102235,0.019984046
15616,0.037339944
102782,0.13848431
98155,0.07205578
119422,0.012621288
107734,0.0065649305
49091,0.083462566
30461,0.04719283
64056,0.0055098855
120599,0.08373871
22027,0.017670318
130331,0.013242005
49991,0.008261973
143469,0.009935598
23499,0.012374946
110935,0.01225967
112859,0.13320199
132098,0.31256407
21240,0.013483001
139864,0.011452708
94331,0.035528585
62043,0.009254529
94884,0.0060772775
99095,0.007934946
143491,0.012970166
54619,0.43965027
61247,0.19347359
77048,0.018103408
144827,0.008390544
144073,0.010572085
126621,0.008687579
98266,0.011450955
96397,0.021685008
127982,0.05768819
1045,0.16231658
87592,0.008153696
2123,0.08730172
8256,0.24402744
78381,0.011612036
89077,0.016649926
23104,0.02326954
86256,0.013966634
89094,0.014432034
105688,0.010798785
4049,0.041680645
74970,0.015732966
137464,0.010545866
95840,0.009995525
121685,0.1795745
114194,0.020759396
64051,0.049653888
140830,0.013643303
52919,0.5023917
72683,0.006350902
130569,0.014742798
4142,0.4881933
33693,0.026503371
3650,0.009648417
54226,0.024198337
35710,0.017295111
26641,0.0154115
67628,0.0118553
19815,0.03424177
63648,0.025242724
77827,0.0067851488
149206,0.010668508
18928,0.28926906
29084,0.0065884953
138018,0.72323585
68706,0.008402891
89738,0.101962805
20993,0.12643252
3736,0.05857324
148537,0.020575454
50979,0.013818687
134690,0.03783517
55536,0.02012019
29950,0.12821048
6849,0.07915228
40650,0.024633555
23507,0.009613074
118295,0.010330594
10787,0.048065126
18424,0.007164539
22148,0.011358437
113170,0.04479346
93853,0.03958985
8070,0.008834343
58954,0.022942798
104805,0.020120632
112037,0.011652006
62613,0.011957075
81704,0.049487118
108969,0.011662427
96987,0.47805625
113944,0.05019516
131166,0.005995096
55610,0.16426076
36657,0.009831179
20597,0.1545541
106737,0.007767317
37392,0.009488407
107560,0.024504814
103681,0.075350106
71162,0.029557278
15059,0.012883659
56230,0.18946624
25368,0.022925552
108297,0.010888787
11734,0.022106629
123069,0.085344076
36724,0.038297422
50486,0.011306385
63635,0.020692473
71093,0.035863373
68607,0.6078285
54038,0.013012324
77363,0.05717161
34222,0.0075892126
48382,0.0571589
15432,0.012169511
142000,0.008649006
58518,0.1590969
10196,0.007824624
1942,0.058020227
64679,0.017802272
83444,0.01732655
12288,0.0073615382
147332,0.09916199
39915,0.06800894
95857,0.0072718905
32817,0.33194876
21928,0.009104168
116696,0.10604982
108608,0.018851167
131861,0.014382497
26143,0.0072790263
58773,0.06648571
119339,0.019160314
51639,0.026451293
47833,0.011074683
114457,0.009942636
23812,0.04570134
85465,0.035941556
149852,0.015847147
125247,0.009441225
132450,0.021606203
107351,0.06305415
89030,0.008042502
125457,0.03816189
9628,0.00800067
141127,0.007832391
56759,0.012327261
62903,0.007283194
132967,0.020941567
41182,0.009269077
22029,0.0148101915
73217,0.12350722
53793,0.024143884
23217,0.5594552
123647,0.05361946
3420,0.010470139
8075,0.031067751
143844,0.014553821
72200,0.05183006
88401,0.010952198
128851,0.1614243
96635,0.03294827
38918,0.0069667934
16781,0.0109448405
137691,0.10013921
121140,0.05700593
44987,0.33406392
34836,0.3238036
130603,0.010667406
4286,0.09855772
34900,0.4153704
130701,0.01053321
116667,0.019984819
144748,0.0059752525
116744,0.009488568
35732,0.019170914
51203,0.0912516
2991,0.007920541
24434,0.014720188
48536,0.010413875
92615,0.04704304
133393,0.0064506754
37614,0.018308157
98586,0.073278554
19755,0.0066952733
86577,0.03596565
21221,0.015148369
84961,0.2925391
120618,0.11618792
95975,0.008177021
144515,0.29036954
11748,0.0071003633
8386,0.008994541
149737,0.1130459
24705,0.093591906
88426,0.3065633
139101,0.08698887
127833,0.010653717
71695,0.18909426
68624,0.035178177
32593,0.065703936
18102,0.12389541
118338,0.62616515
42856,0.01909852
100626,0.019944813
42479,0.19328564
147037,0.012373111
82342,0.02427883
86025,0.015842661
12006,0.19774105
23039,0.20649353
99450,0.020854766
102427,0.0060817725
90194,0.010751785
104660,0.009978213
11901,0.026712375
23634,0.00818042
108159,0.008945789
141345,0.0089956885
116059,0.2596953
97225,0.037380744
9211,0.682942
21215,0.009356924
82744,0.118858
129849,0.005949154
108819,0.013593418
109217,0.019483693
6090,0.30543223
5012,0.011120135
58216,0.013633007
144792,0.021815747
50768,0.008209002
19405,0.008823649
122705,0.01459941
138001,0.30454963
77401,0.048610725
49889,0.012273888
148143,0.008530293
119001,0.050902944
71922,0.01375425
32493,0.009414604
123288,0.009437324
2629,0.008499127
116594,0.0064078607
139930,0.025498688
41622,0.020572037
31384,0.021928834
143062,0.11461305
81843,0.010207118
67418,0.100069955
11133,0.018042803
33167,0.060773592
34096,0.007469275
46786,0.054154873
143922,0.050481852
44655,0.13924487
64349,0.017276416
79327,0.47553852
101909,0.009377455
101481,0.012021302
20523,0.08316147
13205,0.13282193
138548,0.015961593
104321,0.0336753
122706,0.19699328
1225,0.012936264
78300,0.074202634
28462,0.09399714
124202,0.010024566
37645,0.019394109
133259,0.02653672
107629,0.012013732
48968,0.12791547
124448,0.016085267
97045,0.022768814
91440,0.043754708
124527,0.06133553
125797,0.012067672
39157,0.008610959
34611,0.013597759
54256,0.14311123
124367,0.028105818
24407,0.029042125
31709,0.02276474
109332,0.16841264
38201,0.013200175
83325,0.008488879
73464,0.025442956
105589,0.061415106
110811,0.05433716
43833,0.0060004946
90876,0.03618506
25015,0.021332473
114699,0.02483625
62521,0.014708954
36381,0.029502274
29587,0.032073434
107813,0.036035713
78960,0.088133164
8894,0.015155435
68911,0.020979881
51080,0.056939222
29879,0.032362837
38672,0.03432849
15111,0.01547353
45639,0.040922817
120161,0.04935777
94799,0.04369685
35177,0.0071904683
57061,0.085206605
83462,0.17602357
135166,0.28822133
31039,0.035913453
28425,0.061295323
87479,0.010049991
100052,0.01821842
43066,0.0091475025
148514,0.023673132
112198,0.0068926597
33802,0.096040286
71794,0.04464733
9669,0.0067358688
57640,0.04077544
87425,0.023027495
37940,0.024414781
17222,0.097593114
129552,0.012554659
35904,0.015697379
149869,0.01821842
135206,0.019187221
95769,0.011464143
40442,0.006283968
23149,0.012111894
79629,0.010052226
119603,0.10474963
61019,0.0742248
132671,0.015446873
94037,0.042488728
125282,0.01568382
138553,0.037955277
84307,0.010873031
124326,0.0087577645
28342,0.024262305
109617,0.08028144
86971,0.006564094
45957,0.007011161
107576,0.020232016
34182,0.02797329
37250,0.06247395
148101,0.047062136
15172,0.035484985
82245,0.0069739856
105615,0.05821326
22757,0.048374
147927,0.03256516
810,0.023492064
91179,0.014621618
51297,0.018644022
79192,0.07921192
40070,0.012311583
10144,0.03658732
108649,0.0093482565
139799,0.00984233
134067,0.015384507
148262,0.06389323
59761,0.010447906
148774,0.04983678
55658,0.05746985
145210,0.007323877
4624,0.010252085
15689,0.17222422
126118,0.017641645
118187,0.046614546
70378,0.025980448
147906,0.046399817
59682,0.020558706
8614,0.010969547
124863,0.15268545
12712,0.16612864
108432,0.054827143
143843,0.102083206
29718,0.03404819
8153,0.0079089375
44009,0.044011045
141470,0.41729426
139271,0.19667314
65382,0.00921876
30322,0.03725966
143271,0.012031632
111925,0.009977242
74114,0.034147866
86979,0.006942789
104993,0.01939631
20846,0.01085025
99591,0.04453296
39415,0.03372903
64888,0.032462884
123849,0.014070188
38701,0.010892557
144239,0.14868133
118786,0.047271304
141126,0.008995599
301,0.027489716
38018,0.02811986
22530,0.05857771
72616,0.058758553
48629,0.015310452
143333,0.30827725
145956,0.027610037
36254,0.014620787
95888,0.011966272
8408,0.02499466
34819,0.025992554
107279,0.029338552
98878,0.042141207
65203,0.010798785
71618,0.124743976
43705,0.7019849
70179,0.014451363
6117,0.04861796
20608,0.009269773
108663,0.01992471
120076,0.06811793
124733,0.010991265
53000,0.042651646
106189,0.021796102
19243,0.17416765
145749,0.0117892865
52168,0.008031482
128659,0.083976835
135584,0.02985552
139774,0.1272406
89972,0.020940892
149983,0.016356891
110679,0.009589528
36065,0.06246811
75135,0.07328154
100426,0.05098305
66600,0.042295597
17791,0.04376967
14928,0.0056775073
64423,0.011529416
11417,0.06615116
126811,0.06275511
34248,0.010801627
140715,0.027414624
79179,0.014298664
28282,0.025576893
117502,0.01946753
111368,0.3462745
33482,0.40133724
88244,0.0126466155
77079,0.0146406125
77512,0.007371347
115375,0.08561461
63485,0.046161637
80836,0.0075548347
105575,0.009157708
126369,0.010215103
40402,0.07396044
77480,0.031596918
98148,0.052210327
129007,0.061564952
55691,0.009154723
31628,0.064454384
120413,0.010005476
63115,0.020219529
122434,0.013876666
127856,0.0077271173
34745,0.028766625
22719,0.017670773
27268,0.008922686
147072,0.011062145
31332,0.02115864
121906,0.007867988
104534,0.006198889
62434,0.18771689
83191,0.060146816
120256,0.10262063
82111,0.018911762
59374,0.0070556058
94834,0.02565488
98189,0.019593429
89651,0.009168657
44787,0.027026793
136456,0.012882859
53132,0.010797649
12228,0.0117724165
121519,0.01942092
118748,0.0069291987
68892,0.006124502
11551,0.011565665
148159,0.016544687
11108,0.18463978
31523,0.00812419
144057,0.1746814
2894,0.3440034
18218,0.018184857
9852,0.2287844
8378,0.10516662
149380,0.011568298
90440,0.015321245
62565,0.25357926
83390,0.0069616293
59692,0.055265374
149606,0.006502748
103575,0.015851244
149596,0.075440675
96281,0.0817859
62909,0.00949692
2711,0.1831792
143892,0.00817218
93199,0.034218613
132371,0.023447514
127960,0.0080109285
89010,0.13573086
40098,0.010104691
55710,0.031272415
106864,0.015872905
29163,0.16099982
97525,0.010353684
95343,0.0787254
107944,0.119838804
68358,0.013737603
35985,0.0061340327
68080,0.035660475
127024,0.01583453
72689,0.035820413
71179,0.02061849
96450,0.06068635
148184,0.014023102
106953,0.023010321
55151,0.013625686
51406,0.024769649
108459,0.010890415
14703,0.32899028
97565,0.010340057
107499,0.08714328
41706,0.6377486
37916,0.060428284
46001,0.01858629
114434,0.012585595
68364,0.027176404
118797,0.039736565
9383,0.012998663
14888,0.006211486
95978,0.01581105
81821,0.07242666
70497,0.01156374
129274,0.01333108
73269,0.006354929
32170,0.0145626385
23206,0.10813028
42046,0.013156043
43680,0.011864576
99688,0.036221836
101131,0.074047744
46591,0.010042318
86505,0.013084742
54913,0.048714653
86472,0.02072509
89878,0.053560495
85031,0.3804952
37256,0.007897018
136899,0.040051073
31512,0.009864045
146061,0.011101746
90688,0.026869904
8069,0.006182097
121287,0.01641042
1159,0.01596937
111239,0.13910049
115113,0.015617171
32543,0.12933484
128680,0.038808372
133538,0.11047089
66069,0.018413804
136639,0.182541
128696,0.05409483
128705,0.10325973
17465,0.0072616334
91957,0.06331259
92513,0.00969032
3301,0.015416972
50728,0.034347426
82912,0.06952575
8048,0.00715137
60369,0.043149047
42645,0.013372482
29389,0.107909895
21135,0.24022946
28334,0.008140517
69061,0.056121595
120233,0.2012708
61929,0.017328937
60223,0.00863425
3672,0.023638941
101918,0.0077928
108468,0.018379416
136527,0.0080611715
91062,0.018066786
131567,0.26854032
15728,0.08503434
10942,0.02948904
25740,0.09672062
20971,0.1715687
145722,0.11720118
70635,0.01868283
33994,0.028654369
75959,0.013549607
20653,0.1389417
4775,0.005454945
119141,0.011492158
128791,0.056038983
86630,0.01286155
105574,0.011097988
72862,0.045345448
72173,0.05083725
119011,0.008020438
40581,0.01705641
96291,0.031328663
64680,0.14842671
56873,0.033829134
9960,0.48717546
119749,0.010916003
122828,0.010004088
67783,0.008507457
83516,0.034333218
95175,0.053608954
138105,0.011701284
107154,0.05711656
106734,0.051431198
52183,0.46251273
44438,0.013353602
63016,0.20304902
103982,0.14729337
32275,0.015891157
27845,0.0890109
73477,0.066098034
43430,0.38134107
137854,0.012186272
31168,0.57440364
116072,0.0064647244
131310,0.08999235
60442,0.011804479
104236,0.01723563
80897,0.017164912
135829,0.013697148
148041,0.015543693
104322,0.011640238
108677,0.5142745
131700,0.034488734
79284,0.05415331
122361,0.019881824
109780,0.0070755812
93946,0.026518729
108364,0.014644994
66440,0.5624694
83262,0.011519535
48376,0.1053817
112097,0.01516753
129844,0.1327427
50621,0.027116846
97199,0.017128719
119572,0.011074212
129130,0.013236361
30168,0.0071241735
15113,0.033530403
57960,0.027780795
103409,0.22648026
21849,0.012075161
126717,0.01836988
14002,0.012013405
128910,0.01343082
98815,0.0114579955
27863,0.011160246
8385,0.047595102
133214,0.011656449
21960,0.022884034
29505,0.018047597
83317,0.0117908195
74325,0.2402105
8306,0.008839835
138746,0.2928001
142640,0.015544787
19286,0.026795408
41908,0.027248897
77980,0.055808388
5204,0.18327545
103892,0.02001912
30824,0.021064404
99148,0.007521124
117410,0.0067890026
132323,0.006515227
9112,0.045946985
32265,0.08150385
58606,0.0148045905
59641,0.09748255
142329,0.084448524
59922,0.043887544
146210,0.013683832
20651,0.00818292
112752,0.095174946
144972,0.014649339
83077,0.009685352
63382,0.17587973
144490,0.04417963
62364,0.08163401
47692,0.08406883
12410,0.006634092
16372,0.07918331
56504,0.007575839
33335,0.010561715
26204,0.047471285
114262,0.015895057
105364,0.059240673
75188,0.013557531
71850,0.012945705
48537,0.04969835
106665,0.097516306
127043,0.010079238
80132,0.079486944
32748,0.13069534
116549,0.010652566
41367,0.49144083
121727,0.024878703
107819,0.124879465
62448,0.032373298
77794,0.01415944
21770,0.0060172672
93709,0.3405819
96630,0.014020011
5105,0.017780907
101298,0.006547988
134816,0.023241762
1338,0.0066724573
123351,0.16476098
47182,0.01462414
116187,0.016604261
85848,0.0067199515
83223,0.015134452
143364,0.026952654
40856,0.0072232685
3014,0.052509774
60076,0.4637067
9794,0.46695346
120506,0.006570835
133533,0.01319522
89663,0.030410672
2767,0.48956206
35617,0.01464825
54430,0.010962074
111526,0.06346525
99505,0.06895884
23050,0.009324383
2816,0.011023886
52610,0.006582368
75065,0.019973505
25606,0.013655063
53961,0.010273803
140027,0.075951345
4849,0.024258664
83445,0.010250255
45398,0.007158897
72024,0.009667262
73498,0.008489966
33671,0.055878345
87234,0.015725503
61166,0.026770487
48676,0.019976968
76980,0.021029947
99940,0.06828091
5245,0.08418991
73025,0.007467338
30004,0.12355871
84830,0.026532786
122934,0.024314703
36482,0.044140145
141465,0.050481386
112792,0.008756337
126851,0.009907485
18452,0.1448751
55873,0.0128497025
23316,0.010551161
36366,0.44065192
112276,0.010313993
60636,0.09911933
7276,0.173536
114047,0.026505215
116895,0.0077470685
54385,0.1899085
136217,0.013383829
64573,0.107741155
83719,0.061876163
61909,0.01818099
70782,0.0446657
24565,0.009136557
115330,0.01404203
55407,0.008983505
5119,0.0068180496
104671,0.01655476
30132,0.011728843
114183,0.03413178
5916,0.0967688
45645,0.03773644
70641,0.006463692
97304,0.010494314
54503,0.110158
108542,0.3174589
95960,0.020817991
44172,0.011591613
114373,0.07990563
94216,0.21638827
61239,0.0070689307
136525,0.013952726
82116,0.016505374
78370,0.07020157
128214,0.0061785704
124738,0.015529083
8364,0.027125701
126274,0.029186951
147363,0.009952587
103662,0.04616993
14850,0.05746063
79782,0.032749906
118192,0.006198557
101347,0.016562628
16269,0.34119874
87778,0.009902003
18926,0.03292675
8413,0.007385001
86029,0.011818459
9896,0.029650955
60829,0.010430645
22548,0.22429816
300,0.04178645
132522,0.034984533
9130,0.011332433
120168,0.021858428
122560,0.015022246
6126,0.016428502
51037,0.02060639
21014,0.010363119
71489,0.019553728
89496,0.025741892
14316,0.08896243
76467,0.008730528
75532,0.31661963
129875,0.0058041224
64327,0.008844023
30969,0.009992698
8114,0.0182089
149992,0.012558751
28239,0.013258708
40685,0.018268032
111656,0.03266416
143796,0.008443578
14848,0.030335106
82423,0.006912746
127590,0.013701768
18638,0.0126355635
75886,0.241021
58276,0.017088305
14044,0.014759023
125397,0.0147498315
121405,0.014989748
85126,0.039062638
9798,0.007272121
130509,0.09615125
55435,0.024715241
36459,0.22055495
19776,0.01698391
12235,0.014612017
113231,0.009848373
29196,0.063278824
44847,0.036334068
101348,0.0093544405
46902,0.0813246
2562,0.061444085
96618,0.014887988
123996,0.22976674
12904,0.055954605
39328,0.011693213
70974,0.010835552
6059,0.051429328
109600,0.030653706
13514,0.04886848
84191,0.021785043
4546,0.054313473
148652,0.07733713
85070,0.19389622
36103,0.030542491
57653,0.13226007
50321,0.007446501
84938,0.082653366
134624,0.011394777
113472,0.06024058
1614,0.009902107
124097,0.010209069
107286,0.023686614
90347,0.02958186
149623,0.26634532
26060,0.07712428
132243,0.2545434
5004,0.014365656
23576,0.012248755
90167,0.030102544
82163,0.02222734
64754,0.011531812
62059,0.013255638
69076,0.015655028
21165,0.0075590364
70274,0.008343682
14228,0.022720203
126565,0.026932692
139822,0.2896141
14773,0.16100931
58436,0.11871534
46616,0.008513255
30836,0.015216849
119830,0.012223207
18319,0.018646624
104344,0.029952869
54929,0.14518246
142760,0.017151298
134282,0.00871215
87897,0.010533593
42171,0.010120734
88820,0.11961469
117268,0.014347357
5691,0.025016349
17449,0.015532232
73936,0.013205102
110728,0.010068278
144843,0.020345608
21822,0.08653091
45634,0.009689264
122475,0.013349934
98411,0.010588348
102014,0.010729022
127349,0.008727755
113197,0.02024393
52187,0.021714231
83553,0.01863107
76683,0.048843965
112471,0.036547422
32521,0.00782307
43346,0.009235862
106293,0.023280628
112637,0.16864313
52123,0.08567319
108189,0.020215642
131046,0.097511604
25868,0.021977799
31171,0.008798599
7727,0.06808136
69588,0.024275368
50372,0.033123784
123697,0.02748665
11751,0.024102867
149191,0.009381168
138461,0.17009573
105267,0.032262314
105966,0.10174862
31908,0.042324416
4690,0.010397574
80028,0.0080328
51005,0.24714251
107988,0.010201723
99734,0.020207664
39286,0.35160533
100638,0.0110521605
123112,0.014820247
130661,0.025867611
99521,0.010573132
50959,0.026945615
37244,0.09280123
116564,0.009179154
33040,0.44262287
47207,0.3531346
11408,0.015644765
17810,0.11570157
121014,0.021374218
141142,0.050808497
94016,0.012405533
84059,0.051043715
55734,0.008567078
143526,0.023138871
29525,0.05345111
3015,0.0883458
136814,0.044890225
105297,0.0060715573
29889,0.030563874
143847,0.1213031
147681,0.022559805
112323,0.01004734
22619,0.013552744
127050,0.096631035
118270,0.018605618
126725,0.008127037
5078,0.010913636
146696,0.049918707
119291,0.034703337
23335,0.04560859
70946,0.05780375
105749,0.27961457
111205,0.1124675
139982,0.01175598
80921,0.007339584
25819,0.009615377
10483,0.005857059
15040,0.01232239
87529,0.0069157714
67631,0.09223583
4478,0.009107129
3484,0.10020566
106658,0.010936492
100126,0.08586416
125650,0.012057306
120540,0.02624666
81762,0.03418787
61768,0.07866388
111659,0.011977807
108590,0.015137843
38074,0.006296251
90466,0.45750377
14808,0.0095383385
83982,0.07134998
145493,0.10903028
123594,0.04812146
13044,0.041384757
146083,0.006854274
52831,0.15316275
25955,0.048741132
11005,0.008121673
7723,0.09773134
109779,0.009364061
11673,0.034235276
19700,0.0067671966
145329,0.02083588
102943,0.0070408056
56522,0.010262149
22307,0.011974963
21277,0.06723322
146062,0.030893458
109756,0.053094175
65396,0.013903503
51382,0.19021232
147111,0.015990356
70419,0.030736977
101149,0.051586993
62337,0.009814019
93282,0.18070605
40490,0.020194389
135900,0.01816611
17346,0.064038634
132988,0.03411767
4071,0.013381614
145757,0.06763017
138682,0.020903107
71776,0.12481788
77994,0.07874191
58384,0.054789554
109473,0.014535204
68145,0.019932756
104636,0.014370559
16062,0.025800535
137397,0.0135406675
91377,0.01186188
16129,0.12369726
31359,0.02636357
102436,0.13372448
102185,0.036975082
106572,0.046981834
27573,0.010426557
57165,0.27110565
102821,0.02050231
96551,0.042291332
75073,0.007357341
14313,0.09751158
134345,0.0123677505
77913,0.011813811
16539,0.03272224
126955,0.017496986
50103,0.012239679
148187,0.0060773757
68423,0.015604999
108826,0.010847615
26352,0.10933858
83513,0.009594248
119492,0.10784114
56003,0.07744891
24021,0.008750003
97629,0.021506079
60722,0.015728567
52789,0.7396294
38635,0.015291047
83505,0.013319456
142060,0.033328112
66029,0.3777627
69164,0.015389781
3492,0.043423124
11048,0.023187047
48287,0.024461327
85833,0.04141261
17381,0.012243207
858,0.012342481
33026,0.0067463345
27055,0.009287482
24036,0.009932962
46871,0.12311868
126359,0.037742794
14885,0.011839428
83141,0.010362776
252,0.485278
120467,0.13128106
116663,0.011184606
132717,0.011622219
135662,0.6840069
109927,0.017707149
53747,0.12722296
102280,0.5653066
141043,0.012426933
29464,0.012245438
142247,0.021795206
38082,0.0069882427
43484,0.016875027
120860,0.10593412
23135,0.013717274
66878,0.009900153
14300,0.022083458
25555,0.011851657
112298,0.05963128
29963,0.0070936135
61069,0.010640496
138631,0.0103430925
108641,0.013100213
110501,0.018274417
62624,0.009532025
118094,0.018344574
111460,0.022367878
32880,0.0070983
102410,0.007147505
123856,0.013814476
107649,0.10861597
100404,0.0509652
114355,0.0061810194
60623,0.057423696
88171,0.027125027
56551,0.047850385
91370,0.49290505
140182,0.07034821
38860,0.012041164
77785,0.0071543125
2992,0.13658588
59639,0.009961721
26928,0.014846149
65049,0.0075505176
145165,0.0128368735
120990,0.012621728
50053,0.013757044
100624,0.015239667
45394,0.03840948
66234,0.077350706
56477,0.04465926
79098,0.011628618
32751,0.040326122
102253,0.12638663
114265,0.018493429
95970,0.06366411
2687,0.41780618
94586,0.012962911
37373,0.10988467
78529,0.01053559
24037,0.007314738
45161,0.028905869
70800,0.0154804345
30796,0.010768068
41999,0.082684174
129809,0.013552717
37774,0.07939293
132005,0.014161165
13164,0.012845577
80905,0.007796466
67614,0.019824555
11790,0.012907891
145429,0.013808313
50330,0.011242721
102005,0.1791916
428,0.011748658
126010,0.007945674
68553,0.054610465
87213,0.017229555
44482,0.011094943
113036,0.007685185
65841,0.011851808
142615,0.03333402
58274,0.011281423
4765,0.10303697
96830,0.034483917
3642,0.007740843
133462,0.012039915
77503,0.03957193
106308,0.045702826
57072,0.031637594
97682,0.09320607
21136,0.007544841
27909,0.028181294
87419,0.010090891
101698,0.021743415
131095,0.014104281
105283,0.09907358
5166,0.03984059
31503,0.008543919
73182,0.007600034
34710,0.09087142
5389,0.018180557
92189,0.043038707
14384,0.01320038
16631,0.050844785
57989,0.0124786
11090,0.051040374
66971,0.014363691
46325,0.009047202
117466,0.042808898
47875,0.0093399715
52866,0.096423894
112464,0.012584695
145416,0.050962783
63360,0.07221453
85761,0.013743057
81682,0.059922792
96402,0.008911388
12166,0.14820956
15374,0.22392465
136986,0.04233206
104147,0.1411702
66062,0.23659219
28028,0.038204767
5939,0.025844205
61186,0.008681996
77210,0.008820813
72871,0.019423448
39830,0.016144402
84326,0.008577689
136725,0.010185928
2261,0.03953779
39442,0.101343475
122393,0.0109086335
18636,0.3157574
44984,0.022763405
69300,0.22223654
54024,0.013199648
105995,0.038456917
67208,0.015019988
10824,0.014636445
41170,0.011764287
30816,0.418227
134240,0.1084156
142440,0.070916906
7508,0.0071565923
126623,0.019361878
8108,0.030839078
17264,0.08184779
113839,0.009384581
69505,0.105082266
539,0.014883799
75679,0.0085346615
116122,0.062405445
16606,0.013529749
5121,0.092531644
104691,0.014704787
74679,0.011744302
95246,0.08147869
98873,0.01427378
115728,0.007533884
36034,0.06549679
90085,0.05302154
90463,0.019018896
105121,0.11427865
110746,0.14344402
109279,0.0220491
26771,0.05899787
54393,0.05204841
110645,0.01388489
136474,0.009240387
23632,0.074264996
131880,0.00599321
7662,0.015425935
19423,0.01961668
77165,0.022638043
130135,0.37705296
93572,0.04483623
108330,0.30532783
147970,0.02640648
14933,0.5933277
125967,0.011654658
66265,0.19211306
73901,0.012261887
18694,0.009449603
17186,0.17753845
147645,0.33992842
84909,0.13319768
32633,0.03070982
27493,0.10784812
139973,0.007899728
61652,0.03255679
139697,0.026446199
62693,0.01112568
20142,0.038282044
53910,0.15461332
109002,0.014231554
55483,0.11916576
76724,0.046311833
14809,0.48762676
26412,0.034357447
138751,0.025899323
114759,0.009291427
16557,0.015158301
73930,0.009120038
123169,0.067617126
110224,0.0132265175
16862,0.011255392
20014,0.29025903
40284,0.009773782
69372,0.025926374
144454,0.02814246
70044,0.13514319
136866,0.4656175
36345,0.011861127
139136,0.014078949
79605,0.01612613
80868,0.08498151
59719,0.035943877
39333,0.015007508
71109,0.013799776
79556,0.08671943
4658,0.051664386
112100,0.0881113
3122,0.009238645
109071,0.024994947
83662,0.12173058
8877,0.017414885
62249,0.020423355
136490,0.013684811
406,0.016203519
17406,0.01913527
23044,0.05821964
128801,0.005561683
2238,0.012326455
10301,0.028330676
26116,0.064131364
55833,0.08098202
44391,0.33821988
80736,0.013272788
30729,0.0054543344
53147,0.039954323
61237,0.023303028
24884,0.039614268
44260,0.12875493
122413,0.012263072
135130,0.20159075
77310,0.006511339
138506,0.013040869
58363,0.22106205
147579,0.029328143
79835,0.019407814
12633,0.42041308
87629,0.009286069
114189,0.04500734
36063,0.011643678
24094,0.011283471
55633,0.013600299
146803,0.0094892625
21609,0.02265964
127535,0.011704962
23782,0.025899509
117149,0.059526406
26640,0.2550338
54845,0.10037437
117710,0.010361882
106662,0.0068752454
15431,0.011452201
13626,0.010188052
29283,0.011397974
107763,0.42186078
45349,0.010564337
28526,0.09799423
117787,0.008740818
6769,0.011257451
68878,0.01726222
73096,0.019506723
100666,0.05056532
133280,0.010988642
131411,0.011627073
106492,0.013131067
102654,0.013572507
2833,0.01625438
63362,0.043348722
132609,0.014820505
59083,0.0072438344
94771,0.06795097
148348,0.04266901
41117,0.08885219
48467,0.041808795
32834,0.06845381
44679,0.1822202
94865,0.09747338
12145,0.54639196
139712,0.013653066
55131,0.031077368
84720,0.07416905
24339,0.04769948
111477,0.055637214
92573,0.011582695
92911,0.011707119
4842,0.16351257
76303,0.016695237
124269,0.010002478
130850,0.061980583
71292,0.12337282
81468,0.17415714
23795,0.07564338
99174,0.05997187
15699,0.16729887
31467,0.006858826
83512,0.015943022
95498,0.02824822
79572,0.05405244
129033,0.023525825
66433,0.025262138
138452,0.07162924
114153,0.039615396
134859,0.2848251
28897,0.045022238
18807,0.012668284
148286,0.010102435
70254,0.3848445
8335,0.040967945
47561,0.07977156
38076,0.06720217
142595,0.2788695
67136,0.10914474
43335,0.016882267
76406,0.0139776245
135716,0.06942
114130,0.054201797
81382,0.008184917
22593,0.22199677
127608,0.021606395
41446,0.027852092
37917,0.03670554
51366,0.014851714
98378,0.043435305
32163,0.0073483125
89585,0.006677067
127681,0.010954162
63769,0.0351007
124050,0.022888847
94344,0.047307715
13178,0.081849955
47380,0.03936602
31949,0.011357639
97665,0.2207521
93010,0.0077818977
11230,0.013698623
48043,0.05120693
38978,0.018416705
19844,0.038098503
121220,0.47066897
71002,0.24622297
131932,0.011487717
140408,0.038347803
147373,0.012556976
54612,0.018273288
21390,0.023891402
39404,0.15514389
881,0.105855614
9082,0.014153499
43271,0.01310342
121488,0.5242181
146199,0.018267771
77768,0.011111476
94981,0.009447269
75166,0.20889066
2025,0.29859522
139819,0.029316492
25531,0.036480054
62395,0.41742882
31870,0.013216271
94517,0.047833987
112073,0.12475709
73542,0.087850146
75547,0.014124751
94960,0.025570454
29578,0.030955004
68475,0.0153463865
147768,0.2028836
109980,0.010905742
147001,0.012311531
124881,0.010956238
38507,0.018796172
120222,0.10626949
82946,0.021848388
47317,0.0074657155
13707,0.03910138
78648,0.009955082
131913,0.013066055
27671,0.07802464
125462,0.04792053
103481,0.016994834
68331,0.022167359
27343,0.047740437
58204,0.007554738
53133,0.02197206
103255,0.022429958
141694,0.012518221
107895,0.010663764
140712,0.011274878
29671,0.05806208
82078,0.030228123
23419,0.026622191
102236,0.027891392
89401,0.09251212
12845,0.014656622
27296,0.009449501
97583,0.008142312
76404,0.08012179
65647,0.10638435
142637,0.06102111
38786,0.019992046
11432,0.015599126
117551,0.083072536
143123,0.015560644
72190,0.20252272
146276,0.05593042
30944,0.016317878
144007,0.031311996
149995,0.037264083
115938,0.041263856
120978,0.011841191
147691,0.047819037
50833,0.006999671
21335,0.038987637
109286,0.012919056
146172,0.011446697
40657,0.06999865
17820,0.010455505
27958,0.018182319
8175,0.009266038
61271,0.058022365
34596,0.118740626
35952,0.015398192
46801,0.009111196
74551,0.06788164
52259,0.009593147
143076,0.027519492
97279,0.008485917
81669,0.006982696
47369,0.13853069
121376,0.015014847
132889,0.010007442
83127,0.00844756
145754,0.01864915
128497,0.016479904
82749,0.04426471
23943,0.008677266
37283,0.006932464
110476,0.06990159
82613,0.04076794
107033,0.14486524
51885,0.076296076
108630,0.14996201
11733,0.20191199
107541,0.107186995
99207,0.007251846
115752,0.007202355
46688,0.009101756
75708,0.0061784857
13867,0.01266758
54982,0.013115943
132801,0.0076537654
45362,0.053651623
58834,0.032820325
18154,0.01061049
51168,0.010469535
103979,0.07689227
59509,0.19596861
24232,0.082217574
135845,0.0510387
124003,0.01655119
132544,0.03184987
60308,0.00804641
131575,0.1436858
125873,0.27353677
24870,0.011571803
113466,0.06916428
56321,0.06856045
133460,0.20490313
112452,0.03367758
28433,0.019999834
16678,0.06600804
81164,0.45027944
27230,0.012853701
68569,0.012833647
68556,0.28946045
6836,0.07115049
109118,0.01465236
144551,0.095536634
110990,0.011749649
103636,0.0102871945
54835,0.0071292957
108158,0.08213328
110602,0.011045584
2884,0.010599278
143649,0.014457722
67109,0.031179668
44881,0.005831999
140040,0.023048937
148052,0.02414761
34537,0.035601947
3275,0.0060580503
40392,0.017049912
64906,0.11693481
141845,0.015175881
113181,0.44148663
43986,0.018442001
43334,0.012988347
70001,0.020914258
135489,0.008256872
27066,0.14349517
70325,0.015163707
112425,0.012508516
85348,0.02585928
69724,0.11041979
67728,0.007122626
12312,0.1195922
15355,0.022511236
11192,0.063422374
25362,0.0063256267
11561,0.3916554
28259,0.47791028
141954,0.020265581
106393,0.095252484
123583,0.064129375
126055,0.029889183
84207,0.037205335
73637,0.035741948
21745,0.013895693
134171,0.011479413
26733,0.11087099
9225,0.12734006
112379,0.030703796
11740,0.04934069
66851,0.04152574
73835,0.0068930574
20007,0.009006488
51378,0.030526724
7049,0.0061543304
146071,0.009081938
70083,0.014695485
33851,0.01949791
56694,0.042918988
126181,0.103143886
15079,0.045223437
112183,0.1023297
148010,0.099550866
99836,0.235683
143279,0.006602873
127691,0.01352609
114910,0.008664502
78565,0.0150270015
114367,0.026045034
129959,0.11998151
68248,0.028435098
112144,0.014318182
5543,0.031390257
75864,0.010610616
61933,0.36053643
20126,0.09099701
109503,0.0124222
123957,0.012405684
25457,0.010521156
61076,0.37837416
34589,0.005859933
32060,0.5005117
142735,0.011686096
18794,0.008890738
20696,0.006209632
107302,0.0061540245
52564,0.16655101
83190,0.094687596
10261,0.015212347
122794,0.06878034
41906,0.052908037
141579,0.011276941
88514,0.25657842
88898,0.05530287
40484,0.010572324
66683,0.0065835407
47160,0.00888385
146834,0.012638646
9728,0.016685518
16321,0.011815225
83383,0.04764229
51524,0.007198227
85059,0.08551099
143617,0.034849774
9520,0.26784188
36003,0.034913726
73275,0.01643297
56276,0.044153176
87222,0.030847743
53005,0.019124946
68612,0.006012489
45468,0.010736039
82606,0.008066867
143231,0.011122144
133991,0.015619209
52742,0.015635038
62150,0.008600793
55480,0.013134745
37286,0.09330513
28386,0.019308645
20503,0.02430644
28246,0.09035916
35250,0.008850144
43793,0.012702995
83850,0.03542539
116950,0.08969244
127273,0.025595011
55502,0.01464825
48309,0.013258938
118276,0.017991202
133273,0.059161644
63613,0.021827629
37049,0.04177704
103633,0.019531418
104513,0.037279412
94721,0.01217278
47037,0.019139275
109828,0.009877285
104096,0.017494043
93313,0.03763278
11596,0.015465745
17356,0.118404485
146102,0.06559246
147358,0.04152427
4703,0.0066519678
130483,0.029052231
9658,0.009201224
9492,0.014204366
55060,0.009288211
20308,0.013658686
99863,0.010812801
63514,0.06177487
119982,0.4428642
103644,0.037467
31515,0.0086356625
12640,0.032985665
54591,0.0580677
148763,0.028414361
66442,0.16585289
79318,0.08445683
92838,0.3173406
15437,0.084258385
15336,0.018496275
53127,0.12507752
109653,0.008451539
148109,0.022213498
17769,0.05222138
88669,0.017276974
123421,0.009679066
3862,0.0126146525
85634,0.120141335
136070,0.010363427
148043,0.25603747
56580,0.006114149
36382,0.02059889
92194,0.0130358245
119640,0.055462006
38106,0.029784806
79056,0.011760966
56700,0.053764787
12709,0.022711791
72278,0.13550232
98730,0.039423592
30167,0.015330932
28298,0.011115616
11524,0.04409437
71806,0.12558843
51911,0.05892346
131142,0.013383735
21070,0.016101379
107583,0.018067285
129195,0.025010953
40790,0.009656047
91267,0.013248087
52592,0.0073747737
43481,0.0064114197
86409,0.0111984145
63398,0.04199414
132644,0.023144161
56734,0.0069583766
54586,0.021774441
28020,0.42214894
32130,0.09332757
130272,0.02628239
85602,0.29740453
144463,0.03498094
124877,0.09970074
133879,0.012081197
47290,0.012244839
125835,0.009632193
148776,0.11110614
66315,0.007098296
32539,0.008471758
22067,0.026265074
34848,0.0101837795
51537,0.058162127
19057,0.38666567
136110,0.0144138215
51992,0.178443
148780,0.01301883
105069,0.019209856
23799,0.006085725
141680,0.009332249
116670,0.014863216
131839,0.039233014
132240,0.010662375
94412,0.05895695
95004,0.19666387
44384,0.013903334
16231,0.11030644
2798,0.0141693745
127992,0.033597123
149594,0.10785927
119126,0.11932291
126153,0.0338273
81137,0.11067313
22964,0.013836418
7782,0.016733715
147876,0.016771818
14127,0.2407416
114495,0.0061374432
135139,0.011722754
86603,0.012487095
42732,0.011563696
130355,0.20459221
140719,0.01092583
140550,0.0105176065
51829,0.10547103
143013,0.59782946
27742,0.2957275
139723,0.037351973
52872,0.008598479
60333,0.018292956
70865,0.026594948
25465,0.023511712
48642,0.47321966
91983,0.013912953
62810,0.008669459
137111,0.025307877
75620,0.007350021
138798,0.1307212
79451,0.087915376
12452,0.011685633
68981,0.08493954
140163,0.036336027
54770,0.21202368
15827,0.013111736
140956,0.02525034
30596,0.008258094
68805,0.0126494095
65813,0.016579458
84713,0.0058804443
56334,0.011492559
31297,0.10878563
107697,0.35736442
52611,0.0086593265
20710,0.07349672
128636,0.07100129
39869,0.009742243
115779,0.0128394775
83270,0.03537759
108866,0.035848297
65231,0.010877053
10080,0.13204049
118659,0.013575399
37680,0.0068550045
30603,0.016521776
68255,0.011955932
72621,0.016835542
99614,0.53453755
92086,0.024010427
147594,0.8449771
68687,0.020972697
95615,0.10772781
110997,0.04586575
117705,0.022135397
54651,0.03549469
124841,0.0751162
66222,0.019375626
6717,0.030345332
3790,0.059879497
20965,0.123595715
128926,0.0428917
21987,0.109158784
46425,0.09972312
28077,0.04793392
136765,0.020527842
48289,0.04077406
28310,0.10287235
1965,0.011365972
35276,0.034191962
51361,0.009797662
61495,0.018661134
96900,0.007097675
9579,0.011150452
103247,0.006535744
70442,0.018360032
4621,0.044181135
90383,0.09073726
22157,0.014971735
62248,0.022095026
50362,0.0109575465
3402,0.31680965
70945,0.02244495
120834,0.006187889
131273,0.009418416
24880,0.025391778
45103,0.0094104735
124583,0.0063582268
86978,0.006062149
79373,0.008114969
2511,0.0063064382
30136,0.13222069
97845,0.06970909
32178,0.015785495
103530,0.013753066
15211,0.0080334805
45138,0.28399634
41954,0.011718125
26200,0.020175291
132892,0.1646983
132074,0.022337653
10293,0.0057320097
115916,0.008420464
145132,0.15600346
123088,0.009289343
135474,0.023233455
98251,0.07739995
655,0.03692669
47282,0.012639449
138696,0.009002846
58612,0.026865268
117034,0.007844573
94991,0.045929793
19024,0.041318655
34334,0.011911907
20658,0.014331061
70355,0.02177949
62380,0.07490063
26354,0.0080259945
1703,0.0078457715
103312,0.032416914
143108,0.059706565
4153,0.00954595
141583,0.023098746
73204,0.16120577
136362,0.010970059
131078,0.07347345
5091,0.01133814
32347,0.014686304
73423,0.015484467
99552,0.12242197
10846,0.011770908
54918,0.006865683
74881,0.011909549
123025,0.009297939
128545,0.025681568
117260,0.014898459
54840,0.05081257
28650,0.062496454
112762,0.05050825
148340,0.014686187
45763,0.0071937265
37440,0.024028085
62592,0.01192212
46144,0.07750625
38120,0.008553348
24704,0.18617597
77898,0.06870296
87499,0.010924532
64124,0.026553348
74280,0.00695503
125742,0.029940816
134412,0.035968207
127329,0.098100334
43073,0.07813032
87148,0.009574038
26269,0.0062636076
43783,0.035728116
116876,0.014450249
128721,0.025297329
100070,0.007762648
25820,0.009518043
64639,0.009407865
11181,0.043632522
118592,0.0805738
103236,0.014087701
61355,0.010908309
29152,0.022595502
70181,0.071059205
137801,0.07020664
58293,0.013129195
44113,0.12303469
131327,0.39430535
97440,0.016273117
103287,0.029244065
47027,0.47430882
68845,0.0075820084
21937,0.018370824
9348,0.007401732
65475,0.09133979
3942,0.068732195
18956,0.04078273
66451,0.040336013
39902,0.03959071
39600,0.3570302
138054,0.019233432
18403,0.036189124
29309,0.063870244
101095,0.04732001
51295,0.07894695
117537,0.009627418
3540,0.008732476
112606,0.051182065
89539,0.022696197
119579,0.014995424
119709,0.008876258
11411,0.012513229
36275,0.08559874
19140,0.0059636147
35243,0.037327565
51077,0.012320638
71725,0.006098585
83232,0.012481286
41586,0.12457998
138935,0.054762583
40556,0.03275892
31689,0.015237133
90157,0.011851177
49199,0.083639264
35199,0.0105649745
136843,0.087875634
67464,0.008842247
64042,0.008003279
10178,0.10965597
25438,0.011225639
119511,0.009867032
21657,0.07430721
123257,0.006086028
105797,0.031091094
32257,0.015664803
42931,0.3704972
115420,0.0063446253
137416,0.101124935
34305,0.14378843
48666,0.01657414
35161,0.0129687935
22090,0.010759588
47817,0.0062329513
141818,0.0778785
33765,0.014105859
86950,0.021860749
129199,0.0059777
17610,0.021705497
64224,0.03479711
97262,0.013125675
4199,0.014881639
70619,0.020073144
134185,0.060752865
75009,0.090757795
141800,0.03781603
146157,0.09323594
101884,0.0066126576
96209,0.0075748065
120503,0.008008417
36815,0.008578033
54806,0.010973298
73615,0.011775672
132744,0.017572092
2313,0.03149551
127100,0.11714806
54877,0.034930456
77097,0.28277743
13509,0.0071517727
89299,0.014788957
66595,0.0085086515
115546,0.007553405
111004,0.02795916
27379,0.1269141
49171,0.39652294
90766,0.01620811
148251,0.0093809115
3033,0.014048726
78440,0.06733579
82397,0.082939476
36054,0.08453597
8105,0.043190952
76825,0.014755522
115665,0.007633933
48160,0.033018157
2405,0.1203185
4712,0.18095143
2850,0.008430897
111797,0.04559967
109452,0.009761994
124393,0.015802136
72693,0.10150844
31121,0.06723653
32172,0.020908093
71378,0.033661548
11519,0.0073794806
126585,0.44982064
122409,0.5810919
55337,0.0452429
27549,0.012642442
79571,0.037216082
136757,0.010727777
99689,0.009827419
17708,0.033905707
50541,0.055064213
74829,0.05919967
50115,0.46009678
25628,0.014798542
126161,0.18112835
148283,0.011899465
61898,0.27944124
145001,0.041228887
38241,0.012928746
50217,0.04577243
20236,0.019279461
104706,0.013693934
54590,0.5580951
123841,0.11183267
49263,0.028647542
78563,0.07144745
45171,0.09365032
37981,0.020160496
143407,0.013764901
12664,0.011466467
59695,0.017155921
27460,0.013524315
26846,0.00755229
64303,0.0073043476
140088,0.43620566
116121,0.054646797
130940,0.011779963
54495,0.019501735
122107,0.101335734
110829,0.013130079
11655,0.011597679
52791,0.4704892
133466,0.08213287
95987,0.013341929
86104,0.01130961
45673,0.027242307
95868,0.081458926
72703,0.008769123
62561,0.2031053
32102,0.054041557
6359,0.0080806175
25768,0.015928628
31893,0.46348134
111697,0.055104416
99497,0.008164987
36689,0.0156604
107727,0.016750976
78629,0.044154786
71259,0.13663684
101479,0.13987419
146704,0.009070226
146780,0.023097973
142694,0.010634886
15903,0.010086615
123974,0.007916622
27621,0.026645988
135723,0.01600036
87655,0.011113017
38945,0.020243755
93770,0.01092561
53497,0.012439562
82430,0.036169894
25833,0.013448365
26779,0.07537531
6996,0.27302432
32932,0.07225024
99221,0.019580865
108654,0.01286525
47664,0.022397652
29632,0.018615447
84049,0.0071569923
80366,0.052526448
79092,0.007971902
46373,0.013709572
1212,0.010122482
2359,0.006752821
82639,0.0062490953
46040,0.030565895
71802,0.08322257
109924,0.012968647
31684,0.022235911
107922,0.06383588
50159,0.24714397
92161,0.019471437
30446,0.07324795
149644,0.10002016
60877,0.050383218
3546,0.011825841
85645,0.32535613
80272,0.009558524
88814,0.5735832
132109,0.05587636
58899,0.010147856
117974,0.4207714
29287,0.2909793
47954,0.009909281
147953,0.011635791
76252,0.29907772
3687,0.013929945
90310,0.009719572
5807,0.0068853484
31108,0.020758733
32387,0.05849677
148225,0.010874642
105878,0.021742
61175,0.29364944
117044,0.08469899
19916,0.05866449
32273,0.0625678
133113,0.0115462905
52533,0.008737224
10205,0.0780591
83723,0.03736419
141896,0.30751908
87216,0.21395934
118417,0.009991873
74117,0.013163015
54063,0.010149029
99653,0.11170251
77589,0.03544905
93842,0.015737856
10181,0.020870507
132369,0.009882561
2903,0.011403089
137787,0.05170451
14954,0.009036517
134509,0.028198842
111135,0.11916618
56076,0.029463649
97627,0.04528479
9273,0.011444539
17604,0.2332697
66892,0.013849665
132123,0.009464916
119874,0.025141254
48703,0.016719561
42993,0.012158041
55118,0.012754906
9444,0.088953234
67763,0.014484977
73599,0.009626699
89739,0.012522406
39781,0.008743628
12957,0.009255718
141619,0.059711847
59880,0.34165475
62937,0.08568767
22927,0.027288448
89922,0.009306847
62828,0.02842516
86341,0.010755823
107426,0.05890377
102999,0.019157581
4082,0.7713
72891,0.014631171
57564,0.6089402
79044,0.013958413
111070,0.027965682
44566,0.0068275686
117482,0.007955482
54900,0.031912375
66551,0.009780491
149895,0.03709259
57117,0.077230036
75117,0.038904812
44578,0.008893944
36472,0.04233612
106708,0.015887802
111670,0.013862904
84771,0.059576828
94519,0.0104643
126046,0.04507037
5708,0.009755243
54979,0.018763103
57767,0.3782584
118842,0.009535464
128248,0.020804126
145871,0.012328631
97004,0.29726076
125515,0.13569602
31756,0.032380946
81702,0.050173786
78393,0.049138073
78301,0.011607829
104501,0.11607677
64298,0.4608808
111448,0.024794146
112556,0.0072085555
24510,0.010779944
85363,0.0065598884
46535,0.009583737
64541,0.073684216
102628,0.19299218
44167,0.014409486
36722,0.009352775
124890,0.051390853
99340,0.008807408
89987,0.03155399
57046,0.009906933
31393,0.027879126
50688,0.010000999
88389,0.008495921
124132,0.03269759
138346,0.011385064
33795,0.016279263
125508,0.0848096
146405,0.072983466
90637,0.012316595
96455,0.02283913
142567,0.225479
738,0.013205779
27146,0.008186779
49834,0.029854696
144396,0.035575714
76356,0.01038704
3559,0.023453252
106066,0.014475057
117258,0.018570235
70878,0.21242304
83301,0.090750314
62614,0.01223471
14131,0.021011518
63132,0.04822309
23758,0.012742891
54713,0.025922038
22963,0.006284885
107062,0.023152089
142665,0.12208415
44123,0.013028257
125471,0.021939822
129008,0.015464584
142042,0.035828844
116124,0.007195375
31399,0.01781439
32936,0.04599316
53908,0.039857995
99403,0.0064272075
123519,0.0071301465
6834,0.0061246096
104383,0.008487257
115014,0.10677855
20674,0.006273882
100906,0.052227046
26487,0.5955612
127084,0.026359824
48856,0.053601604
33891,0.18911938
147280,0.006186543
61479,0.03894498
128796,0.075319245
124904,0.010796004
37871,0.30249676
38150,0.013450193
35801,0.012924383
65591,0.03686276
69336,0.23880622
30204,0.007854506
21897,0.05636969
102009,0.11488144
94843,0.009849577
3061,0.022010176
90522,0.0074522444
38440,0.0107289655
101203,0.33728036
90568,0.564234
91288,0.011595667
28900,0.033620432
21208,0.012678671
7517,0.09438685
612,0.19997826
111961,0.018539025
10334,0.096131235
131712,0.010962471
79671,0.017550949
58663,0.020219803
22510,0.39671633
136766,0.014101961
59681,0.026687946
433,0.020124264
92839,0.12439397
51159,0.013446555
19403,0.019204194
120372,0.012380542
31410,0.014917977
79768,0.058980044
116542,0.012284356
46138,0.012869175
12853,0.00797798
37366,0.014390916
47952,0.067962795
32272,0.070223495
26163,0.04150852
117218,0.010825492
80914,0.0956242
50162,0.0066165305
79877,0.022034576
43945,0.0775791
93308,0.016038302
106821,0.07089373
63809,0.0059572607
94425,0.049182408
107029,0.009470622
33041,0.014146874
60553,0.068322465
11363,0.45375782
67680,0.0061556348
8701,0.014812514
137553,0.0065619736
28141,0.111862816
19886,0.014366845
110980,0.032665856
24187,0.008856697
42938,0.051871248
48552,0.013731506
106571,0.08673241
17141,0.008270007
138562,0.07240181
72499,0.009686661
59006,0.0575724
141788,0.030130109
10340,0.012451993
98820,0.009170164
101945,0.010410205
137633,0.49108523
33471,0.06847391
50489,0.009178283
139142,0.009067103
80807,0.30760226
145062,0.025890632
124038,0.01454209
58926,0.01202712
12414,0.06161027
19254,0.015829405
126384,0.10996907
15836,0.011689368
60343,0.006572928
9419,0.0084011275
69741,0.03379255
86982,0.0063101025
3620,0.010588912
142038,0.011367924
56427,0.072016545
59584,0.009167106
104297,0.10638073
42918,0.07901797
9116,0.01676695
101313,0.05724883
72043,0.0064320997
143495,0.2002177
49520,0.011162183
119064,0.039797183
58702,0.008256532
83842,0.02329304
141289,0.016851248
75351,0.025856819
148991,0.023625305
98513,0.043638453
1904,0.010497444
123626,0.0075156265
135617,0.007322373
131998,0.7246046
149325,0.010285539
42887,0.012431897
136848,0.093812644
54618,0.009503189
84883,0.0077749426
93150,0.0067469897
102723,0.027620472
12597,0.024096254
90482,0.01836861
88752,0.4697309
39776,0.007733921
97086,0.2350151
90988,0.0063897376
121028,0.32222745
77087,0.014760561
4683,0.014244558
40923,0.0638459
32990,0.006997129
22706,0.20818447
81642,0.0065949243
131954,0.09543266
14222,0.009914044
127332,0.0105479555
134070,0.012514408
20368,0.011045709
75071,0.011672116
85536,0.5974112
75087,0.009006455
25139,0.6197986
81121,0.016108813
5498,0.27085403
68914,0.009637689
18371,0.013168591
117348,0.011401342
19627,0.017593903
36920,0.021750435
142509,0.015433875
15442,0.015179102
21043,0.11644122
7088,0.013015883
137934,0.12155644
11956,0.006737378
67652,0.09084084
125768,0.45251173
40491,0.0064562
102209,0.012225366
114159,0.09634862
11125,0.009252728
91230,0.019618502
85869,0.06944705
118366,0.010967058
62851,0.124108605
33093,0.22592646
111037,0.013564121
9039,0.0109343985
44976,0.012166416
66567,0.010445052
113325,0.011176318
73120,0.03024299
75387,0.17295027
34663,0.053186335
144578,0.0066995523
81452,0.008414593
54199,0.016412567
35140,0.19455162
33065,0.017093038
83543,0.009667591
124061,0.0074255606
88047,0.009550767
91527,0.02295349
73414,0.034491625
46366,0.010133596
59225,0.023189692
19424,0.09461057
117362,0.109355755
128962,0.012625496
51484,0.07807233
36575,0.3778074
68761,0.01779372
119736,0.010906483
82611,0.024728756
83868,0.019161751
66455,0.051823106
17726,0.34252253
94138,0.01333485
85334,0.013707091
67999,0.015832242
121750,0.04279617
43222,0.010144245
101190,0.0107489815
79268,0.5984119
25280,0.26635486
2696,0.13436112
75305,0.06733277
133008,0.011753752
88858,0.008250124
76441,0.3617051
16900,0.110297926
42493,0.14862211
56597,0.027159743
82477,0.20984022
91420,0.0153738065
60905,0.0390171
131323,0.017240604
71845,0.041029364
64866,0.009927097
137729,0.029097723
53108,0.1023141
134378,0.0108481515
19013,0.046691954
15085,0.10195853
23540,0.012978942
77993,0.044847924
19002,0.020237472
75152,0.05230608
67910,0.012270744
104037,0.011396769
79635,0.022409773
16400,0.020239811
145483,0.01940617
32251,0.30176717
89880,0.011896656
96037,0.010866582
121960,0.025360383
39418,0.021336006
114652,0.02764957
92721,0.096067406
1302,0.015231726
147819,0.0632614
96244,0.19057095
81395,0.04714985
147458,0.011043715
89039,0.14239019
34612,0.0124128265
9239,0.00856635
84872,0.18729247
148520,0.12870376
127337,0.011647982
75963,0.02741971
35127,0.010575806
12818,0.07141189
97902,0.10728807
25700,0.031529166
10167,0.006927092
126939,0.09558619
36485,0.50717145
144355,0.1340677
28378,0.072280176
15633,0.022679143
103900,0.37605885
32036,0.020163678
25352,0.05165225
31272,0.00700625
103023,0.009650117
52410,0.02859923
12500,0.03899205
147604,0.013977091
146632,0.083003804
141706,0.010852276
13698,0.01313587
89590,0.011813304
52932,0.007466009
128539,0.019824598
83737,0.018149232
40283,0.0669708
48265,0.018080143
139253,0.01176417
9454,0.023630029
94823,0.014057869
137101,0.043887615
127888,0.00970728
55733,0.012085586
41071,0.036632393
140667,0.014962946
116139,0.009448617
132538,0.047993932
60199,0.06938302
14265,0.028138446
108436,0.024870299
118333,0.12843765
20018,0.0102105765
62513,0.04703818
148816,0.07042125
51871,0.24062629
50929,0.300491
86310,0.011238672
19235,0.12367783
114920,0.027945954
59140,0.016557556
141304,0.01066791
46780,0.010132807
54052,0.007637214
68529,0.07965568
15987,0.031094424
16583,0.031124458
7071,0.04307223
34943,0.020593056
78262,0.0108088795
61402,0.013452231
65193,0.043641996
60644,0.039398074
116356,0.012420626
103308,0.045610152
9833,0.015905026
116650,0.028062828
83189,0.0110257985
63883,0.0978058
21804,0.262065
121132,0.009166192
34675,0.016939178
131402,0.029274551
95961,0.014727279
8415,0.0151744485
88893,0.010486681
6122,0.27304244
43072,0.077215135
129520,0.27146474
6230,0.016364425
149945,0.04478297
60603,0.021997573
54705,0.010036547
78277,0.089367114
58464,0.01473755
147624,0.011736059
22443,0.0095664
54180,0.025251718
122579,0.010900502
55488,0.018520432
118304,0.014843734
143765,0.019143699
104089,0.0136961555
119017,0.013376729
60559,0.07803933
133978,0.0074293646
71507,0.029942563
62921,0.236826
49843,0.033945914
21880,0.83421695
30028,0.0068405536
97121,0.044004023
90291,0.011716253
121407,0.011773681
75771,0.04031297
39274,0.077261776
42701,0.19193658
15411,0.09478576
77935,0.010944897
134203,0.014850074
142029,0.08374478
141344,0.018486563
24420,0.0071589546
41403,0.013204369
67972,0.045184735
18548,0.0064451527
23291,0.22524755
105424,0.016492583
149864,0.01730595
35445,0.009307287
75752,0.01061967
40410,0.14451191
124764,0.041851204
143069,0.013951315
2867,0.0715911
133436,0.02575034
76546,0.014915048
115208,0.024939002
15906,0.45549968
8133,0.018812941
33451,0.007135083
111005,0.024199653
50285,0.0063219
86282,0.18407443
70622,0.01813326
54750,0.008866946
120312,0.009121456
27580,0.023912497
106237,0.02592344
61170,0.010840673
38930,0.107310876
39048,0.016877623
100833,0.10807176
55963,0.5979939
28158,0.0077656633
11079,0.0078049107
35882,0.016121145
141278,0.06595289
64949,0.06641726
61455,0.016360313
94861,0.0226563
143809,0.018804811
126523,0.0101355435
100537,0.02168477
129153,0.019211065
62430,0.013879948
19575,0.007523591
4804,0.012931721
53307,0.0328359
111077,0.0076652616
121528,0.008440178
113085,0.0065031513
75035,0.014514605
110914,0.024091339
139158,0.101927474
115079,0.014072966
24379,0.049986877
45690,0.07913972
49165,0.0068980637
41968,0.01223524
29189,0.06230998
105882,0.43001804
118714,0.015325692
1835,0.006250994
22478,0.009096338
79438,0.0844927
32119,0.10758648
82801,0.06289751
23069,0.009151186
96080,0.06264263
86419,0.018900057
21312,0.009421219
134959,0.035892386
46572,0.016186796
142499,0.010888252
76570,0.105768606
101990,0.08313135
137250,0.037572764
50041,0.007041706
6989,0.014504002
73840,0.008603809
49869,0.056375682
92067,0.015316814
77352,0.05324529
113595,0.03895702
17676,0.59852505
146412,0.006422763
65004,0.00813394
1476,0.010941889
146411,0.01315972
130664,0.05567749
59528,0.014768039
82759,0.01815813
83381,0.039243788
55244,0.008644685
144575,0.03717712
5254,0.019034559
137223,0.012428741
132948,0.07113992
107247,0.06646884
94290,0.008155828
69780,0.0070974194
141104,0.40857202
140135,0.03846947
77826,0.016622905
12983,0.037921295
2288,0.11465235
108891,0.31866518
16927,0.3774477
5788,0.18165435
55145,0.01005345
79911,0.06903755
76459,0.016138375
106967,0.082449436
136856,0.0064419927
123156,0.50448006
140866,0.013057296
136589,0.01442423
48218,0.037198197
26881,0.14629906
86301,0.014649255
79279,0.0143125905
61691,0.016323904
5509,0.04540256
38034,0.008326119
60531,0.011485389
34077,0.0101557
115497,0.010429514
142692,0.013503007
141519,0.01992761
100407,0.074369036
3649,0.009595707
60872,0.066154204
101118,0.012984496
50364,0.03819634
24083,0.011928193
148516,0.02155416
148719,0.012869573
85213,0.009719674
147582,0.0085444115
3980,0.03861824
104183,0.010232827
15256,0.2071982
27053,0.008952949
80937,0.105878994
124979,0.008692122
126207,0.029831547
144339,0.059103653
46090,0.026379345
102050,0.011717308
109885,0.5507022
74691,0.3661779
74500,0.022126023
128815,0.15529032
39929,0.015506123
99260,0.10505985
17442,0.011708835
2079,0.43515742
125055,0.030580437
46733,0.30495197
44430,0.11124425
116884,0.041340776
103634,0.012557367
50077,0.012836021
73683,0.009373191
127978,0.0136133805
148456,0.012039342
121891,0.3093135
90304,0.018153246
54774,0.030833209
83617,0.057690952
98038,0.015336367
69617,0.011773992
139696,0.011511051
5380,0.018764222
46384,0.011355932
68273,0.03136225
103587,0.014177404
128281,0.007319892
107289,0.008507272
103412,0.024998972
47382,0.019815588
18470,0.01634051
104495,0.10276195
52190,0.022366757
34619,0.056216758
50069,0.019136837
139079,0.086514175
73913,0.006020314
35785,0.029053042
70118,0.06511267
115164,0.012126241
14252,0.036429435
33409,0.016370483
662,0.009850177
88424,0.008944238
131901,0.0072950525
85741,0.04049273
55243,0.035149455
97898,0.37863356
47802,0.008628811
58596,0.024500398
5754,0.4038363
38593,0.012360333
80796,0.036150143
105355,0.025992487
145672,0.013542681
108222,0.016200507
27588,0.023677079
115918,0.032030333
120046,0.018518368
118163,0.02650519
89788,0.022239525
126696,0.15729465
12716,0.033540204
123232,0.008914577
91224,0.012847204
84844,0.020708254
22778,0.2599375
111158,0.012791338
27262,0.5848599
102466,0.006564094
138125,0.007266206
99353,0.0612239
110635,0.18336284
101654,0.006463156
145727,0.01601874
91290,0.012783844
33947,0.39921504
135912,0.035567943
13467,0.027362209
135608,0.05790703
80138,0.008860867
119196,0.010183395
5774,0.041942056
118317,0.03466664
12247,0.012558141
3586,0.021228267
27978,0.009948102
16768,0.01554899
62384,0.017564973
14541,0.015358951
67269,0.011463111
14281,0.005483137
16421,0.08657514
146468,0.011883637
140232,0.016984982
37647,0.012655497
72705,0.007100454
58239,0.04078708
114653,0.0100973
10450,0.0131824715
42379,0.170984
77426,0.012601664
46369,0.11490312
187,0.5436575
149151,0.086112574
138484,0.01211424
135692,0.056775596
115275,0.014733728
81665,0.011770891
22405,0.018862097
41137,0.32364342
124363,0.008043853
35646,0.017115558
126612,0.017806023
43582,0.012667556
53142,0.011267981
91622,0.4250019
143490,0.008523722
115082,0.038997527
96230,0.03840937
12455,0.0060056504
145911,0.04036489
22730,0.041416492
125566,0.37325883
115231,0.007873108
101676,0.049047284
131721,0.011151094
74349,0.017792637
29955,0.49770707
74132,0.012091765
147351,0.0063987235
46410,0.2952099
119387,0.025342021
74861,0.112869285
51531,0.11221827
46521,0.009758874
81619,0.13757107
138582,0.35383502
24811,0.018324872
41340,0.014091424
20644,0.01329881
121165,0.015129335
112211,0.08642645
63816,0.04480098
130189,0.036388952
65482,0.024081862
96405,0.26696587
136580,0.28898752
141252,0.032487903
132937,0.046228956
26308,0.0122637125
29604,0.044315785
50586,0.017190142
42108,0.007663343
53507,0.14348094
50513,0.057292286
86893,0.042079616
2271,0.10155816
122957,0.7468574
22882,0.028004743
135580,0.014762516
5007,0.01235836
40899,0.012748951
148745,0.011693466
53821,0.09694369
72193,0.010516078
20085,0.0058964384
130642,0.012338982
38909,0.009883919
142170,0.007200561
105939,0.010740568
149058,0.0069311084
124830,0.008778117
104447,0.01778024
10359,0.008433149
123482,0.1216511
48105,0.079943694
115589,0.013279129
101476,0.014941189
4730,0.015204699
137877,0.18809578
42570,0.011771778
88780,0.064086035
106558,0.09574912
1799,0.09716913
135721,0.17612642
24730,0.010248239
118890,0.0066033457
4148,0.009660764
83848,0.007666288
144584,0.010893235
138525,0.011327507
106768,0.17991707
34666,0.006725139
53542,0.007090568
65558,0.19211467
44537,0.012207552
26558,0.21195339
143515,0.05914065
148264,0.007976294
111200,0.0072555
82773,0.061268725
7168,0.07480333
74591,0.031320356
147039,0.024646822
72086,0.012004448
113040,0.022874642
6601,0.0110515505
12349,0.030190758
22323,0.0072715944
31917,0.6154742
44359,0.529208
82289,0.15020114
91077,0.028001992
139283,0.05099312
139190,0.01279647
142837,0.012885558
59074,0.0066231214
114273,0.01801063
49651,0.22504398
6269,0.019946683
96595,0.054752193
13338,0.0168171
149944,0.10778524
88305,0.19052185
62777,0.054890916
46830,0.014522942
137451,0.020637935
145269,0.0113924295
13538,0.005953676
85860,0.04233095
127091,0.10874657
128374,0.013174715
63924,0.010634214
15489,0.034194898
108195,0.06015181
25394,0.06215323
38484,0.017501356
80828,0.0107099125
49740,0.012601474
128166,0.071506195
15601,0.019877281
76944,0.006957289
19368,0.030936351
55133,0.017163021
134391,0.008167783
117870,0.058126256
99065,0.30617744
45680,0.01995444
1152,0.05834688
34359,0.013226948
45708,0.036938954
144970,0.011501186
98980,0.075953
143842,0.011855232
578,0.013134053
66918,0.08211114
146959,0.013621271
98335,0.20151319
135751,0.04701887
115529,0.042565692
148375,0.21432735
135651,0.016805405
21011,0.051792085
37272,0.047768906
88528,0.03376709
52227,0.018573895
27721,0.15930954
67542,0.0074559487
86196,0.02802811
94674,0.0064956755
81873,0.010979815
75554,0.017485326
5914,0.10092417
100038,0.023976296
115553,0.0790326
105730,0.03543478
33242,0.0070991935
69006,0.09803463
18814,0.020800274
52726,0.096964024
88879,0.13042678
135908,0.13750292
143010,0.023455879
88966,0.006209067
133445,0.017043408
67862,0.013728884
95755,0.012553991
39818,0.009001217
84060,0.006076422
84981,0.016167633
6536,0.00931637
17022,0.0062333676
78581,0.010689309
149308,0.042445477
142946,0.015261837
63462,0.008865814
58807,0.033141825
46951,0.036387708
96691,0.012875766
65243,0.11341592
139590,0.10282081
124060,0.041906904
56009,0.16543496
73107,0.11836835
44878,0.0061880825
85999,0.1736922
20393,0.011761005
102667,0.012381918
15069,0.0097624315
146756,0.017319513
52753,0.09197441
27795,0.008883455
13271,0.022087958
111385,0.042328186
67144,0.013478765
32951,0.31705567
145802,0.08042302
101667,0.43612048
61543,0.021012006
87785,0.19937296
39389,0.10093452
15287,0.009733604
131592,0.008239623
80353,0.016695645
37698,0.019846467
78921,0.01369463
48811,0.039642625
30957,0.091397405
123586,0.096432015
31622,0.03116583
121964,0.01032902
137158,0.072711855
28203,0.018084846
133325,0.24325351
87225,0.22141157
89392,0.0441445
21653,0.04251033
51393,0.08453059
81002,0.058637798
103379,0.013193252
75687,0.08257972
13389,0.016612656
21721,0.008610906
55016,0.029062856
28294,0.35106605
129380,0.04897682
103551,0.590581
132759,0.24207836
66788,0.007466232
16490,0.009103136
32917,0.010616324
104625,0.008437133
74131,0.014417208
147638,0.007872646
30387,0.01831265
80776,0.012928003
91284,0.021356896
55268,0.1592576
28883,0.010652294
64868,0.010283991
148814,0.015287033
118483,0.0069952775
122027,0.037438747
85201,0.0103359055
21387,0.01093594
55398,0.062442176
108813,0.013476108
52586,0.011250478
128856,0.0064013004
146356,0.011374185
124165,0.032619473
76719,0.011174085
142342,0.020140495
71531,0.010093183
134992,0.017360017
94084,0.009942153
58344,0.032136217
104670,0.0060513183
27753,0.34531552
80805,0.030613655
140437,0.0057960544
147629,0.0148765715
112110,0.08860046
44130,0.03195695
127966,0.013415885
148482,0.06296026
112224,0.024180593
111285,0.037443493
73925,0.017059384
1321,0.0097607495
77951,0.009592685
14730,0.0071626157
53623,0.006963116
39566,0.021740012
119103,0.016001187
96905,0.011383599
39466,0.018368507
94426,0.012571931
62874,0.0199628
104854,0.027064443
11098,0.03313676
114613,0.025918745
37783,0.07415555
59029,0.011217561
26837,0.015521424
305,0.11546718
4040,0.07863936
131659,0.009253773
29017,0.016172709
57473,0.008726452
13863,0.012113463
115941,0.010295796
105899,0.012828833
52449,0.033228867
9175,0.012400136
97394,0.07046959
88202,0.03809809
241,0.23337613
120428,0.0168152
82049,0.0059510944
133680,0.007400215
89961,0.010183024
119192,0.0740064
141455,0.017306201
145207,0.021181218
118891,0.11206655
74155,0.010753687
47295,0.03898149
36165,0.1578528
39680,0.031991325
111541,0.015075418
5506,0.064745635
47349,0.12883508
66999,0.0295318
99414,0.08660124
97053,0.03153482
123816,0.17371719
85863,0.054713164
19048,0.01480859
15830,0.021191105
16356,0.015590979
63844,0.020950988
136729,0.11095492
99079,0.025354262
27779,0.0869905
135699,0.0053659296
143014,0.01638441
42468,0.03706568
19267,0.008551484
26184,0.38309485
85774,0.0112086935
141985,0.013191426
113106,0.04363151
76111,0.030616831
34135,0.115092576
86656,0.020251157
115755,0.006180363
116568,0.034235433
16818,0.013731125
85744,0.023514478
89316,0.07848584
23090,0.05211078
76732,0.20267375
135785,0.27537593
40464,0.013354274
14970,0.50487506
30718,0.027726702
4576,0.036262408
75564,0.009057143
29817,0.079233974
13294,0.011614335
115585,0.15736975
49572,0.15484184
136534,0.062985815
109176,0.07069998
100591,0.06660905
119321,0.014784393
50171,0.21489474
37079,0.008264767
3361,0.009831875
49279,0.012857549
66998,0.012111826
109184,0.071494564
10296,0.022432039
23639,0.31272888
52117,0.015064538
131378,0.012226368
129375,0.032732308
54556,0.46243665
59077,0.0111331
131400,0.031940177
21192,0.013405658
21428,0.09186519
138590,0.51729274
86822,0.08544176
119473,0.05477835
8467,0.07798002
553,0.09163405
134703,0.020215586
74165,0.042377844
110510,0.0068760165
86026,0.010400105
57504,0.010406669
67811,0.23646785
63624,0.03666267
34056,0.016667923
126448,0.20933318
50584,0.3735184
107540,0.006371028
40604,0.020215897
72567,0.04247701
114545,0.012813401
71779,0.013611204
40095,0.0064340685
106831,0.016762761
92581,0.06422999
52313,0.6350025
11435,0.01923699
146592,0.028087372
143861,0.013630987
8818,0.0253168
122884,0.071915306
83890,0.07936331
81570,0.011528932
120557,0.0445158
141102,0.029277993
146761,0.02223981
25655,0.013869197
39184,0.030251663
62033,0.027412012
48976,0.099438615
113344,0.082394965
10739,0.019563366
7558,0.012725193
123889,0.04911117
34435,0.011189965
53245,0.026635813
32005,0.012822783
58353,0.059598282
146623,0.010215002
30112,0.0063328906
18220,0.10628595
2342,0.00814056
127575,0.12318901
134699,0.45872837
116459,0.054043252
35533,0.01234622
102865,0.13493666
60532,0.69479
110307,0.009637698
42850,0.011262504
27841,0.0732591
125276,0.011081166
145231,0.02690992
60083,0.051060654
117536,0.024161259
125534,0.011076134
3291,0.0143768545
62138,0.0092010675
123507,0.07483363
139100,0.012785668
84730,0.07599637
93373,0.2886713
67105,0.019448953
127099,0.052900787
48796,0.007951858
1943,0.0559005
135370,0.010859297
37465,0.0057862946
575,0.006556812
39742,0.035136722
83367,0.009511932
57089,0.07864447
40631,0.24379833
77924,0.10899774
12018,0.016115995
1032,0.044446982
7934,0.0115056
50062,0.010739382
22829,0.009290335
65144,0.6569237
131244,0.08034674
71018,0.029501947
133596,0.015334596
71625,0.01749629
64992,0.019396013
19855,0.22924449
141796,0.04757683
78678,0.121597245
110660,0.044994485
86489,0.012642508
111295,0.012084607
114193,0.04507671
120045,0.01363375
55301,0.013357523
13846,0.047814053
65565,0.013455154
115214,0.00880613
113180,0.051031932
29535,0.007600742
143855,0.012858051
33179,0.3573124
1452,0.036796622
101883,0.14367554
122694,0.00791742
144650,0.039561313
62637,0.014070763
134873,0.045125585
12271,0.36920172
78876,0.48711684
67761,0.37657976
104903,0.1470695
83679,0.027694771
93342,0.017708126
133609,0.05981568
71497,0.055302132
136438,0.10101192
113328,0.4689453
83332,0.032992836
36199,0.010926393
114059,0.011283296
136928,0.095660746
21450,0.08078347
141762,0.09872479
12284,0.011373841
52758,0.29789418
79585,0.019707937
108304,0.037337895
133961,0.008708313
114607,0.008495824
62349,0.006711994
83972,0.047634523
118813,0.19055608
76872,0.0686693
81071,0.023651432
25094,0.024267893
18978,0.020511592
9155,0.0060054655
25351,0.052416835
60950,0.13339116
134785,0.008158332
47191,0.13905245
137792,0.041307483
16994,0.064956635
33896,0.02452817
2581,0.007412421
112841,0.056124847
145288,0.043487858
56556,0.031119876
67591,0.006920115
120074,0.011142469
52340,0.02510799
97340,0.010720245
11228,0.0078458125
93053,0.025171068
13885,0.01129608
95374,0.013809871
80155,0.10829873
60252,0.14978875
129358,0.52798253
129208,0.04682032
72651,0.05614349
30923,0.06955356
96360,0.010354163
133174,0.04431827
12939,0.017283436
137853,0.0969076
80664,0.021442829
5970,0.07041487
8947,0.0116497055
16851,0.019133646
122749,0.013589281
94538,0.06942242
1442,0.04233444
54254,0.020033596
128751,0.16588014
96385,0.036257003
122941,0.11246999
146370,0.031294927
106122,0.007285994
60711,0.22368863
25109,0.19834612
4520,0.14951366
68789,0.013007952
51356,0.043613683
57522,0.09371599
131917,0.10817915
137638,0.007849922
78194,0.56423193
51026,0.01347583
38414,0.006813163
128536,0.06258763
59661,0.2916262
107900,0.012654568
125760,0.019377606
88640,0.06691904
52963,0.096427865
98549,0.00985851
15106,0.01622181
141388,0.063568644
107653,0.064677134
62495,0.006899756
30566,0.010611887
10352,0.28149486
83133,0.019231394
76047,0.015927745
23971,0.016064465
120678,0.050965294
49645,0.008265217
10809,0.12023688
109034,0.02324183
81222,0.030190758
56983,0.0077028535
59049,0.008057993
127733,0.0128252525
45648,0.015710808
11331,0.012402916
28963,0.03478392
122696,0.011366278
115403,0.008538923
67509,0.062900715
24687,0.020685367
60587,0.011219566
83169,0.0102490075
73961,0.0077877
47908,0.05860476
132846,0.061901316
46866,0.019149417
114807,0.010327865
125699,0.022084625
69654,0.22547568
5865,0.009288351
17220,0.11209917
126507,0.024233006
50938,0.010481596
112654,0.07537654
119765,0.025639096
88600,0.011837382
148628,0.036698602
138028,0.008593099
110182,0.01811714
142950,0.012819785
118472,0.08345691
39764,0.018950505
33943,0.011557627
73340,0.007759376
49915,0.012394957
29715,0.036560867
45347,0.035859372
101860,0.008827469
142788,0.012046672
104849,0.07947584
120221,0.029027032
71282,0.078772545
125924,0.120314635
10277,0.1263429
100657,0.18339145
55615,0.3319072
71892,0.0060035274
47496,0.04408309
122472,0.059963446
135180,0.107685246
141408,0.0129592195
63030,0.067327835
36444,0.01279403
34437,0.11352174
81972,0.028890017
37517,0.013689897
140204,0.07552772
26252,0.011274006
386,0.009605441
88582,0.0119762095
64284,0.008380374
80445,0.06812222
10749,0.49785146
70347,0.06969075
107412,0.054583363
32375,0.0990407
66170,0.017050551
96178,0.09488343
135214,0.096210524
64200,0.028238881
3798,0.018971326
29051,0.010301856
23824,0.03591436
11887,0.03889002
142481,0.013270759
21414,0.015342828
95239,0.08968982
60760,0.010030769
74231,0.018996017
84360,0.010922889
70936,0.01009324
49277,0.4357035
66785,0.010334354
57883,0.042165425
97555,0.09696245
122663,0.023346817
148148,0.0078033633
92101,0.2754235
62701,0.0069829472
101092,0.08102184
139133,0.031476855
49334,0.014655136
53069,0.073964074
135073,0.037726216
149351,0.58282804
137070,0.009471364
119698,0.029758042
61982,0.007260774
107171,0.013186609
94964,0.013545255
40350,0.42403585
108470,0.012899036
131349,0.0648852
47206,0.14742576
136972,0.035230085
104553,0.006218118
29149,0.016748127
42842,0.15873869
96821,0.025879528
146539,0.056836303
149447,0.05275181
33705,0.009966636
134640,0.10861304
139942,0.09349608
21006,0.072289824
135761,0.03426229
44529,0.04723779
107831,0.011523043
85299,0.035195418
23545,0.34053692
91759,0.0074672806
44571,0.012292082
48517,0.077104755
137746,0.012877166
72853,0.013988262
37603,0.010672203
28168,0.009739139
57147,0.017672645
105600,0.034038246
13515,0.011939636
97562,0.013807826
4034,0.041686587
126907,0.053837594
39765,0.015090144
16280,0.5591522
106930,0.007883059
12928,0.009972148
58457,0.011978005
59000,0.042735938
113937,0.14194183
29434,0.07960393
31298,0.08221855
31102,0.0076958947
87458,0.075628765
96097,0.07663177
105712,0.00894073
52299,0.014588151
17921,0.009590184
122149,0.006723451
28781,0.06285891
15213,0.026888955
52584,0.01185854
97883,0.019399364
149231,0.009115136
54947,0.069695495
136442,0.024031019
25992,0.3225484
107823,0.13086389
130933,0.19329046
58543,0.009053531
103290,0.024480395
2475,0.0064716893
32996,0.015531065
121613,0.019207088
120723,0.02231793
117768,0.013125434
89998,0.10077885
106842,0.017470397
105506,0.091221035
79966,0.012700482
114511,0.016153706
84992,0.01279052
146441,0.01387972
116788,0.013342958
101192,0.0101623405
123528,0.014084793
37785,0.009354224
116616,0.0068741255
110347,0.033093568
41628,0.014665108
127178,0.0116987685
127580,0.01181036
82314,0.038768373
55557,0.030095432
136,0.011288287
106614,0.04009168
119194,0.01222056
29008,0.24790484
120360,0.012434186
7590,0.816009
64454,0.016433595
4457,0.63894594
44251,0.037319966
143162,0.0066536004
31146,0.11080971
139699,0.050838593
91437,0.015835883
80963,0.007833306
4596,0.012817569
8651,0.05836499
3245,0.04879539
74071,0.07579002
116505,0.009224646
34604,0.010895033
74718,0.32415742
140639,0.010983332
85623,0.01218031
137227,0.012173381
123238,0.015427268
92785,0.016222144
106992,0.013894993
147282,0.048201166
78110,0.57294035
52686,0.069086015
122922,0.009023068
81526,0.009309485
149781,0.009031897
4931,0.10107732
59804,0.0059954347
108260,0.36313793
21004,0.1417757
91731,0.037567873
138977,0.012494099
124787,0.010895444
141912,0.5180967
139386,0.0152230095
29802,0.06483613
29159,0.061559256
20252,0.041006498
59938,0.07757774
42097,0.09615349
76322,0.015863098
145629,0.013048383
87715,0.018324444
93998,0.007594045
112760,0.012081801
54077,0.08037753
58727,0.013253543
60051,0.08081419
55105,0.047749043
58245,0.011724163
61128,0.022150606
148981,0.017896548
53193,0.008341902
4002,0.07603261
135626,0.012244308
8903,0.011408095
45531,0.042211283
25754,0.02289831
97560,0.0155145675
52850,0.0074786413
82235,0.021345329
17116,0.32380888
124924,0.100960456
138603,0.041723233
130482,0.090147264
39137,0.0074442
143944,0.47949928
49896,0.17782582
117346,0.16265948
46086,0.010499564
46831,0.063660085
113128,0.010119821
93923,0.03848759
146074,0.072042935
74087,0.104260966
23375,0.09762793
127612,0.07904209
112194,0.019317059
27324,0.010436273
101620,0.01749856
31956,0.103536166
68385,0.03911756
50169,0.019918742
71693,0.02616618
149998,0.015205484
128183,0.09738944
59642,0.20065245
101930,0.028327176
42176,0.2889448
10802,0.083320454
42095,0.13732119
22798,0.071728714
98156,0.066727184
46606,0.008406297
50571,0.02023887
50973,0.014196022
70066,0.010837857
70921,0.012152183
33966,0.00966702
122306,0.013420834
44700,0.010892962
34543,0.046557974
85594,0.012704926
60010,0.014144472
87550,0.10634565
145116,0.00935459
45442,0.013279897
99826,0.015614693
119783,0.006599518
142777,0.0129163265
1342,0.008409573
58094,0.02159043
27555,0.09379474
142461,0.00818441
102497,0.43967548
5317,0.03238418
98717,0.10225941
79640,0.06411062
4503,0.013724365
136105,0.042403623
61660,0.028062606
133832,0.11125069
148965,0.29402614
18805,0.035837278
90216,0.013073405
7686,0.011199714
58784,0.086068474
43820,0.010981753
136239,0.013443924
117340,0.007664892
94736,0.0658874
51611,0.031636674
126674,0.051704865
148079,0.011217549
98122,0.0501067
24756,0.012769907
18738,0.014599828
112359,0.024111858
16664,0.5463989
137179,0.029154643
79354,0.0640806
7953,0.008741049
40144,0.014554601
39944,0.50067204
24682,0.12087309
53363,0.008470449
24177,0.010552744
12132,0.6018038
25198,0.01248452
119457,0.020682938
85346,0.042143766
77331,0.009142374
90352,0.023571368
71079,0.02228564
58143,0.29592255
33311,0.03564733
85184,0.23497438
13890,0.013731796
62104,0.016275354
133176,0.0076797763
122284,0.012360561
37574,0.037023954
138015,0.012910272
58421,0.023548432
146106,0.0530744
53619,0.011888475
136461,0.0065589
22657,0.06421666
6568,0.031484038
28319,0.02056994
138008,0.012377179
13218,0.009797342
70458,0.010958429
72203,0.10583766
89041,0.024346955
91185,0.109572165
70481,0.0136930775
132867,0.008414307
15332,0.112951756
105104,0.034066103
20450,0.08944262
38869,0.1005011
24344,0.011164446
113210,0.010903161
98498,0.016617753
107194,0.03506956
1651,0.071247615
26035,0.045154955
63303,0.010597943
119415,0.4424234
117789,0.5523318
77181,0.011920193
127353,0.046079732
100645,0.18737477
80054,0.38041884
19865,0.06157004
70931,0.065115474
118194,0.017778441
132125,0.23135902
24965,0.06821385
111234,0.35062382
89523,0.015717512
39841,0.012413633
89548,0.013090822
41624,0.087247156
144759,0.08392599
54884,0.022676734
75173,0.02978389
12438,0.008735882
108254,0.062113397
148833,0.012344237
104592,0.03645312
130908,0.050699767
119252,0.03443512
123721,0.011765234
62574,0.081493855
34229,0.0063097887
131171,0.06051737
118724,0.45294014
77440,0.039242048
137283,0.0089837685
37700,0.014457701
8505,0.007794069
106621,0.012216031
88846,0.019280305
81057,0.047416877
6666,0.008187778
77601,0.014056482
39616,0.037168153
94766,0.026037408
94842,0.010255332
32482,0.18911453
18380,0.0241868
62872,0.021940757
32353,0.010540801
113702,0.011174837
1655,0.014092524
606,0.027131025
61791,0.12806195
136524,0.011977078
148463,0.008918319
83810,0.021413492
67305,0.062235482
82976,0.04203212
4401,0.22965595
4236,0.06140366
4923,0.18212931
15138,0.012135143
146040,0.13891666
110078,0.012870022
7193,0.0137050925
119164,0.5295699
5683,0.010641445
132087,0.01179546
71517,0.2692752
82936,0.014542896
2222,0.017728766
128022,0.008177186
140938,0.0920376
67871,0.005333227
131888,0.0456102
28276,0.06843426
51780,0.013211415
37558,0.06488343
128943,0.059040684
55510,0.0071461955
41193,0.016155798
113382,0.022146728
146671,0.039145343
24128,0.011397941
53557,0.027234226
26470,0.0059501696
125311,0.028644064
101685,0.08216713
121942,0.04017172
34536,0.008683128
132741,0.07878568
114589,0.06873751
48573,0.085965045
21155,0.008387894
87574,0.01160814
140374,0.04743906
40624,0.03496885
63852,0.008616538
134752,0.15913878
141017,0.01787698
20792,0.012155424
124063,0.024194283
3802,0.09778586
98169,0.08798097
132274,0.37265193
47111,0.01374212
51683,0.062191423
91383,0.044927992
114017,0.036414236
84818,0.39923674
65903,0.018352523
97528,0.012781484
102633,0.027826032
24910,0.009427629
41106,0.007533884
27211,0.02176558
140915,0.05329353
4285,0.012864226
106559,0.036490865
121170,0.15062444
27940,0.02184362
89427,0.008525463
6809,0.009541723
60516,0.011290043
137424,0.50480646
108251,0.010661737
30032,0.011333624
113772,0.018340614
55330,0.013040911
143313,0.009065253
144091,0.009969206
38456,0.051718507
31564,0.027545698
12390,0.03370078
148254,0.031924486
62399,0.0134524135
133983,0.018627219
91312,0.0076945946
94895,0.014744497
69269,0.007016166
13407,0.080323026
114802,0.010755336
50308,0.052910343
25437,0.0077425214
121834,0.04263655
14777,0.038386606
816,0.018631699
33009,0.07641345
90984,0.10524883
98194,0.40646404
100940,0.11315513
116419,0.059402917
116883,0.11400243
38684,0.0069751614
63590,0.3418095
101875,0.08828929
141423,0.080208994
90416,0.010517363
96311,0.006701914
30422,0.027729196
76516,0.089898065
107998,0.047171533
44415,0.011304685
146503,0.048307925
136955,0.044883214
141522,0.0055833342
135920,0.007976294
89845,0.08463842
80276,0.016285846
110287,0.1249639
137263,0.01080017
3865,0.055141345
2162,0.3906577
109508,0.01050439
5369,0.01860497
105113,0.010705341
122301,0.04714421
124249,0.03170883
148099,0.044653106
128267,0.01381846
88239,0.00831316
30630,0.1773025
48192,0.5768352
8775,0.011269086
64550,0.011433464
84490,0.36344647
19536,0.031409204
42683,0.10142786
100727,0.024071947
95285,0.020893628
76202,0.34397238
133900,0.013340949
92363,0.017250035
8443,0.11142003
127072,0.38095045
96329,0.07227717
125141,0.0113088265
90788,0.006955122
47146,0.010701671
76484,0.010827495
120361,0.01395844
110523,0.16282028
40230,0.02162821
88472,0.011682693
149898,0.2929596
55076,0.3274881
10932,0.010166385
47053,0.010991078
98789,0.011980985
78046,0.030161316
126610,0.0136058265
111582,0.014801865
80472,0.14516331
87850,0.013161721
136459,0.082967065
48433,0.017595774
126770,0.105481215
41916,0.013838748
95497,0.08572094
122568,0.124412276
122751,0.04060853
26883,0.018327942
40759,0.06740447
137905,0.02220797
61043,0.340577
70306,0.0493066
105590,0.04066721
21631,0.020380046
30437,0.0759592
74518,0.25316262
99514,0.062001254
126728,0.0152470535
18971,0.012765502
37724,0.016004078
88443,0.0232955
118118,0.027625551
81039,0.03559297
71510,0.016045611
69969,0.10405212
95850,0.054694846
25225,0.012375098
9086,0.012665533
125636,0.04047667
149818,0.046911582
124333,0.013632
24394,0.021199029
74835,0.029683018
86679,0.008204411
25005,0.0066119498
131966,0.19502085
48227,0.01441479
19629,0.38694078
22729,0.49535447
115250,0.006182686
138145,0.028763846
32552,0.017847518
117734,0.010245647
42363,0.016675482
110268,0.03160409
24759,0.009803247
4917,0.02753804
45099,0.027410937
83268,0.079699226
23354,0.03914932
127118,0.01225856
99401,0.054555852
37178,0.044356998
31136,0.014304668
107320,0.049607567
88207,0.1698398
96280,0.010355697
82226,0.58706385
30001,0.018958626
145106,0.02156664
96741,0.012195775
102531,0.31047326
125271,0.009072434
88365,0.049879245
137653,0.015121565
106381,0.6166998
117637,0.010973096
120291,0.07648106
118777,0.009402818
2779,0.019728776
31229,0.021640083
84947,0.1335714
98979,0.011736352
24136,0.0786726
298,0.04212529
62598,0.0063860845
142617,0.116126314
41283,0.0362178
19270,0.05531612
25398,0.06569601
70290,0.025655271
115135,0.023915363
8363,0.45700803
17975,0.013897679
52797,0.021653697
101323,0.2698056
387,0.011815491
133496,0.17260866
132474,0.012660175
120684,0.018002456
33206,0.06743023
54825,0.16571322
54284,0.015825149
81101,0.01693886
105540,0.011227619
99204,0.01454885
90288,0.03643256
53794,0.016686276
36128,0.097218215
9120,0.015293977
46968,0.109994695
56496,0.021296196
64174,0.012072442
61656,0.079514526
144201,0.010384594
28523,0.05621303
980,0.011614751
136988,0.11624667
25494,0.06928297
41781,0.012726009
115639,0.018818596
27358,0.05891766
147588,0.008451599
35775,0.056495193
93819,0.012108659
123177,0.037539918
2089,0.008331534
114471,0.009844872
59420,0.012044493
31789,0.01140724
36395,0.0068058106
139204,0.0350201
123092,0.0063190428
16593,0.009339738
144291,0.106223896
98800,0.053785115
110874,0.19931953
124561,0.045701023
148257,0.011574684
93739,0.0066588405
10009,0.11246597
80661,0.0064060427
8225,0.009741908
93499,0.010283854
87926,0.013332835
81179,0.09524455
41065,0.03839753
120120,0.016647663
128043,0.009914578
32388,0.012674261
104334,0.010383526
103484,0.018222306
116700,0.008237041
65058,0.018475411
25893,0.04247318
41521,0.009571448
104650,0.00772454
39599,0.04032414
148864,0.0066034114
9481,0.012083946
71954,0.01078323
23702,0.0348296
74864,0.05827469
120447,0.23760019
133238,0.024689037
145188,0.015071828
139773,0.006085725
76817,0.031819403
149360,0.014113387
120921,0.07731255
115773,0.23950033
2986,0.006574824
117305,0.105077624
40117,0.020735854
50811,0.13733573
4815,0.0066731432
100996,0.019813273
115053,0.0101051675
109050,0.0060836636
15710,0.047812134
38133,0.014066788
128799,0.0072054686
6201,0.015157981
78811,0.0074157123
78074,0.009045565
66355,0.27507657
47437,0.041936245
21080,0.015571691
3228,0.049715724
64855,0.008190241
82115,0.035507537
75548,0.050586373
18064,0.019122213
24627,0.0077882153
104763,0.010856393
110100,0.10410107
140750,0.12599823
39097,0.19821313
14550,0.07714896
96103,0.017138924
3081,0.045530923
147616,0.014301757
100148,0.058694318
64013,0.014583182
2473,0.24555866
17675,0.053720944
116981,0.013831734
111494,0.018799795
45486,0.006789674
64034,0.0104887495
115808,0.0064946385
91669,0.033737246
58414,0.014968767
124625,0.093532726
8933,0.03618007
75378,0.030820206
52221,0.07262783
89802,0.016872473
118833,0.013175701
98332,0.6373
21319,0.024058469
38382,0.010752323
82746,0.012487658
137655,0.00843652
18892,0.0241596
97697,0.090454556
127448,0.010697885
62326,0.0060690944
41805,0.013361042
62411,0.3534909
11847,0.17815465
6639,0.42004022
27008,0.015123575
122988,0.019044427
123249,0.006590249
25086,0.07258109
10502,0.048076484
124201,0.15782031
76332,0.2081524
46000,0.026635978
110440,0.014155747
77403,0.019510092
94857,0.012069519
132071,0.3043455
30980,0.06989204
5972,0.028846784
15731,0.0069194594
31036,0.2936105
102032,0.012052298
142213,0.0059964294
129462,0.018295752
82962,0.0075333533
52702,0.08951282
8275,0.054148994
30626,0.059066545
78981,0.011037233
55276,0.026845258
124352,0.044983923
91910,0.008367209
28545,0.0149215385
89822,0.024547277
38990,0.5718336
81564,0.20758751
2068,0.013854074
52924,0.026518296
111405,0.03206249
114694,0.5912754
100719,0.015531416
25548,0.18406801
67969,0.015325131
25075,0.01234915
87718,0.010027719
3867,0.013013488
50223,0.016698776
92835,0.013346505
34452,0.01700195
5940,0.019193642
83950,0.08005738
136661,0.023861714
139521,0.3522466
64953,0.026853314
45981,0.13142607
12547,0.034676377
24320,0.011220401
64486,0.038417015
145270,0.010179099
101532,0.22789434
75899,0.015169347
67559,0.011425791
11247,0.079906516
42564,0.12952273
112074,0.011452439
141351,0.011940558
147091,0.1255104
63316,0.016636737
62164,0.091135815
128345,0.02071926
133577,0.008314402
52766,0.009736077
73094,0.028172063
2982,0.018442215
23967,0.24893123
12397,0.048790086
107555,0.020486426
38801,0.20298178
59516,0.008029993
23486,0.33269867
58575,0.13347968
120787,0.126624
40830,0.010284364
59266,0.022967802
88375,0.11838591
88050,0.11985375
32513,0.46189356
11300,0.03250139
138599,0.48279947
148907,0.0072591584
126913,0.34577426
100047,0.049073726
120759,0.012525749
48190,0.02979634
76368,0.08216083
3680,0.006269148
14557,0.23105335
141146,0.008052247
142687,0.044055536
23983,0.017039806
37008,0.007825713
149665,0.117931746
77102,0.028708035
112411,0.0076617226
93147,0.008666382
63749,0.024044309
24473,0.017729688
67740,0.27837503
36214,0.008764129
113814,0.20559709
107487,0.5754863
57436,0.022525406
118067,0.054371595
45992,0.14081298
94118,0.0073749935
109251,0.008049977
122899,0.009181084
879,0.036284838
124386,0.30606315
95985,0.025350139
82300,0.052893043
149822,0.0098963585
52837,0.01260545
145018,0.10241419
84353,0.012010016
15097,0.021182746
50322,0.045502696
17332,0.010697168
64205,0.02210565
135664,0.008189257
77991,0.20503731
50925,0.11340083
67602,0.0097056255
137798,0.011046277
55505,0.048329644
91948,0.03639516
146934,0.041437026
103808,0.24084622
124010,0.0068335044
67666,0.0110674
64286,0.13215509
18195,0.01241665
121507,0.015004659
101368,0.012293409
68268,0.017756455
94961,0.010077049
124163,0.019340346
130441,0.06120551
88693,0.07389159
65539,0.11484344
13508,0.013412888
19600,0.007822607
7314,0.010958693
137350,0.06751599
34252,0.033560943
53805,0.007586721
4665,0.32393354
90469,0.006174631
139218,0.33332515
120942,0.018441275
54571,0.032801878
96235,0.014401484
103260,0.041681435
66093,0.032030694
78362,0.012815909
113333,0.03312982
111381,0.027832324
128379,0.07939788
47126,0.011977875
40592,0.010148311
40582,0.0071027176
85716,0.1248389
49451,0.011202767
149342,0.014956877
23689,0.0140492935
120685,0.17640252
115859,0.031246733
73164,0.2243466
65327,0.012878591
73598,0.09503526
127032,0.02518353
109808,0.076041706
116675,0.008822969
73046,0.036016747
130144,0.007656319
40937,0.010446476
85106,0.017866803
10336,0.009590706
70133,0.011436859
1234,0.030626971
35312,0.027551131
113041,0.015449787
99184,0.015280797
109754,0.017771373
101453,0.0805271
23528,0.012639925
82337,0.30903164
125074,0.10782379
143050,0.01109012
1853,0.01025119
36888,0.022140449
137092,0.048344888
8243,0.037231524
79289,0.105618335
106434,0.27900356
117547,0.008860938
35800,0.017958228
121375,0.05090307
141836,0.01329215
10500,0.22994316
76934,0.027580613
2425,0.014316971
43309,0.016081259
106722,0.013166094
110947,0.012370164
45732,0.11105337
149740,0.015560869
129220,0.020393986
144648,0.00596515
117908,0.50092745
9091,0.020044027
135485,0.02257326
71495,0.020147508
73032,0.008414111
84444,0.036017545
78035,0.012806865
87179,0.008910108
99217,0.0069810986
9019,0.32159454
99309,0.015904661
116413,0.041086353
20618,0.48249355
149333,0.009763791
45553,0.0077826935
135402,0.013131135
9075,0.012416457
17148,0.016226513
31600,0.023044761
138405,0.01200679
80287,0.01408
62316,0.030357346
104035,0.014481446
67575,0.44914335
1215,0.010866536
76648,0.11705679
122820,0.058403295
60947,0.0073051117
35769,0.053472385
149328,0.01616626
8976,0.053933095
17517,0.015530767
515,0.009568229
35356,0.019279461
40241,0.022366792
140782,0.10186781
27900,0.010855307
16209,0.02348596
88242,0.0095515605
114304,0.30486068
81627,0.016013188
38755,0.006461166
77090,0.016684992
93160,0.007641259
3271,0.016411612
142978,0.029843705
143220,0.007275523
47230,0.7815912
23455,0.24031724
11605,0.0064914823
26480,0.011866599
103266,0.40421548
61565,0.06148732
122053,0.008140302
20071,0.28686056
109533,0.015560717
54318,0.4051737
12509,0.011646784
103419,0.047961522
11015,0.009018899
71070,0.02209656
87344,0.039888233
95220,0.115992896
106440,0.012694588
79237,0.008691864
71886,0.29010025
146722,0.07438208
45779,0.03293672
38239,0.37134302
23309,0.021129621
99729,0.1972878
36587,0.06675812
68030,0.013526395
131347,0.08369247
29232,0.11509942
46915,0.04729711
30778,0.006854825
137964,0.083922274
147211,0.019997904
18804,0.3162655
79992,0.06842422
77299,0.034455318
46834,0.008663237
19008,0.05960163
147253,0.060826764
49396,0.052573178
11590,0.033527613
46996,0.48550287
71004,0.0134596685
29926,0.012025353
96898,0.0059871143
144712,0.0115712695
105077,0.012220133
127732,0.007931658
135266,0.006811679
85085,0.018386357
79407,0.12795964
53317,0.019845353
76132,0.23054524
148229,0.015640756
135650,0.012705165
79349,0.0064331573
79285,0.008677864
139427,0.012171053
37865,0.023992678
142524,0.060023934
72735,0.0614277
7592,0.021024877
1545,0.011467067
23290,0.089335084
125693,0.0135522075
4597,0.014200401
15822,0.045236304
75765,0.07782877
43289,0.01253947
133492,0.042075764
6745,0.0126760565
39250,0.013716118
103873,0.17503491
97810,0.099621564
119536,0.012863693
91336,0.008004577
72682,0.03309921
104177,0.68125373
54826,0.079731636
102077,0.07427779
56415,0.013921336
136237,0.2230071
66339,0.0125647355
123400,0.0063990266
111076,0.08103823
53265,0.022832215
148365,0.124798
78512,0.06642839
123089,0.16561121
54085,0.035416048
31352,0.60385567
26215,0.019567313
90244,0.019927187
42800,0.007763422
56604,0.00960898
25462,0.036372058
4940,0.007008387
65142,0.024794944
129717,0.08680256
8037,0.011834688
31997,0.5113925
28242,0.012322426
69022,0.060537733
115963,0.0759206
94549,0.008789093
62844,0.06657202
31591,0.01653365
27626,0.013645587
75122,0.019516643
136869,0.010107481
40708,0.008669357
105805,0.27107158
113935,0.06711076
25160,0.019968865
83054,0.07124002
68180,0.010775867
115225,0.18830721
5870,0.04938963
130733,0.020017315
96745,0.042911652
47765,0.01090798
110779,0.016383149
17150,0.10830122
144581,0.12138179
105500,0.008824541
9276,0.00887512
44184,0.18572794
42838,0.021437656
114062,0.0094515495
59773,0.028994653
43519,0.1732783
36201,0.0064792787
140246,0.009428182
51398,0.029766552
127971,0.030672526
43195,0.013757084
40588,0.08484771
20516,0.40241447
125572,0.021402324
26379,0.015655005
81296,0.07065345
58909,0.012856829
69039,0.030270282
118259,0.0446004
147162,0.08576914
141652,0.009646508
66970,0.008375165
137498,0.010589007
64456,0.01032865
99601,0.010728526
113640,0.012321126
44612,0.012818849
149261,0.01823017
57506,0.01751516
77243,0.01092881
39020,0.0148962345
51969,0.020699408
7798,0.0068503404
123973,0.07504565
56843,0.008292489
83571,0.009540542
99694,0.0100573385
8970,0.22304827
105952,0.006625764
100155,0.008360498
98825,0.0086309565
135104,0.14055234
16317,0.10292933
84836,0.56621
5050,0.06565272
65272,0.010238701
131209,0.41260087
5137,0.008930684
103430,0.01056992
18259,0.027881697
143608,0.098016955
19578,0.106827006
26330,0.16539069
128424,0.0090537155
117333,0.010731786
67801,0.04444364
139724,0.014647226
94891,0.012597435
123567,0.023136716
104565,0.015575244
43817,0.027127834
111970,0.011846989
18127,0.06730368
137086,0.04308157
48284,0.052342925
101608,0.01524961
147958,0.056307897
119731,0.010992411
113386,0.08765181
79623,0.012898331
127432,0.015430397
73159,0.008224468
90761,0.024590828
59529,0.01226202
140608,0.24210364
122447,0.019342186
64791,0.008372445
128193,0.052972265
49473,0.016821152
5138,0.009206234
10632,0.03507611
38977,0.053327307
130807,0.13970506
22894,0.10940105
147954,0.100012444
68399,0.03485124
41806,0.018097823
89658,0.042105272
121622,0.041553456
112512,0.007301098
59777,0.08092999
69004,0.010280375
44752,0.025674328
33203,0.07875938
41761,0.035374224
28564,0.009238135
135175,0.02038992
135627,0.008361
141644,0.015557811
92645,0.02132128
143416,0.0063836104
37606,0.043089814
20664,0.022745028
106197,0.026896778
34296,0.27049696
57668,0.02141645
80992,0.10721038
45975,0.010000929
146142,0.27038395
142167,0.32257777
83129,0.014786935
57770,0.022851842
129351,0.010365187
73685,0.11165816
20169,0.016886668
59965,0.010949545
91937,0.017495388
52311,0.020219922
90724,0.014004094
130131,0.00926234
29586,0.08778154
7779,0.42718676
139110,0.018689808
78668,0.016528277
66292,0.24250385
81667,0.06800168
16710,0.06816884
68195,0.014513212
1968,0.07259989
64717,0.00958395
100282,0.026851688
108818,0.2473116
12367,0.036674716
107234,0.026764113
149692,0.012412873
43249,0.5969054
108566,0.0060574473
39558,0.01329133
127074,0.43972751
48515,0.030147009
47271,0.021496674
123037,0.014410698
123497,0.010073716
40414,0.024797203
116352,0.013740491
23308,0.048162635
142401,0.022722304
108326,0.008758009
3982,0.043190427
73393,0.03645139
29261,0.23750499
28060,0.02980382
89011,0.11147702
37518,0.118098564
61216,0.012262822
67009,0.015109285
139296,0.095041856
100584,0.060390126
37962,0.007219768
36618,0.19008334
106258,0.012788864
71975,0.021726526
3310,0.15103361
648,0.009756022
147244,0.033844955
3639,0.1390462
55264,0.1274334
13836,0.010300233
137815,0.009486497
65360,0.009193285
9264,0.11873496
129521,0.051380556
125437,0.012419141
32433,0.017108507
85440,0.039098084
29371,0.060661457
15585,0.14402558
107910,0.10124025
45060,0.012544382
62721,0.07275154
40851,0.62848943
128074,0.018639736
144861,0.005931727
4541,0.5968026
148504,0.010147798
60418,0.01820169
29184,0.017731456
105642,0.012318127
107090,0.010870607
30687,0.07083073
107091,0.012756887
29862,0.0075057847
144994,0.07120071
148291,0.012661671
122970,0.032449722
105216,0.10853742
114208,0.04355451
97270,0.038577057
82985,0.021766007
97750,0.014890743
90264,0.01019356
111691,0.0068216287
39787,0.058086604
141601,0.01243985
104421,0.030911794
128885,0.019478697
117764,0.061905928
63218,0.10350373
65240,0.012186887
99561,0.094374806
100317,0.17900844
42985,0.039947215
51384,0.006867526
68393,0.18080948
81118,0.031130064
82712,0.011818705
37935,0.012486807
37497,0.05170435
122196,0.02616194
9446,0.03806488
26751,0.013050108
89095,0.010058155
68060,0.034026943
147454,0.01550359
18383,0.053787906
136230,0.006876818
51119,0.01114641
37805,0.1124596
25147,0.06247603
145194,0.019212497
3398,0.015427673
71648,0.038149428
120438,0.011948162
118167,0.113217756
142070,0.48598203
146848,0.25379062
60019,0.01694094
127748,0.78561276
19655,0.10088113
93408,0.007092321
125478,0.09072937
47620,0.016545221
13832,0.030834453
135326,0.008013093
59564,0.03182041
97076,0.05269373
66197,0.011852093
46238,0.6189244
33922,0.013495299
78131,0.09705042
139459,0.014463084
113149,0.006138587
110200,0.010537997
125347,0.051054526
81220,0.011200437
37797,0.0065879086
55789,0.037164614
114863,0.05226532
75979,0.028087607
149339,0.008497122
90473,0.024396343
48452,0.04427176
76818,0.038469877
108454,0.014997685
101170,0.029052317
12086,0.0066254213
27681,0.009279426
124659,0.015676219
58535,0.037536602
30421,0.00636049
116209,0.070072964
81764,0.017494569
103157,0.040673357
10436,0.31390658
17827,0.017288068
16732,0.21264088
53188,0.16966633
70588,0.11463148
97672,0.008292002
47231,0.08691382
26447,0.034768797
118316,0.037396085
17105,0.049813367
71571,0.0849996
65930,0.01390079
59511,0.014696646
123324,0.006925642
148289,0.020977238
137970,0.06254279
9428,0.02959322
140916,0.045871846
76961,0.03537355
114530,0.01378421
122256,0.0066222115
108967,0.07115666
111817,0.07654123
13978,0.32623646
71936,0.022425076
68688,0.24720559
108584,0.013008668
70170,0.379653
148759,0.015716635
33389,0.017948728
25843,0.011378835
57787,0.19896935
46394,0.01705286
50870,0.013856336
37314,0.33303046
101663,0.042057563
14069,0.013699022
130814,0.06387736
32770,0.083466776
130979,0.014542876
42174,0.035495196
43208,0.02211811
6821,0.006776025
72645,0.012511874
1381,0.013885471
139975,0.014059463
5165,0.012290734
15293,0.010894545
23672,0.09697742
50363,0.029997762
13043,0.015286136
135037,0.014593079
39379,0.072799854
143575,0.009680176
99912,0.05173707
90683,0.015625428
126738,0.009970382
130372,0.02649022
20030,0.02202741
81640,0.032523025
105791,0.010605866
144443,0.31339937
13224,0.2784284
122219,0.4015248
32962,0.012292418
98702,0.25630033
67126,0.007492681
125373,0.03499937
73451,0.028823351
65844,0.012693692
94790,0.050537355
40646,0.014267838
62640,0.026300939
131845,0.007967684
66572,0.008471642
2285,0.021680623
56933,0.013632065
12650,0.052202575
72071,0.010163003
24089,0.018996987
80263,0.035526976
4317,0.028275918
149899,0.28386304
90213,0.070943885
111461,0.14875433
95672,0.70220006
138677,0.069964424
62244,0.012635908
18061,0.11414287
94035,0.17848353
33937,0.049081758
45905,0.052789036
78461,0.015385439
103950,0.02591009
31379,0.013034567
108137,0.112222254
108438,0.051330924
108507,0.013931597
18808,0.02310783
94650,0.1818724
63691,0.017758036
92951,0.011622483
36064,0.014249794
54786,0.015517052
94206,0.010154276
67661,0.078853756
84959,0.011684719
88292,0.0899745
115346,0.07339468
49940,0.014607658
23790,0.013632187
23020,0.061727032
3599,0.013154731
26257,0.13214771
98842,0.012471357
119042,0.008415153
46864,0.044317823
28536,0.009111695
26927,0.09825019
76502,0.09872037
1238,0.02015444
99482,0.096674934
50469,0.018110123
29416,0.01280792
14126,0.008331393
113603,0.020804625
93022,0.008860569
47889,0.21271689
22117,0.47753212
20959,0.014523577
115031,0.012787877
13896,0.009063132
87798,0.0065158103
18752,0.013539553
44815,0.048279118
147505,0.048976276
124668,0.027411731
70070,0.087178245
54704,0.006960219
142022,0.012312071
47501,0.007421896
2928,0.020490738
133074,0.2884704
87496,0.052702263
12419,0.112875864
138248,0.011855561
86059,0.24252658
101187,0.006527683
8668,0.030889945
103885,0.08363694
73765,0.08183906
71569,0.0064050984
105963,0.015736518
85607,0.030066716
100895,0.036113296
92942,0.0072335955
131329,0.06034247
121373,0.008690664
86185,0.047187533
131619,0.0074983854
148649,0.022110479
71291,0.020868987
43467,0.009368702
138454,0.017935082
65966,0.032057185
98071,0.05540582
28951,0.11763616
31433,0.013839412
59749,0.022121534
89080,0.016463434
78715,0.05514609
24792,0.013233347
49907,0.16465229
133354,0.0069491565
138507,0.010298414
53485,0.007675308
20036,0.012226133
81559,0.018966513
145299,0.0058411513
149474,0.028338958
134871,0.041101176
23847,0.091540955
31257,0.040849593
29790,0.029419405
121625,0.008907308
111587,0.013731326
21412,0.012384077
115119,0.11193188
109420,0.03777586
139291,0.013095276
23409,0.008685186
51795,0.012029262
117003,0.014688637
83368,0.013358246
71083,0.012052598
60744,0.0065458072
13990,0.011622055
77524,0.11644855
22599,0.1433212
146919,0.009161052
82971,0.012168192
36752,0.007920125
123524,0.07441914
148164,0.102942765
67970,0.069405474
133168,0.03943926
27274,0.014347304
118908,0.4789768
68160,0.03451753
133764,0.021257812
126731,0.013416939
117805,0.07374612
107419,0.0107868565
127339,0.039184064
37160,0.08847411
110721,0.016310418
96803,0.014972845
20863,0.016552743
44677,0.00740115
91652,0.012446846
96480,0.5637499
4634,0.07309381
69444,0.013734632
81607,0.011350054
3028,0.013197908
132190,0.09102466
140130,0.11290769
49100,0.091865964
96744,0.059627447
74056,0.009734854
83697,0.10021583
137901,0.013355877
79932,0.009573125
121249,0.027416086
104012,0.029736107
56784,0.010057272
108683,0.124355026
64523,0.011210105
36704,0.011859148
39173,0.03536051
35504,0.112360805
140362,0.009704154
6331,0.009463123
69,0.12913683
68453,0.009638618
137419,0.0055639776
52103,0.08244117
97122,0.038445763
105552,0.016593583
137342,0.019276515
106996,0.008353234
130197,0.056476895
52443,0.10824753
75199,0.008326537
140580,0.054487195
27907,0.52811676
126093,0.030645788
78990,0.06381061
47383,0.060107633
62724,0.044467553
103373,0.017117321
110881,0.012832184
119119,0.07917479
140566,0.016793763
121349,0.20134957
2152,0.26661527
137454,0.08938594
126769,0.063239545
87801,0.036481418
44894,0.026753472
63068,0.011428398
135087,0.024184436
75245,0.038513362
41086,0.06691588
100405,0.015661377
126047,0.39745992
59720,0.097079374
81945,0.10578539
73688,0.010430257
109625,0.02790135
116943,0.02649364
53104,0.015711619
116882,0.32314825
22,0.014895787
14934,0.021010496
103558,0.071025096
24611,0.010027838
34352,0.0888416
99584,0.008954887
112750,0.019698923
55336,0.0070417724
143461,0.0063590044
145192,0.016104007
87504,0.022927705
73067,0.010990825
13609,0.08140562
54111,0.022751395
68252,0.009724007
48154,0.038545035
77740,0.014944383
146963,0.04929738
87571,0.01033137
67394,0.011921177
144022,0.0616113
122925,0.040966313
149549,0.012533519
54724,0.015091824
100535,0.011464294
19148,0.07351801
81195,0.009139264
98168,0.015604824
130339,0.21625286
34763,0.08262537
78103,0.009686286
64635,0.066626966
124792,0.011538554
61152,0.06899312
22682,0.1714886
27253,0.088293105
149815,0.011615583
103552,0.12690176
38991,0.0068359715
117435,0.0114764115
61420,0.021411998
4592,0.16646655
65667,0.023617666
131986,0.097503185
97996,0.09653188
54401,0.006622036
29276,0.03816216
116613,0.038787782
137479,0.025498042
490,0.060239684
25864,0.014207959
123049,0.1450321
91679,0.017752945
35740,0.011477618
99050,0.009838604
18665,0.50719047
10155,0.068446755
90867,0.09266756
51317,0.04930097
57958,0.0094563905
116293,0.0067570945
122991,0.013576849
48063,0.014504548
8317,0.017565235
128707,0.01180265
49972,0.012991422
92531,0.0071418257
536,0.03432777
68745,0.04167031
110677,0.010853423
6039,0.0063635376
56181,0.095604844
117470,0.011829307
71729,0.0078769
128890,0.04161196
66730,0.06535832
105047,0.44805455
144777,0.0096366145
30700,0.061487228
64276,0.008632353
120141,0.011566177
4175,0.15234324
140015,0.03681116
90380,0.055886306
53668,0.084658705
79392,0.055078216
41979,0.013745546
38611,0.01457251
74298,0.008116444
53721,0.0068239095
111025,0.021909064
11510,0.031708844
59033,0.05856305
87041,0.017558448
122726,0.013089922
50252,0.005681167
131724,0.06468237
119827,0.011212976
44097,0.043465666
54260,0.019148586
120775,0.38352978
137411,0.058074187
71999,0.012442287
124350,0.0068626693
93232,0.41206443
65999,0.13313821
110611,0.17688939
939,0.011659532
138333,0.4097576
19240,0.022128962
3772,0.09077716
71900,0.016158003
79828,0.017464252
139267,0.011588455
142441,0.017233947
117017,0.06414933
59378,0.01821664
118069,0.05094579
59947,0.014836435
50931,0.016242696
117511,0.10948112
17856,0.109553635
50543,0.06532909
113187,0.072464526
83094,0.016245004
146581,0.5337614
148253,0.01651279
34120,0.009992076
50676,0.06830017
74993,0.008805023
54698,0.010344118
149482,0.37322322
72649,0.10052431
30323,0.013018903
141713,0.024618542
81587,0.0124775255
86856,0.22879653
113874,0.035427697
6550,0.016285198
15118,0.011815859
39862,0.28719106
17699,0.008753217
44718,0.047835037
495,0.009827847
134924,0.073219016
74374,0.02921034
103717,0.014438269
48520,0.015018522
133372,0.060841594
113441,0.010851196
133215,0.015787346
80832,0.041409556
42352,0.19257447
35094,0.008234365
53278,0.2846598
87563,0.013207028
135253,0.16690977
79247,0.00769082
33193,0.072017506
135880,0.017145777
52658,0.07971339
32995,0.487137
1915,0.084796056
47080,0.021548066
126174,0.6263301
108770,0.017642826
16171,0.02077871
26383,0.0991614
138592,0.013657349
96756,0.010761897
135512,0.12229895
76535,0.012684331
43860,0.14217389
101922,0.006126511
137144,0.01839422
17209,0.008232083
49331,0.08047593
60687,0.0065693255
143056,0.05705255
128925,0.096807055
132678,0.015800191
47328,0.04892098
45194,0.012711016
76883,0.014485189
47329,0.018293949
14969,0.3775612
53215,0.06773086
38640,0.012407286
15546,0.5229414
125686,0.009808854
36933,0.09393546
121619,0.021731017
100441,0.008129537
6575,0.085988574
114205,0.019347243
38789,0.18666467
85597,0.06396688
47088,0.011451376
4514,0.02009138
77736,0.675591
119078,0.043531526
87268,0.12873507
117279,0.036441904
36497,0.012575383
56941,0.008920814
78741,0.02425895
127088,0.020603742
84482,0.015312386
67683,0.01801143
74594,0.027603688
147215,0.012342237
62193,0.038285296
109005,0.4556324
117137,0.007023741
88742,0.012365335
93656,0.010435278
33270,0.012890751
23427,0.01857719
60762,0.007380864
100445,0.27110925
132903,0.4944254
85504,0.048075013
31899,0.11208272
136260,0.013176767
90458,0.015638083
138409,0.016784623
110978,0.02314892
12105,0.086113006
74573,0.008604505
13265,0.65974534
18829,0.18276902
135187,0.4161248
54504,0.08541512
73017,0.0573304
65483,0.009579442
13874,0.013107355
61546,0.012426003
72761,0.29037425
5435,0.016552743
62480,0.0067795855
25467,0.02174561
58157,0.13174708
9129,0.015364988
50414,0.039001565
54999,0.07559007
84449,0.010267594
136348,0.051687814
76763,0.012876857
101658,0.010490873
130130,0.04412811
29271,0.74947786
21519,0.0063905185
137138,0.07973029
79308,0.096388794
76871,0.22679244
7231,0.021517515
135973,0.03714194
12393,0.009419773
114547,0.040032163
87421,0.06466273
58269,0.00967956
133549,0.013760752
121453,0.010631329
110753,0.0071738623
15867,0.0071251923
73809,0.016028456
123381,0.31625363
42426,0.014059594
55211,0.06897305
28235,0.014886603
62120,0.010238184
69871,0.049912542
42694,0.013902792
136318,0.015397478
66046,0.00968763
15335,0.0080982065
22612,0.0065784063
55552,0.012108414
77025,0.088490106
74227,0.054340973
138151,0.009777619
131195,0.012315528
71121,0.25863194
97563,0.010020848
61221,0.009093812
131087,0.014805051
70989,0.012110638
85161,0.014603567
115896,0.052381765
20559,0.07196611
94900,0.11691724
60564,0.028064596
23357,0.006986148
49422,0.17728655
149178,0.03803981
99143,0.03233068
134459,0.12207824
22230,0.059177656
29845,0.03461829
128959,0.16232486
39057,0.010436957
26368,0.014195262
144127,0.0125758685
96125,0.055846456
105285,0.038660318
136299,0.02755228
122305,0.0502851
59961,0.014829713
95047,0.22041516
23930,0.09032159
140860,0.032775927
84753,0.028321493
60479,0.013149092
1592,0.017054508
26109,0.007729487
149892,0.2875524
23063,0.013538732
20928,0.06850407
135910,0.12910643
78108,0.022599664
43438,0.017392965
120708,0.055525403
121887,0.013082576
36623,0.011899308
17539,0.07178472
133094,0.0079417685
121939,0.6058506
65377,0.07928499
69789,0.31140494
114967,0.020219242
45348,0.282695
80199,0.18398352
149646,0.10496849
75017,0.011493691
2604,0.061871294
93177,0.016775042
84394,0.30410597
50097,0.012964582
1254,0.010087286
146950,0.032709472
62558,0.039071433
20152,0.14169885
41653,0.007711416
142881,0.14948113
139974,0.017447626
125771,0.3819106
108385,0.10588189
82465,0.0801374
24767,0.10288756
98525,0.0104984
35524,0.00653112
32548,0.015227155
24005,0.006307723
131183,0.009536384
28631,0.08741872
39011,0.0068633356
129541,0.011002498
97839,0.020610744
117356,0.023025338
127296,0.00861631
33775,0.049557343
104492,0.06783937
111632,0.16972019
136285,0.18122874
111940,0.05580049
127103,0.05041281
62551,0.038156524
119513,0.07097342
4047,0.022867354
105605,0.01370225
79802,0.019385377
1899,0.035072334
32757,0.08655941
19801,0.036740236
73405,0.05515094
32955,0.017880103
12007,0.00743696
118013,0.047839545
18252,0.03079747
18341,0.04145857
136914,0.012187248
12612,0.055278957
97285,0.32325265
8222,0.036181357
64431,0.03444549
5886,0.1603121
18114,0.017442182
148243,0.13049033
104519,0.009179445
129993,0.027782146
13957,0.025530681
99615,0.52417654
94840,0.15800048
75301,0.013928335
69669,0.0107066445
128404,0.026773041
53950,0.008790161
78504,0.01081877
15945,0.5017426
12039,0.009927946
11441,0.020874273
78831,0.0081163095
49743,0.009870126
144737,0.13147317
115076,0.013121216
112482,0.09950309
60692,0.13679005
109006,0.01472375
7518,0.006997295
58471,0.014281706
135847,0.020971665
122526,0.05532153
17679,0.02988939
56605,0.029631466
111645,0.0158809
30052,0.014865025
92834,0.030857679
35032,0.013332398
34076,0.01085585
113656,0.026130063
84683,0.41744146
100089,0.014212088
70608,0.013339274
118672,0.02218369
104679,0.007527024
118487,0.009207294
30946,0.21219444
71190,0.008777359
116113,0.42257956
86460,0.029328942
118601,0.008737691
65170,0.009146594
133793,0.01519629
131001,0.015299686
43301,0.027159398
65650,0.13698918
22967,0.009828357
3667,0.014911636
128934,0.071861826
67900,0.007249001
24176,0.053586353
135257,0.3215879
38434,0.015493628
31520,0.014201276
59227,0.073213644
62739,0.073418476
72934,0.051176686
141681,0.053631578
68072,0.0073713916
63731,0.010688452
82832,0.0071421806
122209,0.006364237
71873,0.17878437
97633,0.009406869
101693,0.20457868
127883,0.009814325
102747,0.0965452
145499,0.0142078325
93149,0.011440148
27516,0.009677178
39571,0.009087557
27861,0.02664234
40729,0.024719667
118573,0.017450733
35282,0.10131264
132461,0.042626277
4353,0.013245906
147718,0.016348315
35871,0.058729026
77436,0.009030165
3648,0.01805271
139744,0.07357182
10563,0.008736286
134901,0.06292152
34731,0.04686689
97432,0.033702515
40855,0.011912748
69500,0.019474842
34779,0.01170076
1937,0.010090549
83721,0.039018378
1443,0.12199073
59992,0.015594037
136797,0.011106019
146416,0.013340107
78877,0.010954384
34866,0.014671305
46881,0.025898203
74616,0.01109204
87593,0.16135885
138384,0.010918383
60512,0.04427332
91045,0.0064781094
8599,0.071647145
131952,0.008204837
39807,0.0110538695
15018,0.20996329
142355,0.014680702
45659,0.08350404
125827,0.009383597
32331,0.009679829
9004,0.011579584
7155,0.1516583
4543,0.22235136
71923,0.009598817
98389,0.007876304
10882,0.008079158
26680,0.015460895
79747,0.57492495
100909,0.06645194
57838,0.01596244
22507,0.4821143
33107,0.023200976
132968,0.007128739
111758,0.0417987
120936,0.070786886
86684,0.016998125
131319,0.0068313205
39576,0.03493152
50944,0.0102235
78641,0.10074912
142484,0.020698493
128642,0.030066201
102442,0.040560532
62100,0.019738236
80215,0.010796895
80087,0.008224585
24825,0.35397238
129414,0.022716163
46514,0.019908026
96651,0.0119496025
16397,0.006572451
106756,0.05654935
73376,0.026718302
56668,0.012675079
26406,0.014654349
34683,0.038590554
136887,0.017074823
142007,0.0849548
111986,0.010472327
18378,0.0076821935
83453,0.022066226
50459,0.0125647895
81306,0.025467912
120843,0.03264384
124513,0.011730191
121023,0.016086511
108166,0.09908586
23630,0.023541503
18737,0.018100586
92093,0.032355767
93622,0.03264277
1303,0.013821228
95377,0.032370176
37683,0.012766511
47953,0.021510812
40570,0.0104342885
12850,0.04302298
32980,0.0330146
49269,0.012651516
3558,0.019602174
148432,0.25398213
27331,0.11531
46959,0.44605687
120517,0.08872939
101151,0.0792106
37836,0.075640984
17512,0.030485235
101191,0.047819044
12905,0.08246823
21047,0.019619541
30897,0.108741455
72995,0.102306046
80223,0.005827005
17418,0.018662462
131519,0.023449339
12281,0.010781719
38180,0.010854052
10172,0.01337992
54812,0.048704732
127518,0.03534419
65756,0.011965969
21604,0.0065290467
127048,0.06282271
46241,0.007182555
125297,0.013037912
60277,0.014058312
60791,0.025611708
149847,0.009335671
37752,0.12340503
18232,0.028340673
124219,0.13311
138702,0.038264796
78128,0.013668923
84113,0.010543821
91322,0.023238845
139867,0.021401051
101229,0.014513015
143521,0.15816501
136691,0.069713615
122511,0.018551774
109670,0.014312652
142462,0.013291055
136058,0.10681582
52053,0.006153263
77561,0.17344786
23214,0.06418322
94286,0.0076280185
13089,0.007832028
25579,0.122904286
138122,0.10503167
6143,0.0067526796
52301,0.014192119
61494,0.07340186
127229,0.012510289
116284,0.017021023
81196,0.027792009
50397,0.014864109
76976,0.19942243
18082,0.05471833
13215,0.029056055
141645,0.0069505163
121723,0.016207252
19161,0.012829232
28169,0.03158578
115419,0.029709933
13853,0.019398838
98463,0.0075172377
69048,0.01612606
41200,0.024465999
63394,0.6523993
121269,0.032780826
72648,0.0060334452
49493,0.01653597
110930,0.008529317
114891,0.13462192
83095,0.010245343
29665,0.06767458
108953,0.0320738
62281,0.053443994
94957,0.038975738
4610,0.06061234
83197,0.013444569
93130,0.104247116
18015,0.05462127
52889,0.008530067
68212,0.042906884
126862,0.09544221
19180,0.41695982
44792,0.033546302
6689,0.07023667
78341,0.26758978
88781,0.016789354
11147,0.014262499
11001,0.017880071
88925,0.0152011365
38156,0.06318935
102474,0.010508053
105317,0.0715134
125232,0.009787471
107505,0.010147075
122604,0.023239972
24714,0.079296395
131433,0.023825046
74234,0.009173947
65946,0.06834645
26440,0.0094669685
144880,0.019177245
33600,0.07363755
16039,0.009604665
119621,0.055823743
53314,0.034461543
35357,0.015450048
6645,0.0283925
87658,0.04334698
7106,0.009773146
76590,0.06391858
77516,0.28010848
101559,0.030461585
35417,0.016297454
1783,0.037286293
56222,0.0105176065
20004,0.014219718
60555,0.0093063805
122102,0.00662663
15164,0.03251962
8450,0.008966909
53294,0.010055535
91162,0.011892509
32601,0.025356023
98161,0.040280603
66941,0.011379446
147901,0.027169956
88617,0.29955524
80642,0.31453323
114073,0.013303047
20744,0.061865255
121839,0.077507734
97248,0.022017011
41756,0.013074021
83521,0.013004751
8285,0.02386537
21072,0.055778638
45973,0.018753035
71856,0.033252887
111653,0.01864732
3852,0.104982406
43418,0.021385252
110400,0.013087219
64557,0.012259201
132616,0.03794696
1626,0.015105225
69883,0.01582442
54419,0.01686214
1768,0.05963681
52023,0.016764907
117244,0.081207566
401,0.013212653
145285,0.016326055
120623,0.070382185
98151,0.03593006
40179,0.019897578
106508,0.018127097
70537,0.5446058
40678,0.01989088
142076,0.011397157
105101,0.06415693
116397,0.013350028
37563,0.07769886
21829,0.008888881
69733,0.042105727
96827,0.022078793
46648,0.07375748
106370,0.010481596
5057,0.016976442
38740,0.02050491
44572,0.007241243
132406,0.011699977
117781,0.0073155863
15375,0.007662284
108334,0.021189515
40514,0.043257616
99889,0.013560402
130359,0.057971578
123309,0.012649641
63464,0.00950085
136889,0.024235796
74353,0.015429845
62791,0.12835331
144118,0.01757843
17733,0.34053692
86267,0.04707591
111771,0.008097264
45911,0.10377235
104918,0.007842135
139012,0.03587007
94809,0.0721134
100291,0.010064548
17066,0.0111137405
107259,0.008649246
3190,0.0087728705
19505,0.010629363
127977,0.018636134
116233,0.015408658
44315,0.6791186
121739,0.014983489
142123,0.05519921
661,0.21914205
68836,0.044901073
86485,0.06327149
6595,0.12372258
99243,0.11991004
14744,0.11479846
138180,0.007600972
57609,0.0066998163
109099,0.022157734
101745,0.024022628
112369,0.085065655
35723,0.042845
38482,0.5190997
110600,0.046079304
6361,0.019177908
47663,0.60735875
96990,0.14358835
135386,0.049887996
134196,0.0071267644
65700,0.017745681
5731,0.0096366145
109898,0.008670098
122518,0.008771286
113799,0.07062434
5749,0.011754828
85872,0.053522583
22172,0.017016452
60652,0.044025343
25247,0.022742346
39339,0.13437425
28407,0.009930838
20992,0.049270548
96108,0.038318276
61536,0.051347643
89032,0.13998415
8740,0.015479045
77380,0.009259706
35528,0.008913347
67469,0.05756386
47584,0.0069712116
138657,0.04278979
68599,0.57172656
35227,0.33684826
123303,0.025876379
31100,0.024674827
65259,0.008096498
27564,0.87017787
18483,0.057776283
100037,0.013588643
40040,0.00736295
148092,0.088039145
106603,0.008009084
82675,0.043375235
73460,0.1452578
146871,0.3818973
128419,0.026673025
55385,0.011970135
78753,0.02417235
49399,0.017244006
50111,0.04747347
85939,0.17309736
20739,0.046611372
118685,0.006392172
47797,0.013611467
86126,0.019204462
114467,0.00922581
62583,0.009756634
108308,0.016867103
58078,0.019607905
136462,0.4185943
68541,0.015158913
25670,0.011355605
103018,0.10504936
61227,0.02354495
69686,0.057875574
64597,0.08655311
24973,0.27041757
75599,0.008807723
25382,0.036225475
131313,0.020800406
123050,0.0123490915
30053,0.021662204
114067,0.031214843
69312,0.015321167
140423,0.011764652
84655,0.015394608
84020,0.018999875
137527,0.10276971
88002,0.012828423
38861,0.20478292
106133,0.04714087
17756,0.016371604
141915,0.008314748
80927,0.08434977
62541,0.63175404
60963,0.1064213
1649,0.09381895
10536,0.2875133
111338,0.0783234
4054,0.010934816
33474,0.03272232
78122,0.09304185
23914,0.016872227
88788,0.033243008
13894,0.41457254
27610,0.062414303
19454,0.008560483
134331,0.043320302
90937,0.029141799
117568,0.17283683
19398,0.034209743
3986,0.0139237
77215,0.6792515
39322,0.1875881
72059,0.030458316
8439,0.014888499
120207,0.046625745
86193,0.009705323
149515,0.08524262
93832,0.006957487
55799,0.029368248
89758,0.07255114
137369,0.26693183
118141,0.28644937
142607,0.021502191
37890,0.013980588
129946,0.088039376
112349,0.014830814
81285,0.07149789
97660,0.050073076
37920,0.11027743
79536,0.06492432
108974,0.028357102
2357,0.030031692
3938,0.035720278
105042,0.010351178
80482,0.42244816
101426,0.0570774
14914,0.014201642
101868,0.0188821
697,0.01110284
107028,0.023659697
105375,0.60816914
108017,0.010310627
92970,0.019447535
148080,0.020503847
42676,0.011453287
127400,0.010649547
118219,0.08561501
139558,0.14072147
46404,0.3850396
89471,0.03439682
59155,0.11865714
39641,0.055125263
8581,0.009507849
61817,0.033509735
21232,0.34503567
149237,0.010228712
47946,0.014330038
64122,0.0075880317
110444,0.08212008
130028,0.13313507
73239,0.13695133
135645,0.11794515
122798,0.24126238
119416,0.097193755
97992,0.009794165
102348,0.15840246
133535,0.07665668
105436,0.017337635
130341,0.0083047245
8974,0.040530622
101912,0.009961979
130448,0.07016993
33491,0.008902068
10437,0.06523473
69910,0.03953876
49047,0.042624556
13782,0.044686947
93691,0.020165708
74620,0.057973802
44906,0.03235722
139424,0.009486708
144147,0.008078402
145469,0.044164214
129294,0.06810775
2443,0.07734368
149349,0.009708691
135083,0.012736887
101646,0.016855799
142528,0.108797655
104822,0.005719276
41945,0.46355355
73938,0.333183
18929,0.014253184
100239,0.010881497
85846,0.011925401
112238,0.010232145
112053,0.007912642
111516,0.11225021
77775,0.14677021
4106,0.024898874
109190,0.36658728
14179,0.0097120665
134096,0.051186584
20223,0.007115804
116112,0.012033915
88948,0.01280613
78873,0.011718987
111902,0.008543748
48875,0.40122452
108941,0.038114905
50697,0.046942588
124084,0.05077761
87558,0.01208956
21467,0.50746316
16406,0.007464112
30178,0.13129485
21002,0.016384924
93956,0.044059984
89489,0.011591252
95934,0.056348667
132279,0.010210172
65022,0.010896411
108945,0.7376006
116066,0.10992047
20607,0.02609669
128475,0.016988892
127433,0.025135603
92479,0.06885648
54271,0.052164298
30979,0.024207449
56128,0.019209942
81880,0.013178044
98890,0.08262479
49808,0.03514487
11018,0.015117688
116540,0.026877616
86105,0.012687502
1494,0.023688115
103736,0.08532549
115448,0.025791002
79174,0.017595518
62776,0.011981572
139999,0.08471133
5182,0.015997672
87261,0.08436956
116492,0.2816837
98043,0.029052008
61173,0.011413787
22901,0.013805021
88525,0.010283025
61476,0.049154717
24125,0.008199299
90119,0.010677109
146786,0.092833325
125715,0.10303392
17401,0.022310434
44747,0.020853812
80933,0.016177027
91375,0.015945282
109658,0.08544411
123042,0.010744864
81046,0.02837672
148805,0.012577444
80255,0.020679945
119417,0.008636523
33194,0.014043871
72045,0.4661053
34030,0.01873166
14877,0.0078185145
97585,0.014613102
562,0.020109978
122425,0.009813741
9126,0.0124648465
65629,0.02064422
69301,0.08710767
90961,0.013608438
41448,0.051057503
36274,0.015300404
124380,0.08845409
126590,0.009762339
132399,0.014147132
9118,0.007457272
253,0.010101138
11327,0.043949656
69833,0.14733791
49541,0.04969241
90281,0.042615827
42835,0.028146783
100878,0.72367144
132099,0.6546026
101941,0.09937535
6452,0.00849005
107340,0.054464493
5693,0.5369315
21589,0.035541218
86132,0.012473589
130861,0.07577378
110042,0.032573264
52482,0.019452367
15503,0.010151784
109433,0.009821449
5126,0.06190033
75711,0.011194398
52687,0.018606054
124515,0.04717437
128477,0.18692409
113115,0.013846273
75375,0.026881602
39075,0.021910826
6369,0.011650677
108656,0.060851656
45860,0.27554485
73692,0.007793564
94773,0.012677984
48475,0.071837105
101082,0.11897838
101983,0.03258585
27706,0.020566337
93747,0.011988596
23813,0.020727796
42820,0.013119857
80210,0.0863572
149200,0.028059933
114312,0.0077678794
44543,0.065569066
12580,0.23511206
139484,0.1695535
95482,0.012268599
97097,0.034411903
11092,0.17324917
68837,0.18917847
145271,0.012924068
120918,0.01312011
120528,0.18440998
121698,0.016577173
65653,0.009517549
29107,0.04746282
23489,0.011405563
68334,0.034035753
26080,0.021958359
114890,0.1868549
26526,0.015677411
25839,0.022199823
42134,0.17812806
19044,0.0099442415
32244,0.14630112
87759,0.07832746
140439,0.09542826
72279,0.10826982
65315,0.032827735
101193,0.018456206
64504,0.07608882
74561,0.02300778
146983,0.0073542176
27093,0.0072890813
117055,0.016335707
48688,0.041635755
46883,0.0117583675
22024,0.0066171726
7860,0.038739517
120578,0.5372558
26982,0.10063476
60472,0.15202476
132608,0.059034932
129052,0.0129002435
116414,0.29202497
99382,0.03584608
39043,0.008942286
132752,0.009272402
12043,0.21891078
83356,0.01306924
67250,0.1309379
144243,0.08299166
21918,0.02761868
89159,0.012158562
137764,0.019311232
33770,0.50197107
142226,0.027218562
40061,0.03884666
137731,0.026263017
42637,0.35539523
13592,0.04290647
78910,0.08699277
55495,0.010253338
20527,0.032919027
10037,0.3907274
134324,0.021897245
69961,0.022704093
133894,0.029386496
13527,0.47635654
47869,0.45833847
77842,0.010602424
149150,0.010739275
25143,0.39551455
23022,0.074654885
15405,0.06942964
58934,0.007136867
64443,0.014133133
144943,0.023664588
66782,0.009886795
15218,0.022109829
37554,0.012980652
112055,0.036917653
40270,0.007256616
110281,0.020120632
45357,0.02379825
144572,0.022123555
26965,0.09247232
34840,0.036716606
108896,0.33008245
3137,0.014171153
106887,0.79819494
132639,0.0069866804
131625,0.02261098
54730,0.019277543
114731,0.044933036
77845,0.018704088
42249,0.040499825
95386,0.016810557
9099,0.025384013
15475,0.009311931
28630,0.0624794
127326,0.013309026
47083,0.04027213
74802,0.018479498
123250,0.11386946
72053,0.012059141
40649,0.0070571997
39950,0.71522146
99244,0.08632417
121071,0.015445697
2003,0.043258313
16720,0.012259294
66254,0.010479449
113695,0.13708483
122597,0.16741596
47332,0.01353679
55328,0.0077703977
72854,0.01598347
125524,0.034909833
97859,0.008167864
146838,0.013909964
31318,0.08610389
42376,0.0098427115
136942,0.012090557
27319,0.013302373
61429,0.10567051
50666,0.008282232
63735,0.015361324
29262,0.038837563
104947,0.01275368
68197,0.15420502
61322,0.011628849
19193,0.01165434
51900,0.0075492165
102375,0.060481522
116130,0.06330265
25507,0.008078084
37876,0.011760556
124290,0.07636144
103640,0.021812744
120040,0.024564466
82921,0.04720853
144311,0.09637353
33986,0.030050082
1576,0.01383694
5061,0.01233074
101471,0.012311943
93225,0.011988494
74737,0.010711731
104260,0.19900656
48127,0.008621887
135339,0.018049398
99314,0.05531627
122326,0.19930047
96653,0.005741551
47119,0.033626497
148651,0.013105172
143228,0.09552942
15233,0.02607482
111770,0.02977544
60216,0.24500299
77157,0.066845454
133732,0.1468769
69888,0.062755965
13160,0.048634063
28488,0.011422376
113819,0.02369373
133443,0.03881814
120062,0.029433994
85033,0.19103627
77476,0.015583062
92458,0.33908206
26272,0.01175732
41790,0.03640263
43088,0.06424403
26594,0.010487468
97524,0.008063925
39457,0.006594477
54530,0.10685502
32793,0.019710692
82165,0.008219417
119941,0.48604575
138398,0.026940085
142298,0.100194715
65222,0.0061421627
7721,0.055648737
3453,0.05130114
63127,0.023884788
96261,0.011704791
59138,0.2610462
149049,0.0139712375
28915,0.010870576
72105,0.19130068
450,0.023765841
18331,0.0904751
25541,0.027485307
122178,0.048994422
31609,0.03987216
34239,0.014445267
40710,0.053749125
26394,0.32628766
80520,0.034630172
49403,0.012644907
46967,0.016183933
69489,0.00860739
106402,0.010900121
66716,0.04347594
116804,0.010804481
148662,0.04500206
114678,0.017372075
27078,0.022447502
90461,0.022516724
32864,0.013883846
38214,0.011107684
107269,0.01339312
98249,0.03778374
72527,0.46529415
66883,0.018457456
6030,0.0059636147
29351,0.019970132
130364,0.2188768
138234,0.006361382
11497,0.014067984
3370,0.007899728
56261,0.007931771
72114,0.039287023
79194,0.00863385
21077,0.023604855
26260,0.012162652
61213,0.016144076
55089,0.015839333
76996,0.062023897
28067,0.018837634
120520,0.010318234
72874,0.008322092
48944,0.008065222
51445,0.16767149
10241,0.011134633
94040,0.077520914
5217,0.011559893
64887,0.013249035
94784,0.014830164
149181,0.039948348
90539,0.05203299
44096,0.38527012
40976,0.055697296
15812,0.007351385
120783,0.011298035
83713,0.012428074
96139,0.009312032
79693,0.010572055
57484,0.013842295
7143,0.5047062
118856,0.028157547
70607,0.035747807
124356,0.010915031
146854,0.02028264
135440,0.014716758
12839,0.0115165105
43240,0.015088338
70141,0.016219938
39439,0.02955327
98883,0.007152067
140831,0.017067222
26532,0.04606059
50442,0.0071003633
56900,0.007954948
2594,0.05221016
86345,0.24836002
44944,0.025319178
3001,0.09064729
34942,0.09956003
6474,0.012185445
74832,0.009782066
82266,0.010124947
35393,0.0179028
102843,0.022033293
25369,0.016377565
21233,0.085116796
107621,0.20500584
112610,0.0068472074
871,0.027486913
56284,0.012440318
58911,0.069726974
97392,0.014926802
972,0.02430594
89089,0.4571586
34172,0.0071148607
105282,0.013331036
33330,0.012173514
68099,0.009757533
138412,0.06541262
30519,0.5339125
58765,0.14317112
25987,0.011709685
21463,0.012796445
86388,0.70602584
144945,0.0153362015
113782,0.015834583
55275,0.13036144
76746,0.44974956
81812,0.024549102
32979,0.13916458
1088,0.007980159
146977,0.022133838
120705,0.081949055
126872,0.010336676
39786,0.020074265
117386,0.02216866
98563,0.009379232
29089,0.014421565
28744,0.014977945
24757,0.012746977
89325,0.020808619
129385,0.0121821165
108151,0.065330476
23386,0.012738524
74470,0.011206448
41108,0.19296126
122159,0.46375018
77146,0.015849296
137921,0.09559272
54676,0.04148017
64605,0.017665867
125460,0.013049334
53396,0.10508326
26429,0.012461607
132655,0.010443968
140762,0.006199385
85047,0.077235304
121327,0.010522977
111922,0.011111293
5153,0.10962551
17971,0.04555593
117754,0.013391016
31138,0.008932331
45651,0.0071800593
133220,0.013014265
6686,0.027504902
134795,0.026669515
81030,0.010718434
9622,0.02530613
147971,0.054464627
37039,0.028105734
104906,0.011455798
31618,0.021797916
68877,0.009707285
137652,0.006718224
90610,0.012621532
43632,0.06167148
32428,0.015372312
69640,0.12723215
103003,0.10637799
71376,0.0062589343
77608,0.019530037
47582,0.017816227
71771,0.09852674
141483,0.012185871
31357,0.6071175
11545,0.06330356
24220,0.011295618
125465,0.011930532
75569,0.11867331
46921,0.037515316
107460,0.009199694
80321,0.06330306
7220,0.010513593
134962,0.016000263
6931,0.049764663
54731,0.07104194
114107,0.058729067
90554,0.4290906
138587,0.033900257
99322,0.01143418
7025,0.033349786
15533,0.03439019
20981,0.018357351
90336,0.088812575
50721,0.048211638
78302,0.01395348
103588,0.019778335
78228,0.13943382
38315,0.22607425
66997,0.013410799
106688,0.08785486
15711,0.02986798
112939,0.22509669
132725,0.039175637
24879,0.021986261
23457,0.13182674
139275,0.010080875
105969,0.0137315905
76663,0.083293885
10533,0.40188083
23857,0.057055052
33450,0.047033485
117736,0.008885042
137050,0.01668874
62977,0.01875039
144116,0.10855341
112473,0.013196629
1506,0.018693818
148176,0.0523004
62245,0.19007908
126887,0.039649922
101891,0.069392726
113468,0.0059360666
64893,0.010943256
10066,0.032486152
143587,0.108448
97323,0.032482255
86120,0.006605304
53900,0.007873994
95658,0.0718722
145454,0.08747079
148724,0.013805618
48473,0.3557802
132926,0.055199783
142164,0.011426411
115160,0.5943872
18360,0.014099985
54436,0.28019878
109831,0.0071211252
103263,0.11712269
53421,0.105946146
19236,0.11448411
46569,0.018189007
144089,0.249295
140740,0.03470109
30952,0.0074747237
40684,0.11464671
46027,0.007704049
6810,0.036469914
5411,0.06870118
60614,0.17669728
118713,0.0077362335
32809,0.008223188
129461,0.2640258
66830,0.1948323
11054,0.013993043
60865,0.060325548
58984,0.041330215
117136,0.0068430067
82999,0.06748751
82433,0.007694169
13495,0.0072992113
79996,0.097050086
109954,0.008229047
73199,0.019585332
29786,0.019099504
25119,0.018386997
11634,0.12388005
114624,0.009872665
72268,0.2660563
65724,0.08070226
40323,0.06386712
63714,0.011634606
108876,0.013993076
135091,0.021234114
63130,0.11067452
145771,0.017752023
108828,0.007607407
15813,0.027977336
62747,0.009619082
26742,0.09552895
10515,0.025233176
76904,0.015061023
54396,0.03571037
108981,0.011005014
127581,0.045375317
102908,0.3251903
103714,0.016959963
88313,0.0076811356
124806,0.01253437
130206,0.021721562
41987,0.013829464
143382,0.017856406
86394,0.015055988
59660,0.10935402
86544,0.014054334
5758,0.00825845
84735,0.033149175
57088,0.023639806
46690,0.017304286
125267,0.11348714
12803,0.14842544
81502,0.19331203
143221,0.11990937
94731,0.06453299
36129,0.010640702
103972,0.18809399
116111,0.01110693
129525,0.03697758
4770,0.0602773
82287,0.011254696
5802,0.013787848
117090,0.031998217
126774,0.013180649
148222,0.030932235
132676,0.027643686
29725,0.027687613
42239,0.042891074
78842,0.009821626
127766,0.011458529
143238,0.015349506
11663,0.042009998
130972,0.011371547
107729,0.010144484
79112,0.020240586
46954,0.017890397
109807,0.035234436
104667,0.03474875
8151,0.015212698
112948,0.07671215
94776,0.04900807
58188,0.017125916
88300,0.066682376
44648,0.0102370335
121267,0.03443
5545,0.13736609
145625,0.007971168
139891,0.014975996
59157,0.06911107
19179,0.012189655
135020,0.043622248
52232,0.00980985
11583,0.0074289385
84051,0.09621318
97700,0.22548145
79718,0.0146314325
71582,0.014330981
41166,0.013312389
60580,0.019933334
97157,0.7023646
52582,0.014112949
120919,0.061471395
126757,0.009778985
24686,0.019480743
22632,0.2704912
10440,0.010782171
100790,0.009676288
85098,0.009385871
4922,0.11002946
70094,0.014987847
144615,0.016823534
124186,0.060724974
41727,0.6018318
143198,0.01378119
4267,0.048991293
97293,0.0076595
122051,0.0074658813
46278,0.057806216
83704,0.010012493
2691,0.011908933
83167,0.02380164
40721,0.48571387
129371,0.01220838
37878,0.025216192
21401,0.008978086
85818,0.011448062
113781,0.01029845
119177,0.012723792
21684,0.012469532
29224,0.019393904
37271,0.025785012
91024,0.009910679
37662,0.006184391
119930,0.061801184
45534,0.08904964
73270,0.0071065994
130571,0.08597396
68223,0.012428713
19659,0.028067576
4438,0.030777164
106982,0.012993451
116841,0.18625547
30656,0.03423576
121944,0.010931124
40162,0.1893339
120179,0.05026607
76115,0.009621226
28811,0.0106102405
66773,0.030549794
68269,0.094060935
120187,0.017979793
76288,0.041115224
101038,0.024421722
133015,0.009333162
45242,0.019400084
82940,0.006963914
98141,0.035471182
68044,0.1805148
132011,0.051523365
119514,0.00849523
137624,0.119119786
18791,0.018464705
36863,0.038197994
24028,0.039508756
103779,0.008528354
73650,0.0060668914
5000,0.0228325
72458,0.018342324
129684,0.56346905
50876,0.32297996
122270,0.014367412
128996,0.089607045
16887,0.04124346
25824,0.028797388
58254,0.029712038
101325,0.055078425
141973,0.012427243
125916,0.05319031
39460,0.085011356
92631,0.018356951
135636,0.03708611
88611,0.023486909
134448,0.011400451
97085,0.06324507
85927,0.009360647
108928,0.04304791
42968,0.0059134536
91220,0.050537355
138939,0.008650583
1108,0.008440106
102773,0.015411356
89615,0.01863394
18419,0.008820155
114338,0.03434999
114075,0.27029184
60288,0.031855512
78337,0.08005006
148385,0.04299844
39416,0.013483673
45700,0.02497323
13026,0.77576834
24218,0.013076894
99575,0.3177503
15557,0.0066268593
115598,0.012603254
77183,0.028731419
126072,0.092844166
94698,0.049802627
46340,0.039023403
23989,0.00604635
38083,0.031706676
86212,0.1031159
85141,0.024514237
109751,0.013992754
86857,0.020483214
105665,0.016500568
146376,0.014299075
144416,0.013058912
77322,0.049381413
29491,0.07777291
117540,0.013126082
108782,0.0065065105
67743,0.055833343
94820,0.023576135
12299,0.034200504
132340,0.031340126
127705,0.3055176
149666,0.056794163
85654,0.037255697
109014,0.04835507
22762,0.39731956
83357,0.19821882
85907,0.009244361
141450,0.016620394
25228,0.021334857
22529,0.013817458
81168,0.012813081
28705,0.060730264
29319,0.02118067
9426,0.006640924
20090,0.078297466
113801,0.033698186
122989,0.008431515
44711,0.11628456
76102,0.018132059
108825,0.01492024
21860,0.013718538
74257,0.041096497
6412,0.011865313
78027,0.008813925
29533,0.016644774
130111,0.012194834
141341,0.04825395
30943,0.11014635
98589,0.07372736
330,0.081087925
55315,0.0066499547
87367,0.009903435
112315,0.68327487
420,0.007904273
15713,0.017641455
120324,0.0086073205
104043,0.0055677383
118189,0.01286256
11788,0.046804138
11719,0.015584174
31156,0.022113161
72460,0.0462988
129313,0.48586383
73833,0.009267164
100053,0.013368526
40388,0.014510902
123480,0.012517625
100042,0.015844038
122261,0.014086635
106850,0.025179164
25681,0.016490294
108387,0.10292007
145080,0.010644032
36864,0.049893644
39095,0.17363918
39366,0.016768893
100333,0.021282205
130956,0.041416947
148426,0.009400487
81926,0.03825777
63930,0.037062343
117092,0.006296251
97886,0.013369501
114490,0.0057768794
37417,0.012709824
37595,0.010891195
94105,0.060585827
141137,0.023091625
87622,0.020643558
110084,0.20142496
34975,0.05242158
100322,0.010364835
1646,0.011128056
116633,0.008481052
123866,0.014287681
125733,0.30171642
84827,0.008906197
63507,0.15341112
69764,0.04721019
117021,0.07210804
21276,0.13545612
122473,0.014944923
89267,0.028292883
139241,0.006775807
12230,0.0125253005
133059,0.08883046
42682,0.076752335
137305,0.089222886
56601,0.019259714
34748,0.10115772
57027,0.6829613
116574,0.015238199
109297,0.03636008
30955,0.008107565
142373,0.056780767
132453,0.08589873
33454,0.011064879
47665,0.0063597695
86625,0.032334283
8666,0.03486536
98323,0.0077148248
19293,0.027999783
143017,0.012562109
103655,0.17878893
53490,0.02790705
91192,0.10305121
137487,0.010429995
13949,0.015986582
85374,0.069006994
949,0.020223536
92016,0.051734615
120395,0.007695589
69528,0.006966378
119324,0.021944892
93442,0.013444436
35191,0.007818075
89870,0.084631115
103605,0.02398177
144570,0.0126507785
145458,0.03845384
12046,0.014012637
70575,0.019762704
36177,0.04820891
111683,0.023083402
107634,0.010481968
142882,0.6995232
40834,0.01674033
13023,0.011227873
68304,0.020408973
83897,0.014922729
22350,0.3342624
111747,0.051332872
118677,0.017757079
91473,0.0681085
72381,0.009641585
8099,0.0103426
12789,0.30027258
118239,0.11384299
76553,0.097048305
12974,0.29214376
113523,0.017953148
48904,0.025941227
149672,0.010986875
25597,0.014088185
113482,0.013138089
68470,0.07938648
50635,0.014881701
6859,0.01949598
74818,0.018017558
102388,0.30900806
33526,0.032472104
114219,0.080612004
90505,0.013333519
84656,0.35158533
35758,0.043386675
22417,0.0105692465
93772,0.050013512
93625,0.03658665
99951,0.031031221
72912,0.017017625
80157,0.008653733
45789,0.025067497
50939,0.011131593
129402,0.18353401
27149,0.060023908
97657,0.008892784
89137,0.015038921
45604,0.014554307
66356,0.16589464
82924,0.012324051
45263,0.011473074
126285,0.010378314
72974,0.042239215
16819,0.13082832
77245,0.012917463
35987,0.061112233
76668,0.011233348
119521,0.103949435
65227,0.011567659
121610,0.023371547
93035,0.09173503
41553,0.35824814
126730,0.05895548
39019,0.024407314
42665,0.016807862
84346,0.051735412
69067,0.011489271
22622,0.012744774
43458,0.079657614
2459,0.046213817
44557,0.011405697
133288,0.012877626
118077,0.012498995
140000,0.014065995
149060,0.100548245
149042,0.02814184
81497,0.13172628
10951,0.016657798
30820,0.010626476
114614,0.006255602
75607,0.013965556
90735,0.0443964
149445,0.01276144
125592,0.09492301
27119,0.012359286
149475,0.0077180625
48571,0.76844895
116415,0.2801481
13208,0.010318102
52322,0.01980376
72182,0.018664934
61899,0.10477131
75206,0.008651087
17815,0.037644386
133898,0.037739977
22565,0.0065851226
137566,0.038453434
124033,0.011199154
633,0.015138426
61179,0.03518704
140483,0.042377707
21187,0.3054074
55081,0.026691092
87002,0.17221643
47629,0.02133864
132057,0.47111768
102258,0.11281917
146631,0.0075868396
7100,0.17417043
50155,0.011142611
141891,0.020903394
68696,0.010016899
94557,0.061390325
101806,0.5099137
44702,0.0067398003
122349,0.021832395
131492,0.019814769
142477,0.040319663
125908,0.6374977
13140,0.076856196
146047,0.25898716
55079,0.0077867485
124258,0.096795715
110912,0.040137988
62736,0.01043414
147317,0.08745131
137459,0.068381615
10607,0.012455341
20892,0.01059163
2456,0.019922936
1220,0.026087264
137353,0.09379858
27215,0.015532
16982,0.26287836
50822,0.011852613
71523,0.0057566673
83284,0.026976358
143114,0.015449353
146597,0.04521196
23209,0.018092914
84494,0.03817191
48816,0.030806351
62836,0.006219259
68411,0.010792171
73644,0.06590112
50337,0.011643525
143288,0.12950623
82265,0.022350919
107188,0.09667988
51548,0.29862306
53907,0.048315782
15632,0.033977985
83574,0.015368026
126133,0.029365376
94177,0.26640445
36424,0.10082864
86562,0.3311927
141155,0.012717504
4626,0.038473416
50765,0.0147213
66885,0.059079066
94756,0.0102363285
31980,0.04594872
104184,0.02448392
149388,0.006923327
113562,0.008717374
73555,0.016373264
107878,0.060702432
13118,0.009097366
17053,0.3352675
57136,0.049004637
131467,0.011773032
7150,0.07572811
135359,0.042225715
134246,0.34388775
46082,0.039938577
88829,0.01970439
71513,0.02267568
33509,0.02106361
57866,0.022211246
37678,0.013360383
115024,0.0303558
146687,0.009670107
131482,0.024864292
31542,0.44915348
49053,0.100602224
127692,0.0122941425
13189,0.0078256205
25433,0.05792022
64552,0.021045003
96154,0.03144473
64381,0.013871029
44738,0.011728097
90888,0.011331379
112134,0.016183933
6320,0.0125228595
38673,0.021916702
55457,0.051846277
115581,0.017242413
35578,0.08512221
32279,0.044145662
100735,0.011969898
133647,0.08845149
16909,0.008943558
122651,0.010920221
117327,0.034004383
117489,0.019396698
70483,0.0069174087
89505,0.043793004
149625,0.6282456
130763,0.06696513
10267,0.021549439
56799,0.09605134
57071,0.019945083
80829,0.010581051
108201,0.120393805
60736,0.13313445
95655,0.021352505
87881,0.011215244
67082,0.06698473
69097,0.08150385
13127,0.012867969
109472,0.5304972
30278,0.022836022
47204,0.69183946
41486,0.0060313465
75479,0.011259972
67261,0.00970568
69865,0.033846747
94268,0.007862288
98990,0.040930968
111145,0.078692995
124447,0.02197496
80218,0.08940505
135438,0.040623374
99730,0.04722773
123756,0.013761942
19136,0.006126572
86308,0.028992
118468,0.035803083
86571,0.047129586
79899,0.012336983
43639,0.020833282
119763,0.008742797
66003,0.008709354
108263,0.01309516
138836,0.024803149
106552,0.013599231
68462,0.32704267
31176,0.014822154
38305,0.015700841
114420,0.10510711
37930,0.0075188247
121329,0.096481726
17982,0.1591092
85451,0.07011035
147946,0.078962535
58045,0.3319834
72069,0.018362073
13111,0.09929555
115673,0.07825895
138488,0.012492311
52568,0.16710874
18619,0.026551813
112253,0.019072691
92554,0.017960448
130122,0.42471156
27881,0.008428888
121288,0.027538463
101447,0.014102233
87756,0.07480065
42573,0.0132876905
46415,0.009172768
33654,0.00843758
82888,0.059658926
15597,0.03813456
11224,0.025335534
72965,0.0080769565
78297,0.093614705
73994,0.014766332
4566,0.046359353
78519,0.008888482
129837,0.025202999
40993,0.02200803
28006,0.012107701
107291,0.02471178
33674,0.14727184
62340,0.010825692
38844,0.1198298
56505,0.029915638
147075,0.012439363
40911,0.009204981
30569,0.14385311
45304,0.081837215
127028,0.07445773
19917,0.017658437
105210,0.0060172672
2048,0.44990885
76741,0.013434093
46599,0.0062067755
131050,0.007577632
91213,0.05237654
126270,0.74959326
3769,0.013887849
57156,0.010663734
44864,0.5372471
71012,0.38790232
110073,0.07027666
108980,0.010935321
36914,0.009034959
113579,0.39946398
129164,0.03194278
48858,0.26126212
105515,0.07923448
97544,0.0116398875
74995,0.007822363
100131,0.0428982
48917,0.024090432
116850,0.08187445
25266,0.018150752
1329,0.0075274156
142077,0.047119852
143450,0.0068825516
92831,0.102301426
28935,0.013903308
2194,0.043829918
21172,0.0074037714
40896,0.045471273
127529,0.09849191
62209,0.011575426
47251,0.024634568
147981,0.028009208
116020,0.08304465
62060,0.05611691
10613,0.01587643
40331,0.015175438
25584,0.014417201
123192,0.019000087
124301,0.061397284
68194,0.010849058
53100,0.007200865
86995,0.0078415265
118638,0.0105840275
130746,0.016684689
125435,0.0075093443
28957,0.14391764
119808,0.021378152
77402,0.25891963
28348,0.089252666
51458,0.072295405
140499,0.103006095
135058,0.006137502
20950,0.22283818
78991,0.18595015
94321,0.2309881
5464,0.0147924805
35696,0.07602939
117738,0.6079658
39768,0.016240243
106148,0.015378772
3829,0.007112594
141641,0.053320684
101362,0.015062127
71589,0.029139781
30436,0.018525084
141567,0.009015337
78436,0.022033343
81703,0.014439449
81506,0.046541136
12098,0.011062797
137903,0.17999384
21126,0.03022613
110456,0.01169074
95751,0.1608364
70058,0.025354832
123525,0.022669591
115246,0.115012966
27370,0.044287894
108425,0.10484001
22680,0.01083479
125952,0.017840197
73449,0.06660206
97117,0.017764075
102198,0.021012088
142162,0.035037607
7576,0.04779993
43696,0.044523124
75543,0.011751426
2065,0.015956284
90913,0.0060387524
45460,0.019625418
19720,0.013045878
72367,0.026037855
95734,0.2556729
77148,0.0346211
80378,0.028009035
88034,0.018734334
29048,0.017506678
120922,0.031338137
78888,0.07392918
32243,0.010631566
10421,0.040324233
60707,0.058724463
56574,0.056044392
129167,0.02231616
38846,0.019917931
59535,0.006325795
87856,0.07128571
83112,0.33372813
149009,0.024452249
131235,0.06694784
19734,0.0064877807
93027,0.011049127
18682,0.03563474
88827,0.0075889146
63986,0.031957936
49949,0.101839684
143742,0.006703828
99875,0.009190441
105784,0.016936455
109172,0.0058842
36770,0.03329361
40418,0.019229515
134660,0.023092529
42957,0.01671069
34927,0.011195416
127431,0.010410327
9087,0.012741684
33852,0.042679414
17083,0.007518348
3789,0.012149025
3118,0.037893895
19412,0.010137538
93404,0.023707509
73897,0.09972362
37187,0.17275691
70235,0.011008779
148051,0.082732886
86563,0.019451618
64853,0.10809656
61752,0.2999768
59987,0.23599365
101497,0.02027927
2013,0.029331617
36749,0.037571773
52412,0.007542888
71840,0.03767455
108631,0.3754366
113086,0.52650654
118864,0.03502624
148608,0.011841135
31396,0.063889034
5220,0.08797594
109652,0.0085202325
124923,0.27436864
32052,0.010063897
122967,0.047499772
89871,0.008837601
67607,0.081397526
28445,0.02178165
60732,0.018749697
53253,0.012848353
143704,0.008126327
97849,0.019573703
143798,0.23365961
98876,0.17886071
96710,0.52229565
40257,0.04569248
30534,0.006480427
120779,0.16356725
35108,0.020851145
106409,0.0746031
2932,0.035643138
79809,0.048279118
68154,0.01003738
90675,0.33109742
80748,0.05355381
1570,0.011168859
84135,0.018055238
82515,0.013898718
133192,0.008397391
37197,0.0075560506
130035,0.009824464
129357,0.006378758
17730,0.02465938
56270,0.08107015
97867,0.024944708
144628,0.15358545
71671,0.0064615095
105670,0.062013317
65552,0.008959395
37704,0.04768338
17483,0.11698781
90679,0.008734416
89959,0.011791693
2059,0.022896634
87789,0.3136484
53217,0.10811194
124834,0.069107145
77441,0.02346305
74868,0.052882336
69126,0.0059501696
127917,0.55793065
57,0.07130582
104375,0.16377622
56884,0.020653086
143689,0.035481606
142131,0.0124465
86121,0.042588968
143474,0.0064819837
75297,0.014598669
88037,0.007890749
50933,0.014617147
17279,0.07424728
102169,0.09647461
114210,0.011673959
108278,0.0075600604
143074,0.010998939
16915,0.055643592
120269,0.010480127
124533,0.41294232
116844,0.006504454
108626,0.010650461
131587,0.082411505
54066,0.009207934
127290,0.0075519355
36870,0.010857519
107863,0.03159297
135803,0.019899491
58561,0.013609309
114482,0.0063432693
127563,0.035909597
11223,0.16483875
28937,0.05415503
8145,0.04459478
78896,0.018894952
69387,0.132994
119180,0.01307068
9535,0.01302049
212,0.29881662
36554,0.007491433
114765,0.006213161
54793,0.008572422
13306,0.00976737
100643,0.03785603
68087,0.007090568
132795,0.026952635
58473,0.0067860163
60409,0.02091456
55805,0.013099467
90882,0.11994015
65016,0.048768524
22442,0.009578489
127815,0.013976921
137180,0.06866809
143179,0.7090887
114,0.008905911
72064,0.04021932
80442,0.015142927
36161,0.0077522863
6548,0.007908635
139849,0.028260676
103870,0.03732908
57115,0.19961415
83776,0.06382021
58439,0.15592583
62034,0.06479613
62086,0.29212892
120148,0.6603945
106227,0.009503948
47863,0.048687384
34397,0.02404785
32919,0.014355316
53358,0.010146577
83725,0.1944478
112993,0.011487377
112830,0.013338709
135422,0.015139058
134958,0.03796051
110784,0.084766254
102374,0.040953774
57891,0.0815348
10640,0.013329976
13872,0.009086879
64812,0.00985623
58116,0.041548423
77674,0.011847168
84791,0.061054833
95678,0.016639085
105635,0.33152547
3120,0.5282597
147028,0.014444058
33191,0.089448966
83492,0.026716882
27659,0.01637721
36349,0.00644938
5224,0.06528066
134012,0.095912315
61380,0.043931536
36631,0.011409413
128939,0.008779333
130609,0.009991397
69952,0.010733658
61707,0.11078835
21045,0.0501835
25647,0.02928065
30949,0.008176684
119059,0.01857935
20331,0.017467566
82841,0.016412744
34078,0.01041024
32068,0.29572907
15874,0.020814454
116836,0.04061414
8876,0.44108447
128888,0.006255602
115734,0.101384126
60700,0.014356943
92034,0.012978075
32448,0.038915228
40568,0.013540904
110237,0.17717071
130881,0.1007805
11893,0.028773652
101681,0.006138025
104701,0.21125095
86068,0.03300546
121391,0.020724805
132828,0.059439298
128172,0.013970567
124270,0.025052981
99811,0.035046518
46637,0.00784765
82557,0.015916388
18552,0.021089196
62159,0.025589237
63643,0.17398575
149007,0.011547265
45915,0.010536685
2934,0.5046797
102162,0.013393795
61185,0.12061497
125810,0.009407411
40404,0.011804055
33590,0.032453623
68592,0.026502645
82117,0.092656024
109531,0.006105835
1099,0.016634725
125405,0.08086291
1293,0.054972652
92329,0.0687671
79042,0.036930937
140393,0.41825035
3112,0.02415969
1960,0.009761681
34771,0.02809924
141514,0.46116236
110164,0.028670657
141084,0.03248047
142099,0.036573693
97,0.17847584
9462,0.014412053
15909,0.03865135
98985,0.14204581
33188,0.012776203
122153,0.45509374
134971,0.13878296
90247,0.013321061
127948,0.020360967
56080,0.069218904
123796,0.01885121
27889,0.014757718
35515,0.008857576
79148,0.0073808185
55129,0.0062889275
66940,0.00769525
135355,0.020179223
10030,0.021329923
148069,0.007001709
19351,0.009850843
7408,0.005962001
85965,0.045860607
20672,0.018296188
61813,0.05805323
19930,0.009024991
1226,0.045373645
30989,0.34619522
74826,0.013247178
114976,0.011341036
39300,0.0077094673
12847,0.100817196
95536,0.007867147
26662,0.027492056
145376,0.6368354
40206,0.009812602
3665,0.026528468
113844,0.029156614
37511,0.02624561
105693,0.31296316
85209,0.06537995
29448,0.019890862
58707,0.009738914
102622,0.05568431
56013,0.012635093
66512,0.15930738
119191,0.047011465
5274,0.02179056
4154,0.009094675
60691,0.056831736
121364,0.007271102
22093,0.009203112
126335,0.08755462
84677,0.012076366
59501,0.037035536
103733,0.008454808
5197,0.027967151
68409,0.32391268
41640,0.014300723
17877,0.014959328
140627,0.012960214
138147,0.011360418
5832,0.012232158
4340,0.012481391
105079,0.031972386
26226,0.067496926
43305,0.031288352
18017,0.21908034
9057,0.04421531
48578,0.038717672
31112,0.5347989
144593,0.065695085
12967,0.009822985
95408,0.03063614
73315,0.046484485
94435,0.006504723
118618,0.0696099
86991,0.06438256
73447,0.08752823
26803,0.03488736
92894,0.010508778
132984,0.013704306
12897,0.0061264182
2409,0.017487489
135439,0.013315897
126429,0.0920032
130230,0.07366968
72211,0.011680221
28691,0.015181804
94294,0.08598277
140619,0.27517408
95741,0.02190355
57877,0.07037517
35906,0.009389694
100682,0.014931789
25558,0.036884826
44573,0.051760912
46152,0.26527372
132689,0.07258776
132646,0.0072359527
51757,0.121161744
123506,0.10459193
137589,0.08583159
73896,0.007564061
125308,0.050369736
6431,0.013913712
52705,0.008959543
130039,0.08528564
2555,0.023380324
121910,0.012314791
129330,0.01255061
78850,0.30661955
2717,0.014691156
96076,0.24460928
63780,0.023114095
2613,0.046709437
48453,0.0153010795
59999,0.16053341
141412,0.0097002275
1512,0.44033805
110648,0.029913517
10111,0.08477978
134311,0.07722805
62555,0.008424466
130998,0.014415887
17710,0.022976952
84747,0.22325523
133235,0.38970807
18723,0.088242345
31843,0.006333773
133116,0.025042042
11307,0.027825372
120328,0.010814132
113593,0.027622607
129734,0.023514746
91696,0.1249814
103660,0.043081254
88004,0.007817971
26811,0.011974095
121813,0.07657147
83100,0.016876223
43544,0.07588143
23153,0.44283321
5717,0.071609534
129187,0.024520818
123109,0.08567153
122018,0.054112963
33890,0.09945541
73846,0.02054777
66723,0.058627397
133431,0.0388534
8995,0.007772493
104087,0.03244333
58241,0.012427946
62808,0.028156457
39024,0.020101955
126702,0.48881128
39881,0.015719488
15341,0.03316359
76601,0.012604808
118291,0.064860836
115801,0.5256752
140375,0.13448124
123954,0.012761777
9680,0.015587094
24799,0.18989138
14267,0.013969649
8674,0.042468578
6200,0.039062753
145050,0.085548125
2899,0.27507037
93125,0.019015862
142306,0.05184787
10918,0.03662187
32640,0.032601856
69340,0.11048582
75809,0.01206629
55640,0.02983225
71701,0.014513288
2289,0.0053637135
60367,0.021646207
125264,0.29750216
78518,0.023784667
51529,0.04703336
80601,0.051685873
111446,0.064934544
123504,0.013775657
116466,0.011744716
129736,0.06652196
73792,0.0075533083
49086,0.024796095
110230,0.008549455
123330,0.2875104
34247,0.6421995
29763,0.014055867
91671,0.13503459
22091,0.23079866
21238,0.019615896
65948,0.025868068
107094,0.08808316
27755,0.04848232
1723,0.014495091
105566,0.009838826
116439,0.013884603
113690,0.007835511
141347,0.011482001
125448,0.015906826
109310,0.015884798
143959,0.0060985275
143085,0.016083999
28200,0.08034225
120186,0.018336091
103281,0.010489527
89434,0.013639676
14358,0.0813268
28182,0.012689635
66837,0.08511917
48754,0.013909296
85649,0.019208787
131031,0.34590188
142564,0.0067263492
16603,0.078163706
79449,0.027632078
19337,0.049298916
58289,0.015806392
67651,0.055478472
35908,0.009832957
58691,0.078767754
111692,0.009343551
9104,0.03227279
60382,0.013244996
7483,0.01485905
47375,0.16636562
119034,0.045071054
112142,0.006480838
60579,0.009081446
122374,0.11630073
82990,0.011894739
120879,0.015319627
112072,0.017161213
116036,0.0103330035
57041,0.01385612
7093,0.01522138
6612,0.008563123
44013,0.011720098
28757,0.021150608
25305,0.025049128
134447,0.013666538
1686,0.011457649
47772,0.22071005
92349,0.030963581
17115,0.3889208
74831,0.015656872
127209,0.013569168
58730,0.0130335055
130597,0.023533832
32359,0.08076209
21675,0.21225344
125316,0.0092723835
112979,0.0563582
3184,0.009964402
89794,0.00622438
70581,0.062247008
137532,0.048554443
132561,0.016988646
87132,0.021110868
30730,0.082180314
92904,0.22459729
89265,0.11184378
21966,0.008666448
94325,0.07518467
101161,0.041460473
138739,0.15005946
69280,0.035981048
53588,0.011739051
126877,0.020150403
92801,0.021923076
51353,0.008964947
124962,0.28299904
47950,0.079870045
102504,0.12163399
54150,0.31755558
2628,0.016452806
51583,0.010755914
75219,0.015816297
3223,0.06695206
81280,0.008459062
84240,0.0067223203
6677,0.007419153
28678,0.009931808
38735,0.007280167
100199,0.013075805
141684,0.026881414
41282,0.059236154
69378,0.013080058
111560,0.020686125
53586,0.023513224
65519,0.15367073
7040,0.023664664
110617,0.025036564
104413,0.011553607
9599,0.03106478
61818,0.025381489
92149,0.040056854
23154,0.008200753
92678,0.0068196645
61857,0.07091559
145112,0.00895909
32414,0.019670598
97709,0.10641247
131707,0.0926414
104066,0.009781239
147379,0.015877621
81745,0.011601238
21743,0.011001735
106517,0.0078048697
130181,0.017763052
147343,0.0109169865
141944,0.047057044
95221,0.054196555
41423,0.05817426
136581,0.03496526
12139,0.017018877
29841,0.015349269
12515,0.019075215
27152,0.031249873
41081,0.03021827
133721,0.0056684725
9787,0.04709739
114612,0.013999518
26957,0.0091635855
16065,0.033217702
131827,0.010619705
48775,0.014943463
145528,0.08786799
87677,0.011268416
44650,0.078885056
7230,0.028524067
136658,0.011812932
45882,0.022415094
79994,0.112370886
93180,0.01977047
28329,0.013162012
144728,0.017128749
42907,0.098718256
7778,0.0819367
84223,0.39972967
9952,0.0289945
107660,0.048863254
76989,0.04310177
92480,0.026912373
131152,0.30466717
56640,0.09737604
112443,0.01287035
69321,0.010908279
46735,0.0120958835
148380,0.05879198
103528,0.015201065
57232,0.017231153
98679,0.009280895
114800,0.0070068897
139962,0.5006931
41606,0.46467543
29881,0.012694834
55249,0.02126836
75918,0.009039916
137626,0.031335965
15851,0.010140472
53014,0.016217403
93167,0.011109575
56961,0.016465914
116302,0.017464366
29345,0.009134934
61098,0.009974186
67846,0.030696666
121709,0.14682484
31913,0.012747438
120591,0.2097919
26717,0.016755886
122831,0.0068994
23910,0.020225886
58230,0.006128361
117247,0.012916296
44704,0.0141372075
117022,0.010185323
28802,0.011102714
12748,0.056816455
9328,0.01173987
146907,0.1039127
103709,0.017088793
143316,0.0071690953
93417,0.016214695
140650,0.50969976
74526,0.37366474
20650,0.008915832
119639,0.12250787
120178,0.0072790263
124394,0.006679499
14362,0.23898743
85878,0.013842869
53364,0.07961258
86153,0.0065357685
118775,0.0087025855
108952,0.01294359
12865,0.03444221
2854,0.014179876
33411,0.0722753
107926,0.0071221264
110825,0.03885008
84143,0.019133197
108745,0.04092456
146211,0.088473216
134588,0.047904704
39,0.04246804
106074,0.009209797
113098,0.028838549
72373,0.016964225
43610,0.018176949
140506,0.011463846
88419,0.03165873
38667,0.2680791
100780,0.01833015
107215,0.014530048
70876,0.012389881
55416,0.14613935
84833,0.0067838407
2510,0.08800291
35601,0.039990433
149417,0.008994894
3016,0.07934999
108736,0.011082566
134110,0.025335727
113744,0.012886705
79620,0.016423209
116902,0.79992384
147894,0.038946584
32363,0.0175466
92998,0.0778666
99620,0.07869572
49559,0.0131518515
109254,0.005927837
108052,0.12829402
115532,0.01924372
29286,0.10547041
8350,0.14393073
84973,0.03862676
66758,0.014095816
66400,0.0077487365
72083,0.006510768
21586,0.037777487
75947,0.41732025
72106,0.007915495
145365,0.06911795
109610,0.018445898
122037,0.06560597
110103,0.01746457
96734,0.1969536
101496,0.0060909884
78544,0.10418547
44956,0.008908605
141697,0.0071568876
25344,0.040998466
112551,0.0067026406
137490,0.009226916
89369,0.01581238
79896,0.022135638
87836,0.012392611
130545,0.032358684
6416,0.011314181
80438,0.011408245
100859,0.023984965
91033,0.033342794
105937,0.01442347
82417,0.038897578
44297,0.050676785
54144,0.022300325
139341,0.011974388
115402,0.08052683
28835,0.040447563
115261,0.110640705
76229,0.010799901
93590,0.009011856
57198,0.012753669
53434,0.018970886
129683,0.15389149
66931,0.05258044
146306,0.008961533
21017,0.41974777
53584,0.05155308
78237,0.012558739
36117,0.15336299
32677,0.0322376
2429,0.18665674
117841,0.006580211
60935,0.01069352
103273,0.006887077
69324,0.022864979
118687,0.06219657
103614,0.011166879
142741,0.059357177
121492,0.012039342
55543,0.017325886
46597,0.17359701
137057,0.007642326
109235,0.0063236193
16786,0.079928875
132935,0.01305025
113409,0.065213315
129232,0.06773174
79186,0.0517694
74026,0.031158581
13912,0.028710755
128148,0.08881892
95145,0.04750752
128625,0.537492
71813,0.1339411
92014,0.017249243
133131,0.07896331
124825,0.016647147
96274,0.03536595
65060,0.017477872
126996,0.06089433
53478,0.014081239
140008,0.037964296
72885,0.20457561
73122,0.2391392
106061,0.5797936
148095,0.008432918
58751,0.12927134
39073,0.032010116
57110,0.007933012
125221,0.02998235
84964,0.017998725
94585,0.0057116966
88971,0.01291006
21850,0.038153127
134450,0.11212896
2924,0.17146158
53917,0.09430842
68919,0.0073589156
127404,0.6285137
108668,0.0065991306
148025,0.0107809715
15652,0.652412
11141,0.09684215
116536,0.0475478
75408,0.03704186
64612,0.040630724
14818,0.009603445
122645,0.008332897
95442,0.0067373207
96087,0.010950779
937,0.031701364
36002,0.023064587
111181,0.02201947
18813,0.013081891
80047,0.11523995
57251,0.306663
148009,0.0104395775
882,0.013499521
3984,0.074770026
32024,0.017354883
23483,0.0631654
34445,0.20362775
10432,0.1322554
42921,0.31730568
16635,0.03808854
46558,0.010553789
114797,0.012321045
53118,0.014834066
131057,0.009664857
50011,0.009330407
79918,0.0072782277
7743,0.008655983
124913,0.04129296
19413,0.5431492
19798,0.013305276
67779,0.033802725
62942,0.26568255
117339,0.70445466
19127,0.0484888
61443,0.01801138
91321,0.010809313
39150,0.0856158
7964,0.018960614
67684,0.13811016
40172,0.31858295
55128,0.04785815
8166,0.017215697
27683,0.10330219
70577,0.014211619
115411,0.010361559
47768,0.037364095
144526,0.050831925
128011,0.039822627
50747,0.45758632
134766,0.017513733
9893,0.1308199
65825,0.09708563
24653,0.016179621
45014,0.07628922
141485,0.5802494
79234,0.1516123
108146,0.08402668
136408,0.013551882
51663,0.027414445
73175,0.006283968
27945,0.10661714
26573,0.7697972
20627,0.039736785
87523,0.0152619025
16739,0.009710741
141511,0.010344947
131007,0.055612553
121402,0.075139895
81543,0.008630888
101709,0.010991716
48097,0.04378284
1525,0.04585484
145850,0.007755662
57000,0.009933909
85115,0.008113277
109907,0.013231149
126332,0.079576515
32325,0.016042676
109823,0.026848802
132305,0.009928401
17603,0.008854223
80395,0.03998593
25684,0.012544093
15033,0.011789053
137236,0.0122945085
94545,0.008047674
98070,0.30105957
65535,0.55773664
60634,0.006494595
83423,0.013743296
111734,0.051638238
37613,0.011680441
11622,0.1883596
14623,0.022206277
145003,0.0073442864
33017,0.006957645
125581,0.066823445
27545,0.01718212
31981,0.016030462
93592,0.20826368
129578,0.1673796
105066,0.017128404
109504,0.028088303
56251,0.042369183
106720,0.025145134
8554,0.015170721
31664,0.008689111
122442,0.010481952
28283,0.0850353
12147,0.062155
90663,0.5310266
78080,0.0146796405
124941,0.01334996
130310,0.018825505
108057,0.012316595
145015,0.15650298
65688,0.039185815
115298,0.007866451
79655,0.71942294
17358,0.035338324
42744,0.029985022
33310,0.006585181
66799,0.10185303
50963,0.039356697
130615,0.11336915
100739,0.011664681
126073,0.037832413
40933,0.010471645
47523,0.75851196
134647,0.051449057
93984,0.014824272
128811,0.057050217
131525,0.029940868
22011,0.016178362
111944,0.010675461
127751,0.0064849234
98406,0.13021594
63905,0.029655792
111447,0.053356178
99312,0.009217367
69455,0.01375414
1769,0.007936571
58496,0.014922133
86988,0.015658349
34411,0.017549904
100769,0.0147762
136478,0.044007875
131656,0.10013586
80570,0.013457358
82357,0.013949183
30783,0.041101083
20975,0.007021896
124629,0.013197654
74963,0.013838233
136755,0.0064141606
36776,0.013672118
8509,0.018725146
24221,0.008470588
140775,0.008209752
126825,0.009926971
44921,0.0059340023
95744,0.0596616
73181,0.3855059
2421,0.35710782
134843,0.04361759
112998,0.016638055
76581,0.046897124
91538,0.055790994
76641,0.031448018
764,0.016545601
23195,0.011282025
2259,0.009408006
53441,0.010835715
77116,0.012088957
33319,0.08911431
143832,0.15608811
76339,0.106666766
12359,0.05100057
96553,0.015070441
124971,0.0070987875
60930,0.056376867
31000,0.012199602
74057,0.029390508
80271,0.0068307803
65266,0.12719525
60927,0.08216418
46710,0.0075616697
94150,0.11583721
53153,0.11975246
56756,0.0080978535
83241,0.011397737
64164,0.011837599
119352,0.010353826
108150,0.03044109
78705,0.009064708
2207,0.0072922837
126563,0.21953656
44460,0.016073363
111021,0.012855183
92272,0.01190307
85029,0.0398818
146270,0.025165895
50063,0.04845903
17073,0.10161617
119744,0.027764257
124299,0.05034121
132590,0.028234433
51371,0.010870576
115239,0.011017795
64987,0.044358715
108451,0.09537069
116359,0.008493913
102851,0.0125576025
128134,0.1033638
125563,0.0517666
16762,0.044203505
83863,0.075892255
112634,0.032909982
2712,0.016707899
61315,0.008619825
61353,0.01617462
19408,0.0143574625
98671,0.0065458072
15466,0.013804703
75307,0.013298973
55988,0.012137475
79023,0.028134169
62917,0.04641882
77758,0.05101684
47560,0.67684925
40288,0.01517499
69447,0.009983019
57280,0.039261494
17626,0.27043372
79472,0.028833978
11912,0.052318793
54475,0.36355585
129303,0.08714085
9926,0.0181648
31066,0.13469625
10973,0.014864871
13497,0.013207941
101338,0.022208579
52316,0.027756175
9311,0.012075911
140791,0.08447087
19573,0.06833909
24959,0.019060299
38430,0.07130116
81448,0.008906163
60570,0.009506156
42183,0.03970521
34831,0.014885036
30302,0.039824322
110433,0.011162957
59966,0.030983761
63247,0.47855702
102507,0.1216254
81388,0.007951196
140269,0.039236337
79751,0.05392108
55627,0.009358312
41587,0.010503111
51360,0.009075512
65606,0.015680596
1721,0.010253367
94193,0.03822069
94120,0.053017467
40466,0.035285678
108516,0.009972181
103715,0.007874035
18268,0.15031123
64627,0.0762302
73570,0.0074425265
107862,0.01005929
89243,0.019722912
5026,0.011436454
54013,0.08124369
143887,0.019291282
75267,0.33569252
66518,0.011519795
137284,0.028758017
81533,0.2248797
57896,0.015474512
146285,0.024684157
146493,0.02732202
41641,0.023042696
8489,0.08418349
19439,0.017116528
23389,0.006575503
120521,0.40091127
122063,0.0065202657
68794,0.084173255
10957,0.20055874
147172,0.009349594
81218,0.0175234
22605,0.0143855745
70914,0.012934839
68815,0.017789144
48987,0.08040509
19162,0.018287176
16175,0.01928118
128158,0.014516206
108221,0.11588511
46501,0.0077423085
34431,0.02945322
83487,0.0345756
126050,0.008696738
58084,0.019862492
139592,0.632761
24294,0.022640308
135405,0.03231721
72946,0.03657024
62403,0.009131218
40112,0.040245015
122169,0.010168751
89953,0.077524476
47588,0.04269313
56586,0.00640828
83297,0.034426853
110586,0.106525555
47159,0.010368142
140902,0.15872003
75904,0.008391754
87008,0.56207186
92256,0.015773164
24330,0.008178618
107118,0.015617134
83292,0.22390239
94378,0.11460163
95472,0.007650966
16748,0.030976288
70036,0.020688817
55620,0.02073434
95393,0.01901161
127634,0.007886308
29181,0.014595151
142618,0.0069594774
75628,0.032392967
57206,0.049746133
114350,0.012304408
85459,0.12071115
136855,0.014438133
3924,0.013535128
96726,0.26711047
100920,0.03337533
32810,0.48295712
118405,0.019438844
99939,0.0077656703
27712,0.007147694
115372,0.011743555
111123,0.014536099
71634,0.021057222
29411,0.024448955
71087,0.37787223
31857,0.025079543
13312,0.04525233
20974,0.017892107
94227,0.01855751
59283,0.014410813
17727,0.017642522
37507,0.038081642
102763,0.07835783
146488,0.0081202835
118829,0.009895527
30457,0.014925968
39058,0.11499183
107902,0.5351481
92224,0.0779942
126934,0.012726883
34984,0.5290953
42461,0.13423772
85668,0.12287766
36934,0.031286556
22731,0.0136504015
100642,0.015469899
46164,0.014789291
19295,0.011808568
37404,0.013409512
20595,0.011863574
45548,0.007489423
108892,0.010534756
67163,0.037245225
130001,0.0075207143
43995,0.011402606
58763,0.18307969
12258,0.014286594
70011,0.1923459
73842,0.007808836
138787,0.08870575
33992,0.4732718
146476,0.012866188
73987,0.12242557
143163,0.02742944
131885,0.13639648
74339,0.019632835
91918,0.007453384
70152,0.05010602
114639,0.026220227
88837,0.026851026
93528,0.00906497
75861,0.044291526
98661,0.014302322
24472,0.015131703
9753,0.012925912
132648,0.17175834
57146,0.015155405
115459,0.0069644316
81073,0.4119394
149520,0.014635723
20985,0.02731348
76628,0.018164499
147851,0.030603813
104963,0.05566661
83113,0.045499064
9315,0.008934053
14079,0.009095492
71617,0.031937923
32929,0.02085797
124525,0.15162581
83161,0.16524452
22648,0.011811678
88001,0.0071703177
78487,0.0076622376
44900,0.06909034
130143,0.020208806
64003,0.07352231
127312,0.0066860607
120000,0.0144244395
104714,0.15700583
15926,0.045746792
77816,0.081479505
121383,0.024529118
23227,0.113752745
5030,0.14665863
117972,0.02717558
61290,0.44554704
57724,0.021135231
136689,0.05818253
147708,0.05310535
147360,0.011542831
109613,0.28424236
16754,0.0791115
30623,0.013908879
72438,0.08449771
86629,0.054948583
92765,0.019226663
54822,0.10613303
108803,0.017092407
131121,0.01050279
69521,0.78220564
8744,0.039363835
62378,0.009221138
14277,0.007112062
95133,0.008981816
17754,0.04424439
87570,0.23279056
71757,0.16244832
52969,0.011787738
57295,0.00956635
28388,0.03303249
19849,0.1193328
46198,0.01716418
73233,0.017726
34351,0.10296994
124835,0.014861157
97587,0.008833713
35989,0.04527367
73702,0.15645427
43495,0.13845451
114447,0.012688016
79669,0.09679328
82678,0.38083124
28956,0.04412517
95908,0.021453217
7327,0.13975169
4556,0.031131672
81377,0.015998822
25765,0.4884505
8993,0.11551644
41264,0.11187594
62089,0.013029286
127093,0.08347277
62708,0.073888436
62260,0.09213205
98357,0.09251212
52254,0.040385753
76104,0.020653805
51691,0.016101122
35258,0.0058206245
139600,0.09770537
19632,0.096577555
96240,0.016497048
25102,0.08771366
65350,0.013655345
122933,0.09062972
60441,0.04524478
102157,0.019173998
53977,0.007095276
4146,0.21553667
122163,0.019701093
95350,0.7180914
113242,0.007822785
37651,0.012155091
51348,0.08993286
140297,0.0077276146
126039,0.010008282
116197,0.024431955
18505,0.040030435
31221,0.01066064
122541,0.01027167
27323,0.039510794
145041,0.019395573
33580,0.0077823508
80549,0.07186066
89876,0.06164751
96320,0.03719912
6007,0.12450608
60895,0.13607566
140753,0.031657837
61319,0.014481651
89239,0.012081431
132997,0.03035705
88405,0.12411328
40562,0.011480658
125720,0.013824906
22374,0.041664697
53846,0.06455259
72320,0.010958869
35812,0.06892745
73713,0.0134323295
83490,0.039731603
3229,0.021494417
101692,0.010381332
85728,0.15265708
50340,0.020370504
24326,0.037312
79143,0.007852686
28465,0.011762081
96765,0.009698406
71163,0.0068364344
66817,0.029452734
55995,0.05928678
119863,0.44668484
3615,0.036217675
135002,0.083209984
149704,0.009107528
52680,0.014485522
67831,0.010024415
89240,0.009882119
37472,0.0073699336
94338,0.015064738
86686,0.48332667
117875,0.012825911
48825,0.012844513
108998,0.009515292
134343,0.054610614
88575,0.014621686
132129,0.021413121
32369,0.017727852
48054,0.0061545935
85827,0.054202814
143194,0.06536844
107811,0.009313083
147147,0.0062728836
145568,0.011162089
118350,0.024232611
128443,0.22941796
8749,0.12869924
55456,0.014077644
17391,0.007254624
62723,0.0070217727
118353,0.04068295
44858,0.014371052
35444,0.010950618
97275,0.013718628
3300,0.016969115
63439,0.015175368
149358,0.014810614
38242,0.017130356
43288,0.007348508
55818,0.0071008545
43134,0.012878476
98724,0.01805612
8223,0.011137678
140367,0.03668368
20249,0.04437131
115939,0.014021428
66374,0.39421
134445,0.007678152
144501,0.014003561
57919,0.25958496
146169,0.0062239463
67800,0.023797918
147411,0.009511878
9972,0.04898244
44270,0.014948021
137760,0.013266257
132555,0.04070798
28453,0.68954164
76157,0.43754247
43046,0.050418507
127684,0.07247736
67011,0.04995266
133290,0.0077550155
121194,0.013842054
51973,0.04901604
133071,0.36152062
58879,0.019893628
8289,0.012444044
27939,0.07667255
141594,0.008771975
33398,0.010371944
67207,0.006058998
106961,0.11298654
133429,0.006274137
115285,0.32118458
36528,0.13045491
23651,0.016131183
26408,0.008430514
96434,0.0112161
95749,0.00819114
67955,0.009652309
4308,0.008385499
105276,0.061205953
57204,0.09525369
140571,0.01888429
34156,0.012951018
7200,0.44951636
58463,0.008136018
82765,0.006955063
73396,0.012105842
30799,0.011807239
23397,0.008320687
87509,0.08559004
67833,0.05749045
35671,0.101270735
117949,0.021637151
110255,0.030978328
47725,0.011741844
139604,0.008268273
147930,0.15541248
47487,0.017310264
114963,0.03222152
2950,0.0075647803
143756,0.262866
8711,0.0060389754
52057,0.0071393033
117380,0.016233692
112075,0.35236847
32679,0.055236585
26413,0.06165174
94258,0.012445855
96038,0.043639477
32103,0.009977926
98553,0.05541041
29101,0.013886046
90962,0.15550669
129846,0.07873998
88704,0.05215068
106895,0.008860281
84224,0.016388629
27236,0.012408437
8703,0.010263273
96862,0.0085973535
60742,0.007504243
120283,0.110688925
40687,0.010916992
112716,0.067769684
3433,0.017215818
134634,0.044165794
113728,0.044682823
95410,0.0820659
25895,0.009084372
26155,0.0078040212
32031,0.051913414
31307,0.037892617
27802,0.012659108
37252,0.06860908
13911,0.012158425
101864,0.02221894
11505,0.06389164
95999,0.0075907498
68103,0.018203506
70749,0.007275048
80407,0.021996701
2878,0.29855847
144519,0.008373664
41691,0.06604032
106948,0.032618586
66261,0.017229248
135236,0.013730919
147641,0.007363849
101887,0.5110781
12720,0.07977191
120027,0.015606686
107640,0.09613275
29284,0.035230443
75501,0.012399692
31347,0.009252277
139966,0.008457067
57518,0.04609581
52374,0.046727616
63856,0.008907964
90302,0.011306427
9146,0.022849562
93644,0.10141115
20317,0.006935787
147755,0.0508572
113575,0.5449868
84264,0.011773153
136235,0.008925241
33588,0.0071662515
138748,0.06276058
76858,0.29574123
56645,0.01376841
59679,0.19654857
9327,0.032874346
7852,0.058571987
102547,0.031546794
1205,0.054986738
74144,0.010148493
102046,0.02422348
110245,0.046854462
50048,0.025626402
38487,0.03576447
53461,0.010054931
34955,0.06800725
145923,0.07298245
115292,0.015033991
146538,0.010800776
138938,0.006874682
98409,0.073195316
89206,0.011615868
70852,0.007560471
133562,0.015363076
121205,0.25075874
17840,0.19173399
32158,0.013880745
22845,0.008004069
98224,0.01282643
122655,0.008610824
93856,0.028572515
71226,0.08034753
120711,0.011379489
54282,0.01343458
130005,0.05297546
148880,0.012131022
127217,0.013003049
9349,0.021790946
133250,0.013924806
22134,0.3093388
50793,0.009869808
33462,0.010571067
80711,0.009396234
121997,0.06700593
76059,0.034393124
48103,0.009655077
40108,0.12579699
47233,0.049531434
41201,0.10935692
65742,0.027561994
44523,0.08194697
13302,0.009224324
20415,0.011951409
45787,0.106738664
110037,0.009282535
16350,0.024370719
54273,0.01549816
52645,0.08371624
3785,0.016057735
118292,0.006644775
141433,0.07220064
81493,0.016109282
106097,0.0073197084
131768,0.0056723733
69057,0.2562806
118122,0.018010449
31929,0.008011373
131538,0.10392941
7954,0.046550322
26135,0.009059278
41047,0.051820684
130905,0.49905813
83322,0.007039239
130014,0.52334094
53651,0.025707813
48342,0.28635454
91649,0.44309533
108410,0.029786164
17645,0.011397404
48225,0.00831281
98622,0.26929784
130854,0.0057768794
37896,0.030230267
46352,0.023184685
3395,0.0141627295
78002,0.009641681
109293,0.011361195
103407,0.010376693
9677,0.009658561
76830,0.04331141
74896,0.007644203
76649,0.43357092
2422,0.03389552
135496,0.11134121
145620,0.005934213
39544,0.012045225
22851,0.010920627
51325,0.017432608
34154,0.03254842
16430,0.0055113644
129715,0.011378137
111279,0.012678921
89754,0.25614423
46565,0.011497713
129124,0.010909251
71326,0.03779661
145896,0.07228976
82995,0.07976567
86049,0.043812245
37644,0.05034657
133352,0.10588189
3213,0.05119755
659,0.0077515603
103781,0.01741393
103314,0.06419869
17655,0.033328112
90806,0.014263439
109883,0.0079596415
94706,0.0861539
91373,0.0131316185
75646,0.010252105
79220,0.009521492
83847,0.008503058
31953,0.01231188
62223,0.15821816
132034,0.013401686
119591,0.0131090265
142683,0.09638201
119590,0.021837033
52994,0.045482967
56934,0.08010124
137906,0.023860544
5063,0.19919753
83451,0.4773784
119161,0.015410438
113134,0.03343785
141620,0.03593568
144693,0.010856731
80700,0.0058743013
11275,0.084397174
84998,0.06237324
29390,0.027016139
93004,0.044202387
42274,0.21873872
15321,0.09205562
11405,0.1150909
64223,0.27214575
110524,0.031676847
134735,0.010365133
53706,0.013162729
126572,0.024808923
53420,0.007150382
99429,0.010044755
8730,0.011630077
128377,0.0439085
111120,0.092839286
115933,0.3660025
25226,0.010036547
11490,0.047212828
12403,0.094278485
105721,0.75658554
8061,0.10878563
149443,0.010151334
88483,0.035456885
73525,0.09195362
73619,0.09582013
77919,0.012016683
9269,0.0140524255
104358,0.02172785
82629,0.24435015
1985,0.012257752
139415,0.008317666
89453,0.019064832
69196,0.015245121
140501,0.006237835
10763,0.6119679
136087,0.13639976
42733,0.3221764
35320,0.006308575
17574,0.0071100015
93504,0.019922316
60624,0.16906805
87742,0.016031539
66447,0.010135917
75169,0.041851167
131027,0.018483141
42609,0.007066264
18284,0.022183402
45893,0.03954138
37072,0.26155218
141959,0.015355822
93402,0.115329646
64239,0.15866482
136274,0.0117802685
17693,0.007160219
49785,0.018444588
72237,0.07558517
79116,0.08259194
80713,0.01575362
42483,0.00782307
13573,0.52522254
60521,0.30610391
93721,0.012587497
32364,0.037859835
1236,0.03226166
123581,0.04976824
113055,0.0871192
14219,0.011805575
130348,0.009537784
44534,0.009804677
82952,0.024626015
41217,0.062012862
84460,0.010996931
22732,0.012207413
139614,0.026263421
78132,0.050797563
141025,0.038256973
13951,0.00835813
37958,0.032375637
56745,0.014474077
46262,0.0083516035
6363,0.065872274
147741,0.015828164
88051,0.03449823
55969,0.008922584
44323,0.041568775
51345,0.01346348
145190,0.009736045
70816,0.014325769
29380,0.11073698
39652,0.028147548
132138,0.011821361
37198,0.31715414
44281,0.013753809
47289,0.01386919
31637,0.006312166
5571,0.011654867
123398,0.10200364
140396,0.011357226
67405,0.089409135
17296,0.054566797
147693,0.013675797
141851,0.071188755
116248,0.009399927
110293,0.08136678
137168,0.10454779
69679,0.024153834
72700,0.006996069
70850,0.09066525
74693,0.17713715
126437,0.05112305
14931,0.32970563
85887,0.05417765
87875,0.0082180295
124264,0.051062156
141293,0.01382518
71608,0.014494946
69549,0.056917075
23860,0.01104421
35303,0.013207848
36638,0.009576141
8944,0.013246466
46154,0.02941185
9902,0.020632505
129384,0.012405702
89714,0.03733749
39145,0.010482328
37547,0.008874073
126792,0.012081243
62237,0.3439274
102053,0.06398238
41216,0.013682212
43520,0.013032494
104891,0.006130653
7067,0.012953585
22992,0.012152144
129276,0.012296546
19489,0.1066172
149027,0.0076439464
132313,0.023838025
46943,0.11984372
90653,0.13136305
94351,0.016825562
100567,0.107257225
108517,0.008303016
141360,0.022163214
106113,0.0059616705
5095,0.010948501
22996,0.010839334
104870,0.013780134
74608,0.019985134
122613,0.006194936
110812,0.013002333
90982,0.011585245
4056,0.006495048
87037,0.1020051
54580,0.02714845
112527,0.08519003
6115,0.08694143
99014,0.00981794
55863,0.007859599
61701,0.020703409
109459,0.042976532
24985,0.06523092
80503,0.053753894
133823,0.014789577
41620,0.011369687
133691,0.028560705
74572,0.014821563
103432,0.065995336
85529,0.34881556
91544,0.046247482
42062,0.016626084
133825,0.009119926
110381,0.24257115
105212,0.019279461
113444,0.02389315
43629,0.017159242
45628,0.12905882
64959,0.007422152
95215,0.031914297
22849,0.01311358
90618,0.008161473
103032,0.02373118
119447,0.02464452
58779,0.22964136
119872,0.010946493
54413,0.043238465
117987,0.08092687
106533,0.41205168
143877,0.02339874
91861,0.032499805
76001,0.03332289
65096,0.034679376
76727,0.104578346
22570,0.03925553
137071,0.02393622
142456,0.0101875095
123397,0.010685256
120683,0.02733609
129535,0.008084108
30998,0.041910924
125853,0.013529933
53379,0.05386281
101247,0.011894661
120450,0.017880052
66354,0.0100247795
77943,0.047094543
129194,0.02485571
144589,0.012453829
75876,0.09394635
55397,0.062044267
80354,0.01616864
100359,0.012810367
53404,0.18888485
32104,0.014501446
22110,0.013059643
113786,0.010339022
92663,0.014408938
29426,0.0352955
103106,0.2855613
147899,0.013072772
61393,0.014784352
43146,0.0062764245
40032,0.10438588
12431,0.0106406575
27976,0.010458313
5784,0.024625873
46362,0.012606672
130997,0.056986444
115952,0.11051441
5101,0.0073812725
25514,0.4114334
41711,0.017317712
30018,0.033002544
101136,0.08379829
39593,0.02086637
43071,0.036252853
88738,0.10464376
140194,0.011684014
51408,0.017907027
35168,0.0062728836
8017,0.010170233
48783,0.010121016
2521,0.011496129
145311,0.013620432
123002,0.09343907
30428,0.51510274
44675,0.039951295
142418,0.013513359
49129,0.010670351
45317,0.138424
66189,0.019910086
89260,0.04465744
114906,0.0074597397
93459,0.0064490954
81051,0.08459063
11122,0.01817445
148990,0.015099233
70035,0.09465872
103162,0.11126591
39661,0.0098507125
113920,0.012537734
56221,0.010996139
92809,0.016985038
15506,0.24595314
48242,0.27779794
18354,0.01773659
33956,0.0653837
81760,0.031832922
140820,0.015144975
52381,0.10381045
43354,0.043795846
73805,0.008992905
127076,0.047888014
114115,0.01086302
148285,0.011592165
58914,0.052877374
62827,0.0069313603
44598,0.023500687
109234,0.046857636
45960,0.0075290054
140207,0.01070007
129267,0.008293383
113046,0.016183348
4524,0.015195963
118849,0.022628156
40422,0.022927929
83914,0.028257914
130184,0.014362753
57395,0.0065771006
98699,0.0717053
123001,0.0078865765
87957,0.011740721
113587,0.00931865
124540,0.025969198
51852,0.1017525
112784,0.029460138
47267,0.023637094
76507,0.078676
122273,0.016806452
89570,0.011443297
50160,0.008388129
15641,0.0074813673
38926,0.111189134
79034,0.012444308
59518,0.019487087
128695,0.008352571
93696,0.01165222
62354,0.06670097
7729,0.045303985
3808,0.023825934
28270,0.008247596
36360,0.0099716205
58181,0.008094874
53775,0.021144755
50821,0.022547122
58497,0.062930286
49961,0.012554204
77142,0.0113259265
37864,0.0070435395
136040,0.07226533
115718,0.076869614
51043,0.49872544
38220,0.015949741
61514,0.0068328185
13486,0.32386622
143399,0.1919265
72171,0.01859184
70450,0.057409298
48358,0.034643754
28780,0.09220717
126387,0.34327793
142667,0.008271254
87405,0.013537745
84699,0.029979378
69680,0.015606736
133218,0.30708945
49098,0.044699937
77103,0.10163119
58268,0.009760279
38988,0.02238355
38381,0.071024634
37941,0.07211927
98106,0.27862802
117440,0.109445915
108419,0.574549
148857,0.04033306
148812,0.007553894
43807,0.079510234
57992,0.01000602
126826,0.0088402415
136143,0.09854997
56878,0.015757235
129345,0.00884585
115087,0.12016727
127140,0.009213831
75913,0.012203533
71931,0.065728
26022,0.057855796
138605,0.021671018
33909,0.27827412
11323,0.01680735
103155,0.013341752
10460,0.01724088
149305,0.25166005
68022,0.06696997
131857,0.019451909
38210,0.013652135
95113,0.029043166
34058,0.012240496
131494,0.035801865
73605,0.015624797
126006,0.015431528
4274,0.0075079016
108588,0.008639586
51759,0.02248122
19467,0.03186579
116012,0.052976605
1006,0.071615875
47273,0.37723377
63175,0.12392772
35136,0.3313042
137939,0.08564654
79540,0.5023309
146321,0.0224846
21469,0.015111619
73186,0.12107004
96177,0.00777892
62017,0.008374594
80034,0.042411778
124381,0.018572846
110984,0.01470677
130199,0.050289486
68175,0.012454926
112221,0.03913226
35654,0.037930273
13034,0.020770533
9181,0.021419633
87121,0.021496344
62416,0.008884408
547,0.0111352205
136675,0.02532988
12355,0.06499292
138970,0.010741991
127792,0.009870703
34356,0.026761953
81758,0.016334174
19411,0.017353103
64723,0.009867856
56038,0.018442048
24085,0.3269803
83032,0.037155483
98779,0.045920257
71065,0.0070688706
35363,0.51224905
53689,0.5232979
80221,0.07531812
46118,0.02980415
114754,0.100212306
32269,0.072190896
45770,0.037342895
74190,0.0076963576
29728,0.011130486
90465,0.025275238
43567,0.05958626
85537,0.10002946
40591,0.10417456
41635,0.017227393
115643,0.011226428
104768,0.019181332
119039,0.014450385
66345,0.07584785
101954,0.11382484
147328,0.0838079
90036,0.029103745
48356,0.011450723
47813,0.026487622
14209,0.016247328
44480,0.025306959
52744,0.20511799
146621,0.0066987113
51538,0.20750548
5945,0.09661883
124191,0.009698328
50224,0.0072709545
142165,0.01169004
56650,0.09960623
94870,0.010930325
80727,0.21596847
109042,0.025071809
32598,0.02748475
55792,0.012273061
90985,0.0075917454
131542,0.10226764
17809,0.020923985
113948,0.006813114
147931,0.012749136
36976,0.020781975
106400,0.009375626
28758,0.014898446
105062,0.14173801
104788,0.03644248
139885,0.09319484
3906,0.012040607
140361,0.017143864
28000,0.01003848
3843,0.008968867
75559,0.16419336
106463,0.014448614
49598,0.01949416
9234,0.010123242
7661,0.01002416
111237,0.010161156
117269,0.014517913
139894,0.08073897
93737,0.019226655
89680,0.01739528
44896,0.006423804
99949,0.01810393
58506,0.021796126
106975,0.014470323
141528,0.008174174
48670,0.069422096
146609,0.012973317
25098,0.024786515
2106,0.29584506
68350,0.026526067
88770,0.11291647
147789,0.014034843
101128,0.7602765
117621,0.017705604
54540,0.26059443
52943,0.008160508
82705,0.0069455313
138999,0.007185895
104646,0.07379072
19455,0.01651952
108175,0.016179737
65782,0.010983492
95537,0.006984795
19134,0.0065812427
147689,0.014473071
74392,0.073420696
120049,0.020039747
148728,0.09661488
118788,0.00743792
45781,0.15865761
17165,0.008839338
109326,0.0067455326
15071,0.2179979
137420,0.045524914
114009,0.042579755
59955,0.11560029
4695,0.0084397625
89884,0.01958254
5221,0.09892988
31261,0.17678757
43924,0.07377326
55038,0.010743739
91554,0.011360215
38390,0.2619721
9721,0.007947865
76775,0.011119135
141119,0.031378634
63868,0.14250346
37141,0.009626498
53450,0.0120969545
61619,0.006708214
136811,0.017144596
16715,0.010411374
49501,0.13039538
101473,0.023770904
94958,0.027561104
62157,0.016532952
110734,0.00855393
84328,0.01801351
145124,0.7119517
83267,0.008507349
58456,0.03850376
110163,0.01077761
129655,0.006534669
106280,0.0071609817
115986,0.4506519
95143,0.075268835
77382,0.35331774
50572,0.0085556405
34795,0.013768448
113549,0.009915486
53098,0.06172898
33172,0.016329592
52663,0.007964605
67539,0.030843973
124933,0.013407444
51854,0.19579968
72725,0.25036007
119459,0.0068753785
8537,0.03442748
111486,0.011505231
73684,0.012730059
18076,0.0070443866
100922,0.008838628
135153,0.013090514
65274,0.013228018
50153,0.011821378
34608,0.00926424
39386,0.014630724
107849,0.055914856
83342,0.025301427
104058,0.00982665
142127,0.014905503
98816,0.10590169
48052,0.01447316
30715,0.056891717
147905,0.039971124
71057,0.124542356
44314,0.030578388
125943,0.013730169
91278,0.010387181
80080,0.0077145393
54950,0.008561556
119245,0.010291997
136417,0.2299124
137193,0.037576728
82698,0.060553435
14677,0.010370006
87927,0.005979029
82660,0.030186927
112477,0.073805004
93650,0.56132007
104117,0.12234878
83908,0.081211336
55231,0.057098858
109606,0.008062803
126323,0.050486274
135548,0.13746348
84026,0.024034956
89711,0.0072697494
72814,0.008972195
135976,0.12531693
69327,0.010680423
8776,0.010672147
41550,0.072718024
116027,0.048833102
101386,0.22037162
59163,0.06550599
95115,0.022402668
133876,0.014943373
132158,0.042679764
134848,0.0070883087
148274,0.009913483
101927,0.011669729
67037,0.009350465
21008,0.0071913158
40984,0.01202141
73341,0.008176827
5025,0.063921966
136218,0.017465144
68502,0.009735355
50858,0.014805189
27059,0.00813249
105767,0.12715195
95958,0.045045532
75945,0.008916173
12799,0.0069908705
39038,0.09821255
149706,0.01838302
30145,0.019175757
80356,0.27621165
33552,0.017330822
78269,0.025217652
100572,0.021815876
97616,0.014726731
101696,0.043977525
95518,0.013783937
127986,0.07528756
26461,0.018988142
59745,0.0085729975
38585,0.027339462
98471,0.012955324
27979,0.011437344
68321,0.006462314
54768,0.17271553
100610,0.0084002735
64967,0.053574853
51554,0.0142788
105927,0.010284088
36883,0.06587609
36615,0.04842932
78665,0.020828636
35419,0.025784431
1944,0.03687895
47790,0.008068526
4886,0.71019596
125279,0.016073203
100440,0.008634712
129587,0.007126424
95438,0.007492766
92464,0.021239951
14614,0.032811746
143346,0.014389415
64841,0.007020559
88117,0.009007199
148851,0.014873351
46175,0.21086942
141238,0.08340985
16784,0.052265663
55540,0.013971959
23869,0.010104338
128080,0.02368286
69460,0.006689187
140615,0.052390974
110351,0.008991553
90474,0.008464856
82663,0.01651063
108325,0.12699997
73769,0.008202603
139856,0.0114701055
121317,0.023443982
113028,0.06473601
118619,0.06260568
130020,0.040617213
49540,0.029345796
30047,0.024225052
45301,0.043687027
128808,0.021314943
17019,0.0226127
85967,0.01185969
2433,0.012211577
5448,0.03935631
128604,0.0072619086
110551,0.024082724
96815,0.010755183
91264,0.014254357
51662,0.0230653
142231,0.046262965
58118,0.2728901
98360,0.093934685
4495,0.07383538
106057,0.018092887
36286,0.015877368
106922,0.042694464
2973,0.034788534
101056,0.06158015
138478,0.0109907
114954,0.014364738
101366,0.099156246
83494,0.016574444
38132,0.013681696
119117,0.060107496
80831,0.009074157
114087,0.09107383
78858,0.039132547
89115,0.012319895
102064,0.023239972
82112,0.33548075
100420,0.022855626
35466,0.011502661
121798,0.21774973
101769,0.031072026
79943,0.12200191
78548,0.010191742
65236,0.023783052
81133,0.030181464
62548,0.0071592396
125240,0.02073596
75350,0.014073522
47843,0.018729867
143236,0.02263351
108506,0.01600669
23398,0.012753357
141003,0.016824394
71559,0.03110288
145419,0.007885916
121223,0.014594478
45964,0.07343554
12672,0.0070838197
84091,0.00801141
5750,0.1293955
112955,0.014272733
142893,0.18355484
14375,0.0966175
22026,0.14211181
80795,0.0066473503
3383,0.08956907
79745,0.015477978
67533,0.014938144
67422,0.018857054
126885,0.6082562
41848,0.008445755
70077,0.03062873
93702,0.07919961
75310,0.010445151
120204,0.01563992
134326,0.045333274
113945,0.016273491
97215,0.026606405
121202,0.043731015
11113,0.009046163
740,0.4906662
23804,0.045522556
104494,0.044457383
66663,0.0071416125
17715,0.10221558
105864,0.1864494
105237,0.010392413
1094,0.06834968
22855,0.07420934
122283,0.068700306
13349,0.038273405
18113,0.010836088
143026,0.013197255
27784,0.013387023
72306,0.025064915
103735,0.033795998
32699,0.020233449
133519,0.08110198
18934,0.008585136
57799,0.008057672
61143,0.012616244
145952,0.020906903
6516,0.08910738
14918,0.09159047
17911,0.026501877
66024,0.01152351
25591,0.021628264
106901,0.01441809
72408,0.011386073
91631,0.06191381
88872,0.04471414
33631,0.012144893
95947,0.010666893
46858,0.012176277
11342,0.012853429
131785,0.035607375
89309,0.015372911
98291,0.09295224
95914,0.014996832
14563,0.054072656
83050,0.007151509
148361,0.011150641
65750,0.07886497
70695,0.014825756
116035,0.065468684
7427,0.14617868
48298,0.011849547
76430,0.05718625
71902,0.010583788
44322,0.03435139
26899,0.0072791995
47302,0.10009816
49130,0.020416716
130258,0.032602962
11876,0.01996151
116718,0.015891649
102420,0.008225191
26553,0.009662283
84541,0.016005022
84769,0.09920474
3807,0.008909367
57951,0.033468
129968,0.013904092
46167,0.08412904
133450,0.03072421
82582,0.008164172
61617,0.010342487
47406,0.017913753
92688,0.04671676
54917,0.028280122
135138,0.10286606
145277,0.020088095
50751,0.03084979
128234,0.010217533
70313,0.013941734
15046,0.08928104
138182,0.042888273
67755,0.017021477
8871,0.016918855
41261,0.012859844
31186,0.7131789
74870,0.015615733
137601,0.01084093
8178,0.020436756
98560,0.06710176
18324,0.006325795
75159,0.014090179
56022,0.007889039
13773,0.02046724
60526,0.020997068
82782,0.010557231
114585,0.058419857
22915,0.042540833
57719,0.013548868
133554,0.028321259
30984,0.010406271
76200,0.03377458
90606,0.05753956
16875,0.044539414
114641,0.32352203
84820,0.09233737
29560,0.06942105
105157,0.20577264
86881,0.012503046
110761,0.013416636
80519,0.009932386
97089,0.07883085
91132,0.039555967
137662,0.014131924
36812,0.03355665
22627,0.033750452
39737,0.010670265
30993,0.011474756
108581,0.036414836
875,0.029171426
95943,0.012564855
111230,0.008286444
67384,0.13659358
140310,0.010690005
122626,0.025031403
113828,0.012489024
104118,0.015986275
58679,0.050917577
57889,0.037482042
66589,0.05021234
93012,0.06921605
115287,0.047012858
100354,0.021744499
131740,0.011341561
56359,0.010113174
128203,0.08570089
96923,0.008911325
131731,0.07273735
14292,0.039450902
120133,0.013073178
36102,0.01817786
1323,0.012667496
14722,0.048374414
42453,0.08301663
110135,0.037773848
64474,0.0064331573
15914,0.015104333
73061,0.029895253
68980,0.019045023
51575,0.014147278
69607,0.024831867
103307,0.01338303
104704,0.03934235
64408,0.09169729
51633,0.13384184
97594,0.04258256
130150,0.13371521
75376,0.102967285
55605,0.009677886
58229,0.025647199
149303,0.008455088
6373,0.043035533
120451,0.019243607
15482,0.79063654
72641,0.014669423
85386,0.019545566
128611,0.39474252
102508,0.10320709
64819,0.04262972
53884,0.021349626
100408,0.010096195
87794,0.013243855
107312,0.0066580516
149008,0.051177725
108559,0.01911921
73295,0.026504464
48138,0.099300966
33897,0.025565194
97542,0.0060688704
16115,0.012134451
4901,0.020682687
105388,0.008505277
136120,0.10191773
71019,0.7849575
128711,0.025486642
20703,0.10143006
7644,0.013175416
1876,0.019809244
29537,0.010756878
123422,0.018858954
105191,0.023976723
8905,0.025396911
75442,0.052569497
141174,0.05300908
135612,0.25266033
1540,0.009271434
46172,0.014368005
43797,0.0106625315
6301,0.31055358
123516,0.009664377
40076,0.014851303
93288,0.0061083594
143721,0.013251504
10680,0.012890405
47171,0.037664264
108557,0.018970395
56041,0.062019877
138495,0.017993363
53564,0.014272338
80191,0.007799934
30190,0.06287743
96879,0.010102406
141995,0.038293153
118990,0.015032608
7777,0.16140273
27504,0.008570157
16331,0.075120315
39343,0.015974196
139623,0.030260155
51234,0.016653035
132594,0.11115209
144860,0.018143535
22681,0.01915139
49588,0.0143334465
31383,0.04991889
55648,0.014053151
91157,0.012137459
16744,0.033780955
125526,0.0075384597
52613,0.011662065
59927,0.011303411
100482,0.13252278
112640,0.26147816
126114,0.20816644
36986,0.101130225
81938,0.093310185
93407,0.013512386
28113,0.014003304
68213,0.07816773
126137,0.17479505
78107,0.0074609434
50347,0.29485276
45713,0.009854731
60665,0.08228563
149925,0.09132913
74208,0.08461695
122468,0.024538726
131388,0.0061295778
97703,0.012478295
106712,0.013006202
44190,0.063695244
116781,0.04720547
40195,0.06088614
68633,0.06858918
141322,0.017900588
133229,0.01738402
29566,0.0079508135
133126,0.042687215
34978,0.33353227
93848,0.08499341
100,0.006539401
63843,0.017099136
49078,0.032882713
75409,0.03497873
102084,0.0062728836
26900,0.013604484
91835,0.013851632
138862,0.006598771
50409,0.011797389
127027,0.102949806
77290,0.12439344
61492,0.04209539
49409,0.01016353
125574,0.09010649
87118,0.050927058
113611,0.007592061
57452,0.144147
19258,0.06041823
109739,0.007534116
60349,0.058301058
54458,0.016779227
14141,0.018178592
36473,0.5484491
61099,0.00707678
4559,0.015172523
127727,0.008968668
56559,0.047323074
119187,0.12282953
56885,0.04077817
95950,0.008984703
141348,0.0067499173
30401,0.04941491
107006,0.0070416587
119455,0.012710483
123419,0.012670937
63320,0.007578945
28145,0.010147103
50130,0.013679611
86112,0.008608867
32451,0.012464994
27613,0.024858102
130250,0.010984932
21509,0.023118038
94975,0.09107428
110904,0.22259419
110972,0.012239591
101568,0.02083175
29989,0.09124224
18543,0.013931256
72538,0.012621181
71257,0.018449223
47168,0.038365077
75908,0.013855703
102671,0.047228243
122984,0.009764539
43775,0.3878438
1585,0.023153605
15988,0.013500213
38258,0.054686215
17744,0.028716274
41667,0.008181817
107034,0.06780244
59776,0.09146524
64982,0.018902395
141243,0.3373227
79106,0.32377866
82748,0.015273968
25054,0.02017844
95244,0.0125630265
63492,0.04535193
555,0.082875736
63663,0.011791298
98967,0.057986993
8607,0.058523938
19331,0.012216415
85831,0.5084824
21888,0.021944944
147033,0.013347654
118246,0.061444286
52617,0.0064850766
1393,0.012649361
39873,0.024036996
8804,0.086213686
122086,0.030436708
17548,0.016138753
120836,0.13252962
8878,0.015401648
135219,0.1429968
75852,0.006186021
121182,0.0961534
125991,0.057533033
86865,0.009225752
89553,0.025452083
76823,0.12685902
68139,0.018491607
80164,0.02142904
36848,0.0066576195
73429,0.07288192
56920,0.008084869
93542,0.4320021
10169,0.10387961
132618,0.082571335
37777,0.016955677
15636,0.057938892
73259,0.085123666
20427,0.019783864
96465,0.10445861
137822,0.0077023753
130859,0.008047876
100202,0.13874531
57496,0.021285495
21823,0.015623514
56342,0.09530544
96224,0.010844939
145470,0.22791028
137824,0.1120375
28696,0.09141364
34273,0.2936626
108768,0.014861574
17138,0.2603691
89464,0.10027162
13416,0.029759852
69727,0.020453202
72719,0.066710554
10930,0.010499816
122020,0.0075919926
144926,0.14112604
54546,0.09638117
471,0.043026138
105848,0.13823688
120799,0.048372835
76130,0.012712416
118243,0.0429527
8777,0.013235987
92650,0.0083077215
18431,0.09447218
29663,0.010295174
90736,0.026630737
116089,0.03700136
52247,0.013235533
128853,0.007193161
115265,0.032280948
56279,0.01693289
136570,0.45954853
62256,0.063945435
102355,0.0071314764
126445,0.018015759
36820,0.05661435
88758,0.023996979
111374,0.015421302
129041,0.31752893
97384,0.1747414
111544,0.015865332
115002,0.012317934
39066,0.015445291
112300,0.009887573
47819,0.04930364
136678,0.03429535
84636,0.10090353
95911,0.4033083
5305,0.015523413
80560,0.09508655
63877,0.01308577
57765,0.009610904
69643,0.01432296
141059,0.09753435
72174,0.027770154
19587,0.009275394
78942,0.019834008
132301,0.019079732
103244,0.011394052
123517,0.010525511
90812,0.046447694
20495,0.017112918
133684,0.04552443
72818,0.050704595
35369,0.072976366
4890,0.008032284
39726,0.023381494
141197,0.014254866
25564,0.01469679
137908,0.0066270945
56393,0.0075691524
126341,0.01362809
105116,0.06857554
32993,0.008573914
14620,0.023097187
62490,0.016814537
36046,0.014814247
121472,0.020003172
117945,0.07312778
144367,0.10878
99654,0.1598294
81170,0.00596515
59297,0.010856766
73962,0.013147366
6641,0.008190784
99445,0.034760173
78890,0.017705083
122870,0.0060566347
53982,0.096877165
79842,0.5104228
79546,0.012279485
111586,0.047952533
74097,0.048027884
56144,0.07082577
141012,0.023688965
50923,0.5451599
81035,0.007925758
87868,0.0087971985
128027,0.030858971
26179,0.009601291
51474,0.010798301
37499,0.01179983
100798,0.010193911
89842,0.011044126
480,0.18283574
72000,0.01019345
135151,0.031642348
6428,0.010963858
17127,0.008276939
57498,0.30985025
55584,0.11946709
135022,0.03147554
84614,0.013905942
130306,0.01996177
72653,0.19773489
18616,0.015792757
112984,0.016847948
129193,0.008343271
81172,0.04917398
147467,0.011053651
5605,0.021037513
33152,0.021590268
82014,0.7438354
92001,0.019020937
146494,0.06391153
110487,0.006762608
116965,0.009766489
43719,0.026354998
13520,0.019217648
45917,0.028623635
3261,0.010780265
19549,0.08511466
114408,0.03339772
35717,0.052494276
110693,0.00664054
56766,0.011184136
129076,0.15638386
52607,0.33916676
148085,0.018902697
64300,0.4710582
116074,0.01675364
11963,0.11589164
73853,0.022352947
104247,0.020249568
65506,0.050583642
5722,0.022753604
117871,0.022134451
102324,0.3126351
117512,0.047492113
5177,0.0169952
1807,0.1306061
95828,0.114043735
7201,0.02345353
125449,0.007398366
28718,0.0066260807
44788,0.10908146
122068,0.032316428
63767,0.011530116
31947,0.49685878
40375,0.16430871
80383,0.022758264
27233,0.016337639
78918,0.0063367714
149741,0.01674343
5828,0.11849453
103682,0.01741149
36915,0.0072638853
133573,0.027620558
63499,0.14313489
39001,0.038985405
114172,0.10156723
52557,0.0069216914
75514,0.009442394
3532,0.009340589
89224,0.26345256
66405,0.012827806
70084,0.01606424
44269,0.009716002
5100,0.113677055
9070,0.011023947
92562,0.02657252
79630,0.006683857
87059,0.040266227
118816,0.033552416
119668,0.04962288
78776,0.09609577
79189,0.07316763
64220,0.025306748
133773,0.0075960103
20287,0.26795763
28917,0.014124897
132077,0.029828994
93521,0.018008972
25519,0.10604069
88265,0.025835928
105492,0.09989415
120662,0.018465381
98152,0.052290622
47319,0.017086647
69819,0.30967793
38217,0.01017165
52323,0.01775867
21024,0.6999082
9440,0.045626964
2784,0.012898004
12320,0.010701151
109070,0.022206847
83600,0.015974307
50777,0.013416612
13129,0.03733585
29864,0.007544095
59455,0.0145342
136510,0.016160391
74366,0.036254544
121143,0.010570578
62343,0.011590625
70555,0.020119343
8969,0.00962483
148,0.06509958
8693,0.038129408
51879,0.038300768
32474,0.016470693
146481,0.007192406
35675,0.2732458
29708,0.010284456
66769,0.065741315
141541,0.55708534
16627,0.008459691
135703,0.010119836
87635,0.029220093
66894,0.017085077
39236,0.014076201
33847,0.010695685
42855,0.011475892
68445,0.086973876
89723,0.020294273
95808,0.110318206
118553,0.012821197
31636,0.05966488
19482,0.013462562
6199,0.007212608
125087,0.0063630342
105298,0.0063225646
126457,0.121262796
85305,0.58315074
135123,0.007465309
27565,0.020334719
88078,0.016290981
96608,0.14786546
137269,0.024792453
47820,0.008150943
147234,0.059246108
92116,0.012427496
114971,0.0059536137
66478,0.041680463
97892,0.007042242
127566,0.011715883
80368,0.06847253
7885,0.023027489
83,0.01386284
100161,0.1884223
74406,0.012218902
127401,0.017248807
136728,0.015266132
48583,0.035547618
98692,0.14622372
20497,0.007852058
21151,0.10288426
111635,0.029014759
68218,0.012580536
144644,0.07595239
13585,0.42928734
74309,0.008455136
60313,0.074564315
8189,0.03137971
41599,0.22670403
31068,0.022239577
3332,0.020953272
109945,0.014190752
26645,0.012929464
144591,0.018200966
139486,0.060346976
136702,0.025293548
63526,0.009827304
139055,0.10765512
112216,0.038274214
21391,0.0067247152
101722,0.007709537
53442,0.012193243
114634,0.18091075
33003,0.34522566
105376,0.009571931
94603,0.027287826
17537,0.010831821
67789,0.0134524
69417,0.027798252
116512,0.06993268
87611,0.052003965
96629,0.015214805
127031,0.06619017
58641,0.052328054
33934,0.0088472385
29624,0.017728277
111755,0.04312468
37413,0.29223645
130808,0.011745258
52849,0.035245128
149279,0.019874921
109222,0.0068896054
103911,0.103684
50766,0.00997598
6440,0.013498454
89617,0.0064327396
143918,0.07659716
80609,0.19308709
70549,0.086068675
12254,0.0067945123
105251,0.009922023
76966,0.013933143
116394,0.018535085
82145,0.016486961
37427,0.01836209
92751,0.16800623
77304,0.014820247
81726,0.0074647437
143766,0.08001053
6503,0.008929832
122545,0.021096792
89949,0.013480598
42735,0.008804739
135429,0.015554845
127104,0.019995395
4485,0.01546769
23770,0.011923305
72740,0.02015375
31807,0.010593539
9594,0.032974795
68344,0.025862038
28613,0.032208655
15947,0.105489634
63706,0.010332633
101514,0.028334225
7718,0.031895217
33271,0.020536894
43453,0.030792601
139659,0.022266587
6107,0.10420176
3971,0.038271353
62865,0.0108038895
27208,0.018731244
129062,0.07092318
23817,0.020558937
15842,0.054897714
29848,0.018848367
119911,0.12879239
36477,0.032249022
54376,0.035494443
11908,0.020389887
148252,0.027977059
126439,0.07166722
103118,0.011882276
94225,0.043348126
16510,0.1272067
54218,0.032353997
3246,0.037634462
49606,0.021693699
127577,0.0926449
90655,0.007754194
75177,0.00675111
147948,0.07416833
118846,0.10607249
45355,0.011553308
99348,0.0065057855
142383,0.0281552
33768,0.0885473
110186,0.01418633
32240,0.01787873
45363,0.007834399
137775,0.00883421
57298,0.05166789
101725,0.01478679
25869,0.3061487
91600,0.0077802204
141359,0.0064651067
116407,0.082665674
37991,0.013663163
127139,0.07155159
64095,0.34988198
78064,0.013000884
9545,0.015020616
91405,0.032363888
25610,0.022438668
24694,0.11161381
142720,0.076411806
141926,0.21304978
141475,0.016721856
122838,0.0712704
51178,0.06443211
18537,0.09479122
78256,0.011257865
78646,0.055226486
131686,0.021827849
103473,0.014965849
145601,0.021829015
88915,0.017457977
115359,0.18523979
6777,0.06590542
11127,0.066646814
100226,0.019535238
105013,0.018672569
147159,0.0075143925
87647,0.010600088
110532,0.03545705
141402,0.20273311
49160,0.0078039654
134876,0.009995331
96258,0.088808276
115236,0.5044423
107935,0.015327081
90072,0.007915106
126916,0.007184204
86278,0.013245831
56126,0.6107489
147706,0.6250766
124917,0.009581954
78491,0.00842112
83011,0.010095661
18288,0.19045478
41322,0.015362362
62383,0.033128474
107127,0.07243251
15043,0.008293214
46179,0.0255716
42788,0.43124628
88642,0.115435906
124819,0.08608552
52163,0.01426716
103417,0.30517632
85639,0.011323502
52865,0.017616253
148733,0.0061268187
38610,0.016220843
84788,0.01034837
65786,0.048020877
68676,0.00928196
99800,0.07070656
55190,0.009519032
10615,0.09732415
62152,0.010826989
133082,0.09572871
102772,0.017280318
56168,0.11357863
25728,0.15368691
32754,0.020502
52868,0.070290014
2559,0.00922306
69380,0.03862266
29499,0.011507569
129764,0.04396785
116132,0.043294225
113888,0.1568642
92304,0.033180896
30633,0.105593726
122784,0.023985058
28495,0.008576338
131418,0.009373869
106754,0.0153203895
32056,0.0083589
49464,0.040679377
68052,0.028316246
120974,0.018972093
55858,0.007493067
102890,0.01543786
6029,0.014547647
105133,0.007271753
133875,0.070673965
105957,0.073104896
147647,0.007966158
147261,0.04799747
95718,0.00910314
49750,0.12620963
131499,0.1400947
116535,0.17970328
55053,0.08790324
83718,0.01143217
84722,0.014613995
17695,0.0075104604
139730,0.01074229
47237,0.02271674
65459,0.010092306
45872,0.017754477
22532,0.0120734135
115518,0.010752592
98455,0.009174957
26088,0.00727429
45762,0.09714245
139129,0.0073840925
5614,0.24506098
28632,0.17993149
92525,0.008626274
33722,0.20398222
126942,0.0067871055
46305,0.23631762
43597,0.008738632
24201,0.07760745
7830,0.012792343
64139,0.123116516
43998,0.2744063
129061,0.07382764
47983,0.16101459
21010,0.0061085676
67430,0.009887592
146739,0.029855512
58999,0.009754529
146880,0.43209058
113988,0.105617344
114346,0.012333416
88372,0.043281045
95461,0.09459084
107504,0.0075953784
49182,0.009772611
30343,0.0060056504
126200,0.008168158
95582,0.009497472
43648,0.022461336
32725,0.019018522
6720,0.028386554
13997,0.1960949
16254,0.0279378
75042,0.01788873
121844,0.016604558
149192,0.018002534
18635,0.011807505
93574,0.009724558
7906,0.054989114
127913,0.016235314
14427,0.010412372
40021,0.511261
56070,0.044886205
135491,0.013415324
62453,0.09920474
48938,0.13036977
134189,0.014324091
122994,0.015886616
11517,0.019825052
75725,0.029214121
20298,0.01773183
105997,0.08144096
134537,0.03752682
123634,0.012148212
21580,0.015564354
104145,0.006056101
64940,0.14791149
75205,0.024588466
68848,0.030574366
10812,0.014588603
148660,0.014079431
39240,0.07255223
112624,0.012813961
128933,0.30979246
18257,0.014645188
128908,0.014431228
77006,0.04512922
59756,0.0077491836
102996,0.008117841
65823,0.008343492
112697,0.02750445
41596,0.014011332
105015,0.17359772
57458,0.0125270765
78218,0.010023322
19919,0.0071841427
115431,0.0059549375
139336,0.04310059
60033,0.052785497
106782,0.02839404
67979,0.0061596762
66701,0.0070118885
58826,0.01795271
130395,0.06689556
127033,0.4483654
43643,0.010544024
119436,0.010847353
12264,0.01373664
30381,0.0074688084
113001,0.4670174
11972,0.053113513
149257,0.015412753
136826,0.01827209
92350,0.035810985
34980,0.0074580275
103144,0.022108465
148913,0.00927195
32274,0.05476285
115283,0.05566003
39711,0.01607404
48773,0.011470251
136307,0.0111642415
73639,0.036618203
6088,0.31046233
4648,0.011448186
93866,0.01645556
13274,0.0058344123
88709,0.037358847
44727,0.15641336
146278,0.008431518
42368,0.4552143
72998,0.012615217
59169,0.019414686
68420,0.06641713
14463,0.006421336
124218,0.050319396
119079,0.049456723
106215,0.38171548
135639,0.03698264
106213,0.644832
12679,0.04126944
34928,0.016116781
9702,0.012822633
96755,0.017105734
72742,0.0798223
25213,0.053414937
145842,0.103788875
66505,0.010949858
30988,0.09565453
50592,0.06393047
143297,0.017314546
12114,0.012411405
108933,0.16580176
64813,0.00971643
13432,0.029535228
30166,0.024318613
26376,0.011188214
149614,0.0060172672
28762,0.443202
117413,0.014023537
129365,0.034921866
73258,0.030658353
141832,0.14698572
2870,0.06086742
138211,0.2586647
98271,0.20221333
85589,0.03419723
57042,0.007826257
134960,0.109036475
62922,0.0076222024
72558,0.009374427
29823,0.049822886
89038,0.022943988
82854,0.010053484
64947,0.28643999
132192,0.019308403
52442,0.053750135
141745,0.021421278
41672,0.0113222115
102291,0.006967034
110217,0.029411722
102143,0.042083517
75417,0.085517555
117318,0.4717823
120477,0.016198592
47876,0.07293143
81205,0.017445967
22309,0.007089651
145688,0.009779724
4746,0.017043991
28591,0.035751056
53842,0.0075905416
6488,0.009881688
36607,0.008609799
49945,0.04353335
54498,0.053824224
110842,0.012062948
80464,0.05790404
116528,0.14295503
5872,0.24746783
135729,0.019971441
104396,0.22459505
55052,0.014754585
97644,0.22926487
21641,0.013998394
132860,0.01687089
113881,0.006952488
103752,0.2911204
147904,0.01396802
111936,0.008744627
21341,0.09140917
50038,0.012231092
120086,0.027243052
61589,0.028814062
78883,0.036227465
146746,0.016399378
39756,0.009635982
24552,0.022336837
55669,0.07876009
91871,0.24879585
146824,0.024745952
111492,0.006825829
116236,0.019525167
78506,0.36104715
46045,0.049960855
49159,0.07231613
76308,0.011973473
29943,0.24012348
106332,0.030046921
149980,0.017106576
5021,0.012602578
128371,0.024105934
121431,0.3751733
41285,0.012684313
121357,0.24649438
34422,0.039461646
70821,0.01017481
101331,0.011652483
25481,0.022443956
12582,0.009923091
79987,0.10293744
134629,0.011777282
44318,0.009374896
18797,0.015554048
21490,0.0060955426
87102,0.024789345
7099,0.022966187
123610,0.02356553
26938,0.03327824
126990,0.011113782
149674,0.014348254
93580,0.045492575
104169,0.13606605
21760,0.0093476605
125210,0.062088475
139451,0.011074776
15026,0.02682307
18482,0.008847941
133877,0.011988477
83046,0.011422484
103361,0.040558778
135775,0.08622738
143290,0.008702437
31630,0.016690368
107821,0.060554806
39424,0.014714581
36144,0.07817603
140332,0.018530456
141365,0.015759794
90986,0.012735005
37059,0.010248501
109457,0.07967197
31325,0.074982196
111400,0.1178696
81718,0.03023458
71967,0.013215408
83030,0.008202354
117874,0.020167049
65812,0.014152287
65314,0.01472568
81460,0.08293195
137120,0.30067867
53988,0.013047486
1747,0.013597523
60790,0.010097019
107715,0.012020271
141825,0.008914716
20522,0.00783289
131414,0.019787569
116960,0.014759737
86446,0.10296582
96671,0.008555042
43440,0.051043864
42345,0.037728403
97231,0.38234773
82785,0.049370006
126754,0.065017015
57240,0.06454745
119663,0.07571543
79391,0.013728567
82953,0.07084882
128725,0.008128479
55188,0.008664437
12930,0.03953286
114886,0.0149598755
43835,0.0301844
55647,0.1099568
10624,0.006774206
14716,0.2642984
39287,0.043477356
88,0.0801372
9581,0.013632199
56845,0.00884465
87741,0.14005522
23323,0.055823583
57694,0.3334313
116134,0.038258877
140581,0.011484193
89968,0.0074709537
94735,0.014562939
59949,0.017812831
31897,0.010786627
12652,0.017088465
132589,0.024361461
67441,0.06057732
131994,0.016955249
87224,0.035843723
12188,0.03064065
50564,0.08607262
23572,0.0058803884
136445,0.030865576
35479,0.006336294
58725,0.13212158
119955,0.008367573
95644,0.40269947
66993,0.1061943
145485,0.016383626
44808,0.010142646
52472,0.009878027
8857,0.008663666
45607,0.32211787
22032,0.07164315
11489,0.02858294
28575,0.4313888
73693,0.04668474
23181,0.046597358
58524,0.05732566
112734,0.015409026
68694,0.016406056
134861,0.009056368
144359,0.00612317
48996,0.037930734
106555,0.007842666
137292,0.038481724
133305,0.5018122
143115,0.08289165
121308,0.014355444
139995,0.0076802163
54470,0.04142508
89256,0.4122791
27489,0.07149067
106282,0.007916649
123318,0.022524737
75537,0.040428415
6871,0.011838424
48920,0.106637
80458,0.3369785
576,0.16345695
124324,0.017519929
101041,0.014071511
146657,0.016775003
43313,0.0153271165
119912,0.006250677
14525,0.105555244
41007,0.011744656
134415,0.013466977
114150,0.020681726
136041,0.016851455
106891,0.012239372
65336,0.016352074
42909,0.28085244
42261,0.013925913
132902,0.008558432
134042,0.008195914
103180,0.12519646
86645,0.017163118
37276,0.0071315034
88097,0.016034406
57408,0.06018173
137480,0.009128393
105782,0.013049942
105037,0.012122677
88768,0.026356276
133335,0.01599618
149118,0.18355575
133459,0.0126352
37212,0.027829705
20521,0.02233628
146942,0.0323195
126052,0.013356329
27844,0.04145146
54119,0.032274567
109626,0.6102403
134319,0.01863309
19174,0.035049725
94203,0.008957757
109762,0.009785073
22296,0.0076108924
141245,0.33976993
116770,0.019693272
96901,0.108867764
71661,0.0063945684
131002,0.010402044
94430,0.008987331
1014,0.011049294
9117,0.0168826
45389,0.043085963
78882,0.020834517
101050,0.085945904
104713,0.22623123
131502,0.0062494185
137352,0.07602438
141593,0.030624535
93484,0.0886049
113042,0.04802938
79816,0.035654835
86487,0.008634266
359,0.08409581
48233,0.010545836
44356,0.025103813
45466,0.0060041565
125884,0.028467178
102095,0.0094028665
795,0.013452275
102045,0.1448659
144350,0.18099263
74877,0.009856183
59256,0.019980188
15345,0.015428679
1836,0.17325746
20445,0.011383341
84602,0.024873406
8148,0.01616874
70976,0.24374735
63505,0.013496758
110265,0.015998792
112946,0.14680615
102102,0.009607029
64231,0.039819136
121936,0.082034945
70686,0.006553449
88938,0.09116703
9719,0.18780111
69781,0.022726206
72282,0.009590216
79810,0.09845731
46867,0.011470991
119211,0.014275363
90797,0.012676397
6084,0.017514931
48210,0.024822872
137946,0.16501571
52404,0.016720312
21969,0.16921571
15583,0.0075648013
113820,0.011458648
59365,0.0083018225
131546,0.05389683
58498,0.025095096
32186,0.0068829525
24463,0.007400859
111422,0.036307387
101830,0.16625097
1075,0.059749678
84900,0.32304037
77592,0.008410603
12280,0.010542248
29298,0.10219261
80901,0.025159754
97914,0.010232088
136575,0.0070362864
91450,0.13389853
130106,0.08806729
61704,0.1241203
133258,0.012851504
101303,0.007544085
142538,0.029348247
23414,0.020920932
17759,0.014246286
70471,0.012933116
20591,0.014414113
2533,0.11326636
79933,0.043853663
146826,0.06031672
109655,0.09790829
105287,0.018052444
127970,0.039417274
50000,0.007367064
86417,0.089454174
115678,0.016135111
141373,0.10594303
6980,0.06958299
120297,0.048835527
17683,0.044733595
84237,0.0058367806
22545,0.06471289
88079,0.46883503
62534,0.011042424
149230,0.11589765
80522,0.481795
129887,0.25593698
47414,0.107797876
33871,0.18496197
143192,0.0075827693
122355,0.02484761
29170,0.07782354
132842,0.3380648
39195,0.054095905
15613,0.21177946
71430,0.03438884
88541,0.015268374
83259,0.017648265
137713,0.011733116
21124,0.009967248
89657,0.10774376
139550,0.05811574
77753,0.0073505365
40878,0.050398786
114276,0.015086204
137405,0.005905868
66938,0.009833184
31431,0.03167505
100576,0.06379825
68663,0.015931012
103787,0.03317064
2972,0.014757781
47100,0.011993742
24002,0.26664087
135958,0.038496114
25762,0.015709046
57665,0.06371401
29554,0.015715964
48508,0.02047773
135401,0.0144074
119133,0.011660675
134997,0.67135227
109584,0.012349482
73022,0.0103571145
63056,0.016611613
142113,0.0244238
99061,0.06215907
64000,0.012979075
91114,0.01940507
4578,0.0069743884
106025,0.028636489
114216,0.012027391
61244,0.022700232
101003,0.060438287
104902,0.008142913
103564,0.060078707
98213,0.07039671
114111,0.12725458
76888,0.062127292
121792,0.05159004
56275,0.10691294
33726,0.13577811
44528,0.07148483
98603,0.009784001
75383,0.017528452
110001,0.08442229
42145,0.089559875
82453,0.058772016
44761,0.1319528
106158,0.5168454
5178,0.0126797035
14214,0.16525577
60362,0.015609711
81705,0.0062067755
116360,0.08253948
82569,0.016799945
97172,0.015186909
48868,0.015545794
47001,0.023282748
87413,0.10022463
38823,0.0749605
10043,0.04734579
21139,0.012712715
33460,0.021596523
23594,0.023052676
5640,0.021095507
29912,0.05573833
11069,0.0064989105
146971,0.012415211
83334,0.010026148
138616,0.024635656
59441,0.03292669
64411,0.1399086
33898,0.076379806
60659,0.04359706
104150,0.012127388
90924,0.04713611
87886,0.19918779
120016,0.01569505
30055,0.012695532
40949,0.034393117
60097,0.022973055
53210,0.006883067
21958,0.21993217
108394,0.103435546
115511,0.009583923
22352,0.19185098
95968,0.014251624
119104,0.044956572
88854,0.4884629
117802,0.017187774
8452,0.038621616
83576,0.13932213
1958,0.080176055
45142,0.014426005
131668,0.011823311
107310,0.053196743
81883,0.0681393
120223,0.009651065
2947,0.01548579
139621,0.06718073
45485,0.15352769
76024,0.060495924
10879,0.029310936
67248,0.28979775
71317,0.04575699
61176,0.49312776
26093,0.00971558
104847,0.076171234
10727,0.012262852
134305,0.072852395
11447,0.03770505
74389,0.09315167
34689,0.10211256
134533,0.42955396
64066,0.0821528
70594,0.18594114
103901,0.0083886525
103031,0.008099279
81090,0.0137948
59118,0.09018546
87642,0.32394424
116211,0.26090473
104263,0.007960782
79387,0.2826924
142049,0.005943627
26664,0.04322884
133615,0.029996194
77701,0.43367743
109859,0.49043867
22132,0.008946593
61856,0.020043848
48076,0.009246885
91975,0.010139927
78673,0.011522332
56980,0.5147199
47400,0.021717459
21635,0.01299684
107873,0.18509616
30725,0.03605328
47569,0.012011532
84087,0.09460099
109130,0.015104764
45934,0.017678713
77362,0.019017326
119577,0.016916776
134787,0.009419555
138857,0.14147756
8149,0.01354189
53644,0.46922803
118848,0.0102476105
12902,0.046075057
51709,0.13533856
30872,0.022594802
56107,0.012347923
122414,0.02930795
144009,0.015595232
15622,0.0076166675
30479,0.4528108
84172,0.02209297
127411,0.08703412
109573,0.007519412
33614,0.15092884
9769,0.25865588
32638,0.014047265
132239,0.028035397
117414,0.013986302
19084,0.043326136
111938,0.18291697
133230,0.103274964
73248,0.012859764
50873,0.076139204
98924,0.010877458
1028,0.04666594
7700,0.016781202
77346,0.008609828
68005,0.012738801
83579,0.009836644
94358,0.10826857
119542,0.012690651
22748,0.07620304
46557,0.0057441513
84774,0.019702379
125213,0.091545
16755,0.078474544
44732,0.013422817
61563,0.018931804
105043,0.6827081
133458,0.013580419
8239,0.010172265
109758,0.026513632
31537,0.053939972
118764,0.06265753
38757,0.01534068
27920,0.028255714
8708,0.006210739
103434,0.006009634
125051,0.014533209
89956,0.18757966
26268,0.019648328
31079,0.15048887
27832,0.11298341
62518,0.014882464
47151,0.008015102
18441,0.011991764
97720,0.037044976
21051,0.025763454
64291,0.024626337
9038,0.008489356
142480,0.010655712
2961,0.044139132
4253,0.080572456
69150,0.010120514
4750,0.30799145
50462,0.0154581675
76640,0.115737505
80969,0.01324375
16378,0.010338628
139616,0.008612173
119923,0.009682348
102387,0.12735514
142353,0.0146376975
90419,0.014052306
72696,0.06241845
61762,0.0142770745
52185,0.014410347
87729,0.03918088
121611,0.04944843
79884,0.21743587
74520,0.03587409
128350,0.019118862
38471,0.005702229
28099,0.07115012
31327,0.0130861355
93522,0.011499771
31514,0.009499051
128985,0.009036517
66129,0.013553955
120426,0.08379829
86895,0.0066755647
35268,0.029302817
31549,0.049132884
91706,0.009882119
90642,0.027422125
117782,0.1654993
139743,0.056483094
65832,0.101280525
46704,0.019347588
34473,0.015305241
60594,0.016700521
43008,0.01501137
1121,0.012499219
82695,0.03849276
114195,0.010512988
139726,0.20135674
75288,0.020846564
60120,0.03614731
131153,0.015345054
32560,0.15102609
11906,0.011725981
102759,0.014821249
102792,0.59338886
117223,0.018312829
66063,0.021734511
43895,0.010435553
44778,0.011813789
38301,0.024385862
30488,0.011649754
139178,0.0076956726
58395,0.5797185
11616,0.012221463
65557,0.064657785
95772,0.11517834
60544,0.049290065
117171,0.010666087
9061,0.010078634
101397,0.011277345
103716,0.006801847
24544,0.12475405
109673,0.007144771
90878,0.016115412
126624,0.05500861
147733,0.012973409
58841,0.016296675
22549,0.022368817
38817,0.011001351
100579,0.43742958
35903,0.009954355
21762,0.009900157
116891,0.053615257
125472,0.0055109803
18629,0.008029993
90670,0.015339767
68941,0.10533542
24001,0.017905626
81788,0.0066090315
103467,0.010642656
72583,0.094302185
17833,0.036009483
49674,0.008009978
139649,0.01154683
31456,0.10009468
85321,0.0069645206
37957,0.03359182
443,0.07518118
113475,0.014086276
52519,0.12851343
50670,0.078879304
6489,0.0075384276
36808,0.011824386
92596,0.030413285
122152,0.0135154305
109181,0.07220577
56165,0.0075789266
12245,0.011774286
41633,0.0082578445
52096,0.01017478
53945,0.081804834
49714,0.11136395
101604,0.021249609
28122,0.014517149
149943,0.013773712
100938,0.008904476
29026,0.04611745
131840,0.05899065
38118,0.023562076
58660,0.055303287
114484,0.0075014904
69475,0.3197983
93378,0.07699291
106704,0.009707706
24721,0.019874709
143103,0.46413887
37176,0.009695237
98854,0.06269624
8788,0.01087355
107349,0.03875193
77158,0.009506668
42011,0.011605115
149867,0.01045775
143359,0.06449313
139468,0.21905302
103625,0.025836533
81248,0.010985523
88451,0.008649499
23346,0.058523573
65508,0.09832108
107021,0.09749782
87533,0.02959891
87600,0.07749134
105233,0.010773641
39360,0.010213777
106753,0.07767108
149768,0.014408492
29773,0.01375784
82316,0.037927747
83814,0.019462608
133690,0.0128508685
26445,0.04479359
123935,0.014205601
77276,0.015790317
18376,0.013394538
96847,0.04712358
70175,0.006747258
122944,0.044868488
96918,0.039546728
115335,0.013010995
56347,0.014912015
15147,0.0077858577
139512,0.014896047
7437,0.023036443
7588,0.020198159
87239,0.0075773597
69955,0.073431514
22578,0.011153418
65509,0.015337758
141967,0.03279861
39207,0.021699844
17013,0.012579398
13199,0.010701979
94194,0.01092394
34026,0.06622874
3315,0.19208507
50694,0.12409838
35238,0.025628038
110115,0.024221987
44922,0.018298814
5592,0.117885254
75067,0.110356614
99464,0.013401894
28116,0.02757809
16777,0.012510637
52074,0.010730514
42071,0.077469066
105577,0.013992682
146646,0.011139612
30709,0.22838481
46028,0.07346294
55183,0.20567118
65657,0.040259235
142960,0.0088641215
92974,0.008912871
115206,0.04962064
14658,0.0133340275
39096,0.01170499
28750,0.010526528
32410,0.014696637
29326,0.63337916
86706,0.028674051
109932,0.042540524
95016,0.010837851
147154,0.011790437
42429,0.020642653
125655,0.013554898
49853,0.10336873
32471,0.29039636
125983,0.13096352
24392,0.08311391
142701,0.0069881235
100062,0.0068465522
113654,0.0104112765
48544,0.30365506
89818,0.044235427
42554,0.0063364836
16210,0.007625052
69701,0.2390593
74046,0.00917162
56813,0.008824917
47735,0.0057521197
66757,0.0980896
53577,0.0065395157
18719,0.075721525
89087,0.020370005
2811,0.013125082
56606,0.3837759
69750,0.05971348
103229,0.02088892
29433,0.02640393
49763,0.013758868
68007,0.017379703
55218,0.011727074
57676,0.0329802
75641,0.5718634
82177,0.06316343
72312,0.01122238
78053,0.01637314
36182,0.023211759
130959,0.02573587
119741,0.015423646
54078,0.08062608
23844,0.012736485
6962,0.30951133
31109,0.013390921
42280,0.013397223
147243,0.010552072
32231,0.01197208
76349,0.1567037
71636,0.021891464
68047,0.19167188
105144,0.33209395
62473,0.011971856
80819,0.016320933
106078,0.10524434
86099,0.012128183
6594,0.033961482
99865,0.018773267
9342,0.6658782
45325,0.048123762
72493,0.1518925
105525,0.014594697
80697,0.09388518
121422,0.014811972
128717,0.04292253
144475,0.28139997
111664,0.23221685
79794,0.030856915
4891,0.39763334
96542,0.009036397
148821,0.017189505
33441,0.011989341
9347,0.008116713
42757,0.09054585
24244,0.011427406
50357,0.08944334
14249,0.010853566
134642,0.00793006
18722,0.04738621
47805,0.023424203
21794,0.016554845
32800,0.28433996
53392,0.04309118
118251,0.030897213
51207,0.06998632
42420,0.00662647
91920,0.015766371
115590,0.16602646
63739,0.050326973
88680,0.018240664
27918,0.19063511
30958,0.04970758
41840,0.08496864
102071,0.008272392
6220,0.042558815
62869,0.02029112
104661,0.008021284
9653,0.03544757
2709,0.0073633506
14275,0.022067867
95756,0.06135281
40233,0.010545611
34962,0.15061155
137783,0.089625806
56639,0.029917048
98385,0.06450269
82708,0.017980803
50652,0.07687589
80021,0.09742771
60269,0.015439521
94620,0.008563102
118526,0.014720651
108404,0.03383246
41315,0.053747576
44825,0.017359877
69485,0.017671263
15433,0.010661687
98920,0.023257209
19459,0.006758257
138726,0.23753507
132213,0.010046364
117840,0.030089313
100786,0.012941794
107024,0.015309638
62822,0.1126786
28680,0.011834614
17556,0.020693352
131225,0.007761385
143051,0.0123819355
10693,0.008400456
34529,0.031644993
69381,0.010272693
132501,0.03657623
4147,0.0074575334
149337,0.60686094
65757,0.00868031
123103,0.009724452
136480,0.02035808
129320,0.051208135
141117,0.4202412
18897,0.01343786
37118,0.33755574
95394,0.008521651
75909,0.08429493
147686,0.07018873
65362,0.010611036
96120,0.050349303
34480,0.02595089
148480,0.014275189
48660,0.022009
60187,0.30523565
28832,0.012270877
18120,0.008389933
117396,0.008433257
42170,0.04877996
29933,0.009631947
55771,0.09111835
102767,0.0070368326
148536,0.0068479595
96995,0.038434383
17532,0.012247244
88841,0.18975234
89398,0.4582878
17530,0.096382774
81776,0.0065180636
119534,0.032990243
83359,0.39046356
69613,0.096329406
71150,0.010323456
69751,0.012242786
89722,0.08326805
71434,0.07269956
26340,0.08079505
125007,0.2571369
147256,0.009067013
32197,0.044743795
25837,0.016810108
71428,0.015411652
87096,0.18069874
148023,0.22227508
33472,0.013203263
28877,0.030633798
115466,0.08390514
12579,0.050423454
27052,0.026317911
100194,0.20399813
7967,0.07262662
14537,0.0058044246
10724,0.010283854
64675,0.0065612243
109892,0.018010102
77538,0.016651949
29180,0.06365455
80790,0.00854198
121555,0.060363024
52405,0.0071516745
52191,0.20786306
68378,0.017885195
120340,0.0298692
75715,0.031586897
19709,0.030315945
62878,0.047936644
114818,0.022720927
76707,0.0070809764
35244,0.5857363
81260,0.009776963
51091,0.056719456
136357,0.18093733
130882,0.06495868
79746,0.011417957
76177,0.10872393
83904,0.06409736
133184,0.00806494
5447,0.023657462
149573,0.010215321
62063,0.0111967195
23429,0.051228367
10138,0.02194176
43477,0.006956396
68530,0.019768815
87086,0.008650444
25526,0.015450484
91379,0.02114469
139691,0.0068491367
116475,0.04204608
124643,0.15554501
136017,0.020403225
12529,0.14211294
10605,0.061486788
78915,0.11767262
37733,0.07700287
16228,0.023091754
63314,0.056600854
93486,0.03433221
93048,0.013435116
74,0.026360258
9849,0.022897713
37928,0.20330064
100783,0.021525871
9029,0.24092266
113110,0.009837563
19462,0.017663773
126716,0.008550716
8632,0.00603547
148105,0.0627856
59406,0.030949814
41963,0.48517838
86490,0.03326517
101825,0.012479965
119109,0.023642728
114743,0.36045352
91314,0.019983018
130625,0.050267912
93817,0.037724864
79944,0.020449102
29324,0.009203076
29049,0.008166899
16697,0.014475887
118747,0.8096749
27796,0.056798626
80674,0.041331045
86941,0.030052414
146033,0.1885834
69672,0.026044967
16136,0.030743849
114405,0.0092164865
129144,0.013426669
129659,0.014067469
48312,0.013233565
134119,0.018164111
47297,0.021859977
87109,0.008134632
118760,0.026514944
95674,0.026106382
1428,0.040869158
67361,0.19529775
105291,0.07720697
42005,0.102647625
30839,0.17971742
70072,0.0090409545
66697,0.008107136
57121,0.012073136
92355,0.013705447
21225,0.6159544
47482,0.024722252
104896,0.40619454
51624,0.4136093
70747,0.009258337
143827,0.015015454
6785,0.009454747
116201,0.010156169
44079,0.0065023503
117662,0.24224256
90215,0.007951617
124982,0.13182929
138779,0.0096279355
94717,0.012836764
61120,0.027864378
138044,0.016411427
45388,0.013580757
100139,0.016885616
122222,0.118841626
134460,0.063587025
65821,0.039995898
27581,0.03666683
20329,0.44792554
96820,0.07184389
145291,0.0433332
83068,0.007559295
34444,0.41655725
60319,0.1501947
37719,0.40974316
55233,0.010601574
93009,0.022364505
75925,0.032520093
79474,0.060753472
24210,0.08565771
82436,0.0095241545
131380,0.0065564676
9948,0.009655468
141734,0.032072145
72020,0.008120529
97611,0.024247305
123258,0.15853544
36249,0.01307575
85421,0.4285871
92542,0.008055786
116575,0.013234705
62607,0.06279164
77567,0.011239064
61904,0.3715211
77848,0.016084496
104451,0.08657584
120114,0.10098437
136699,0.010563544
131275,0.1769845
146378,0.0069934824
110937,0.012508827
47198,0.17166865
116578,0.014568811
113699,0.06269597
77527,0.3957033
149739,0.010729755
125125,0.025442822
8658,0.023869969
128607,0.017531184
81929,0.028319368
48411,0.0086234035
79593,0.01555527
135011,0.06078724
43174,0.031238038
120663,0.021326136
145089,0.017672727
104473,0.039535467
137017,0.0342528
9931,0.046817966
37548,0.10204505
16822,0.0073771337
68461,0.013693477
27575,0.024026603
131922,0.036133904
61781,0.013981088
35347,0.016197689
77016,0.0430389
97763,0.01739501
87447,0.031116957
144011,0.01631174
23445,0.015758388
78317,0.0060500535
30233,0.00912028
58690,0.10501914
141183,0.040665824
64931,0.57142985
141997,0.06132328
131342,0.008684984
127196,0.012730005
8322,0.027125569
106039,0.13432284
145998,0.016399924
108311,0.15190981
110802,0.14700037
36415,0.10828754
31942,0.06215915
119366,0.36238155
84009,0.013843811
75107,0.0070563373
64869,0.025616784
134069,0.010213898
85196,0.010394238
14070,0.4588309
88996,0.016162742
7086,0.048843365
22280,0.088283956
103821,0.012920886
32214,0.11504929
3917,0.19240816
141972,0.504796
1310,0.027514052
121509,0.019392649
45120,0.025034143
23604,0.009585571
45816,0.13842726
99344,0.007951117
50184,0.011669305
68449,0.014229721
118910,0.01843375
137150,0.068960965
80984,0.037222978
47056,0.010600498
88800,0.05335473
93320,0.027508212
7985,0.0068406663
76733,0.3450368
98625,0.05674444
8769,0.016385041
22817,0.015930422
9455,0.3222872
121712,0.012235211
128258,0.009259558
35332,0.014418713
71551,0.008224468
127155,0.11420533
20170,0.08625011
70503,0.032431237
100032,0.022518396
71232,0.030831417
148438,0.060112223
38411,0.012808137
8928,0.013846357
69287,0.03065279
106946,0.008999443
89213,0.009656855
63979,0.03139476
131372,0.01964843
110661,0.0068700113
91590,0.10113857
2069,0.014160573
36414,0.046597283
111043,0.013420172
138666,0.085340746
32730,0.03679133
66465,0.010406099
49308,0.03730532
124344,0.29597977
62908,0.16896428
33774,0.008899843
7706,0.010801271
75125,0.111339495
80412,0.017306516
4277,0.007007836
68784,0.044382695
71686,0.5822882
101470,0.015599939
72089,0.0077656633
71,0.018477289
145189,0.011289558
124779,0.028566154
14380,0.0152567085
56376,0.35747707
89368,0.13206895
20905,0.26833007
40193,0.06394886
148445,0.062572025
129157,0.007527345
93113,0.037389476
38369,0.01363209
16343,0.009492714
3222,0.017449481
145816,0.010992463
41102,0.010193493
149371,0.12221336
136053,0.006082164
120385,0.006670662
39511,0.0155007
88252,0.01954811
57969,0.0282079
111244,0.013285421
101913,0.054896273
53541,0.008417279
147639,0.29731292
73125,0.020100415
58026,0.47266528
111079,0.043403678
46625,0.12849927
71013,0.07672044
64827,0.0061104004
35747,0.00659798
118973,0.034242865
136254,0.039413348
8591,0.03960178
60095,0.03846402
41401,0.013449838
142839,0.017815642
74618,0.018742515
58885,0.0067159906
74747,0.0065843826
146140,0.01006184
123701,0.017455345
100005,0.07483733
44772,0.088883236
29638,0.012733392
39921,0.0129886335
90017,0.06811278
16714,0.029763322
30368,0.040217783
28096,0.017245993
106495,0.009578502
33354,0.0058703343
109672,0.009107137
79955,0.011329323
146182,0.007706761
74215,0.016868843
13540,0.090600856
57062,0.017317427
19464,0.058371574
34716,0.23213251
41651,0.03478247
41204,0.014492399
140251,0.012369714
143774,0.19934559
33759,0.16467546
24331,0.014795296
38268,0.012808866
139243,0.025368825
25408,0.0073060556
111105,0.0216584
125338,0.0067588426
71415,0.01121084
74297,0.011357939
42476,0.091945656
124831,0.015859354
137645,0.03687713
6146,0.026289206
111827,0.07978483
112867,0.012503411
71494,0.12259917
19588,0.29295376
56942,0.018373434
29405,0.037112612
102777,0.009253642
14484,0.021380153
28275,0.28572544
45044,0.060293198
60505,0.06556105
140282,0.073994964
128563,0.007751219
136556,0.022876753
138067,0.052291688
44068,0.07612963
96388,0.029555362
138700,0.06714192
107586,0.018923577
10154,0.76255566
105561,0.0095493505
110442,0.012398018
64981,0.083478
86650,0.059429023
112223,0.014562707
86154,0.44860497
57831,0.5378475
3853,0.111244336
57853,0.012075883
68853,0.018589338
36518,0.023536138
27798,0.029375955
129569,0.0075678346
21360,0.050996453
30463,0.17071007
72357,0.2555717
106206,0.016063215
76560,0.087469004
38982,0.067822106
58430,0.013567725
123683,0.0070358836
147951,0.007944993
102295,0.006396104
100128,0.04768459
102488,0.059794597
84893,0.0142563535
29900,0.06175739
117109,0.03240024
148570,0.032436647
29842,0.008269248
15359,0.191308
138450,0.022631774
130480,0.011485909
32432,0.13629688
77468,0.030342791
98392,0.025179708
106438,0.011594783
66546,0.018435037
2951,0.0177334
34476,0.013813365
70787,0.015348354
42832,0.048350044
139602,0.16224886
14516,0.18207926
46797,0.031871654
50991,0.19386724
121027,0.025130637
39190,0.035045218
31255,0.30608502
98284,0.03770891
30000,0.01229584
30060,0.010159559
56837,0.049132414
3471,0.050401196
120732,0.08637697
59390,0.017072733
10048,0.14315693
141892,0.009769242
60356,0.0662702
142288,0.057291552
16323,0.03302126
130978,0.009906394
69043,0.030777855
115725,0.021696301
44121,0.13377061
76057,0.0104349675
11109,0.29461834
4193,0.0379574
27424,0.028980086
100845,0.0793696
123821,0.013052314
123135,0.008267277
69352,0.0146828685
123384,0.110499695
31651,0.034684643
97291,0.009729735
110365,0.012027262
3000,0.032903556
106298,0.4043005
90613,0.014680124
114387,0.022431582
62327,0.060716935
56317,0.009744135
107368,0.10965507
131951,0.104574956
129742,0.011172335
30036,0.029501203
19483,0.08212938
113334,0.009526705
86179,0.008013029
35010,0.009791192
60093,0.011620955
19731,0.013893909
81407,0.013825244
25307,0.063279696
31452,0.0131088225
97510,0.023024004
12353,0.017445622
24869,0.009507561
34680,0.015366416
57606,0.050402485
17577,0.08133078
3634,0.031298693
11701,0.030385738
42799,0.021609318
89897,0.012537598
127579,0.009100238
11004,0.020397231
122268,0.014313653
118250,0.17609009
29237,0.011042835
13418,0.093468785
38974,0.008242145
144659,0.08229033
145216,0.11719283
32594,0.06917097
124008,0.013281072
123806,0.16730052
80320,0.0076862327
75576,0.09440842
22641,0.40323314
64059,0.068595044
35109,0.011356338
50658,0.01369016
88935,0.5121443
84570,0.29094586
85502,0.008105215
5958,0.010850547
87879,0.037102878
82428,0.05376442
71395,0.026084997
120009,0.014818605
132530,0.041835174
144285,0.015022613
18001,0.12298102
55537,0.048580457
54659,0.05230076
77391,0.014629879
41704,0.031005034
81935,0.016497225
99330,0.0071416763
27421,0.008061862
12979,0.03751276
85202,0.008111666
34667,0.013340924
100423,0.00839464
142052,0.025861053
137228,0.08724116
21272,0.015127638
23077,0.36197743
138389,0.009099658
28159,0.0481002
71272,0.12996392
44880,0.0791319
52220,0.009467076
7763,0.013337861
13901,0.016018141
96195,0.015736645
37638,0.006287676
63413,0.011237708
118138,0.01261559
131826,0.07878266
106524,0.032385826
85419,0.005985426
24734,0.009463218
70507,0.09341973
92198,0.56201917
51569,0.007944974
121802,0.04929167
28985,0.0748472
104397,0.03611756
84652,0.006931938
36989,0.012420358
95839,0.009451719
56362,0.010677239
131140,0.028521588
73569,0.051900886
24194,0.04986194
33073,0.021766644
135423,0.0073635317
65033,0.012757356
48569,0.29558063
89271,0.020655401
135321,0.03437297
147658,0.031841792
7579,0.051899005
46285,0.008362771
107582,0.014095466
131232,0.007860019
81471,0.13324855
65462,0.005842107
134592,0.015465121
132150,0.025602303
124424,0.009646982
28561,0.35061327
87140,0.050010093
33504,0.01080231
37125,0.1967911
64834,0.013532486
60142,0.06406293
124793,0.14044133
6314,0.0536461
126156,0.012518828
57623,0.07185438
50781,0.028836923
115877,0.48497158
111581,0.02559724
143960,0.01108372
116695,0.027514657
88735,0.19165064
49823,0.015944459
91690,0.019528199
18995,0.014406439
9521,0.013312772
55535,0.39469212
117584,0.33637908
7994,0.009516892
114512,0.014060076
6429,0.18844727
4417,0.021064632
76986,0.035053637
95515,0.031240448
112035,0.057112504
111905,0.022931652
4574,0.020220697
147627,0.038608294
41545,0.07342629
122811,0.012023562
131080,0.07457703
94034,0.007361737
127249,0.06709536
121818,0.03562712
82241,0.17565164
23381,0.092690706
124458,0.0338038
88315,0.010261054
18136,0.013374206
96948,0.38402
105125,0.027600091
20087,0.012513423
131501,0.008745744
91923,0.019239908
136465,0.007219973
146177,0.3478232
122752,0.3197733
88143,0.018601783
104785,0.029268242
18425,0.08475626
120298,0.016532324
149256,0.014650756
22675,0.33400375
63042,0.016970914
47268,0.019825483
145669,0.057346717
134797,0.1049452
100200,0.41572833
136366,0.01661928
86873,0.012853167
74990,0.084713124
148583,0.07288595
136189,0.5977163
87465,0.030731644
142753,0.76474404
114110,0.107920244
131924,0.008346132
71496,0.011535694
142953,0.0329448
64396,0.024553401
12719,0.0069854003
119322,0.028776944
132531,0.009987889
57696,0.014446005
111030,0.10159497
111407,0.172275
33845,0.0071262885
7969,0.011505502
48685,0.00874932
17438,0.012974374
147858,0.024127133
98962,0.012075758
52859,0.016790621
7548,0.012881429
134247,0.011303544
49288,0.008688413
40736,0.4403417
84426,0.0072695366
81511,0.0141328005
749,0.013527783
35514,0.058191776
125954,0.057647794
9314,0.01823072
135293,0.012495435
7958,0.0193678
37103,0.01794819
105122,0.1846806
92301,0.021287724
127648,0.012973585
120160,0.012602115
88152,0.10203057
88071,0.050525345
124829,0.011725975
148629,0.051249985
13972,0.013362552
125879,0.037273437
63952,0.009719747
102736,0.04988806
135318,0.30309823
148890,0.08174688
23707,0.08005961
87719,0.031685624
11651,0.011316832
69502,0.015976265
6770,0.09192177
7164,0.01811756
25885,0.03636319
12825,0.01151084
135867,0.063806266
42943,0.014551688
98974,0.05570416
96751,0.07801059
81960,0.007539177
40137,0.008142254
139358,0.018608047
105150,0.035801068
140910,0.14785811
121382,0.017658908
60596,0.119862065
119562,0.32452124
92174,0.19699045
31151,0.0287165
65583,0.008687583
88606,0.021141665
97800,0.031902116
87310,0.09482324
1149,0.058939148
64308,0.0145159075
63707,0.008107362
37974,0.04286182
17144,0.0064565516
7422,0.0329473
144054,0.10228047
132605,0.011129924
106368,0.07037004
113031,0.052324895
125009,0.05085825
42708,0.06327557
124614,0.04472987
74787,0.0152162695
43400,0.010138586
96272,0.0066724573
3366,0.009813736
30455,0.23554216
21199,0.09766922
4306,0.13965741
72014,0.014782234
30113,0.021218797
144922,0.08801943
21986,0.01018154
58638,0.539983
113797,0.0066527906
59192,0.01194932
47989,0.007393685
86215,0.06527993
78170,0.0082544945
130845,0.014823234
962,0.0081127435
131558,0.021387933
97393,0.03293978
110968,0.056490976
116838,0.022293044
26281,0.070445165
106515,0.033630047
91232,0.009872326
23338,0.010052644
81167,0.024231331
66378,0.012635642
92948,0.007071669
98578,0.032270525
26251,0.07036085
132983,0.1995611
131834,0.00949066
3866,0.07862257
102868,0.019808352
51030,0.0126102045
69355,0.038104888
28598,0.0064064553
132552,0.008292402
17871,0.015100743
106080,0.013553317
74658,0.028256068
109962,0.25397024
131549,0.015858619
36253,0.013581926
23458,0.01589065
58022,0.017708035
69142,0.49512327
124411,0.09418433
76259,0.013283947
114004,0.0198816
93495,0.03999807
48415,0.5024465
73873,0.03788064
144330,0.034223776
77854,0.047875527
1710,0.0057596103
112875,0.012216346
142682,0.013341984
87506,0.01307935
106506,0.009214911
45657,0.010096576
110672,0.00991082
75767,0.01782584
147297,0.013083437
30669,0.014943596
108915,0.4294731
31222,0.019364264
73583,0.022677667
94125,0.020336028
14067,0.0301555
85308,0.030668734
39139,0.0073303175
115080,0.08424185
137006,0.013455294
68026,0.042301927
77805,0.12317961
89470,0.1882467
138566,0.008336271
29485,0.0068266056
70246,0.012231806
69223,0.027845303
64314,0.009522697
31864,0.012567818
76273,0.0066214274
38235,0.022628525
26768,0.49596533
41426,0.012376963
74455,0.07519792
121201,0.0764061
23849,0.008415564
91143,0.04351007
88376,0.012609576
101845,0.08482792
19244,0.36718503
112732,0.011475037
135582,0.009008042
43576,0.04710686
24737,0.11104564
105198,0.016235702
116242,0.009188874
64510,0.008827303
149175,0.04198607
126054,0.011634107
71745,0.53797394
38147,0.016066771
73409,0.008532334
10038,0.02900283
104808,0.011293765
3679,0.0062854453
65711,0.033106524
58418,0.011752075
101968,0.013876913
239,0.09376174
88723,0.010362135
124789,0.25051942
88511,0.44739196
125717,0.07821486
113807,0.018578732
109514,0.03570125
19984,0.012713009
61872,0.0070125693
106544,0.009447742
90214,0.011236505
129400,0.011340395
29208,0.17010675
59067,0.010551127
88412,0.02382523
38799,0.006590477
128233,0.14929862
58004,0.049533576
26176,0.022848848
54100,0.011919716
145875,0.16734423
87601,0.018229447
10715,0.061635323
126745,0.006138587
114240,0.07348386
10017,0.01970525
21501,0.015222094
5929,0.03584772
134152,0.07665297
40732,0.03785037
96114,0.047438134
41902,0.0122359665
115821,0.017340334
72314,0.012095114
146428,0.017219232
132333,0.15661722
116222,0.0075891763
93864,0.3213013
60290,0.045788907
9390,0.07063736
60293,0.5952267
95794,0.17358275
61431,0.03989292
113358,0.10818282
51746,0.038427543
24976,0.0057924422
13555,0.010551255
18760,0.00604635
48347,0.03912623
131508,0.018355941
84873,0.0132983355
93030,0.0071840137
35809,0.06825366
12049,0.01370802
61312,0.034497872
30069,0.02095928
467,0.014868628
51737,0.032398224
121715,0.05519077
21500,0.01729759
26988,0.08390155
132012,0.045730785
63141,0.06027341
104416,0.014257929
44214,0.011577423
91396,0.05530081
19157,0.038280442
93621,0.00757608
122874,0.01105042
147145,0.03402398
124361,0.030679397
28343,0.01561896
146818,0.28306147
125998,0.10211601
57967,0.015793957
79551,0.021518134
130065,0.038516637
51435,0.5212429
146318,0.009204846
40290,0.00844472
126584,0.006771755
5946,0.0075632622
83573,0.0127078695
91995,0.015260356
145598,0.046938878
122535,0.10366488
74635,0.033180818
137870,0.011817864
97851,0.0596873
106216,0.018435696
30010,0.043392364
12824,0.040368978
128766,0.035541784
16980,0.23073104
146340,0.013900229
37288,0.022711275
57434,0.08812218
129650,0.23699263
116713,0.02449068
1493,0.018171754
18133,0.42260295
100703,0.01669757
104429,0.22554125
27218,0.14679895
98740,0.009819141
76726,0.025695655
59856,0.007986604
48589,0.013369004
94647,0.009805006
9183,0.07684313
26206,0.01847489
23826,0.014096936
59330,0.05466673
114270,0.059590228
36787,0.007463984
110401,0.2812445
42759,0.0073861405
87492,0.22061259
58528,0.06822214
130635,0.29040492
85424,0.029222142
43340,0.026843684
81209,0.057862163
59269,0.011083319
32069,0.020668045
9792,0.10329501
131746,0.027070457
54084,0.051225018
104839,0.1676053
4363,0.07342322
148370,0.5872486
111837,0.39047766
130834,0.00926892
68056,0.010539956
9683,0.016874522
46148,0.0075499564
94473,0.029733898
104532,0.026420226
79099,0.0121498145
101261,0.12582578
76582,0.051397756
7682,0.032639567
98296,0.07946781
93354,0.0059954347
72328,0.035502207
128605,0.061663717
45360,0.014884288
143673,0.009487999
28753,0.014890373
72044,0.01180691
43191,0.015042834
67988,0.013995439
74566,0.0880487
82813,0.027910145
138936,0.008321388
73524,0.24040006
65380,0.09188506
46489,0.010647642
128945,0.013569577
76706,0.0076790205
127105,0.01522045
37819,0.008535537
59430,0.0099705
41194,0.025417067
112229,0.091063865
55111,0.011755597
45723,0.3138902
39754,0.00856635
84390,0.0072750063
129506,0.5810542
96818,0.007127382
115010,0.013690482
116714,0.0067931996
28649,0.05410969
124446,0.007133141
77872,0.008722085
13837,0.118397914
7689,0.017934687
7621,0.06787482
46321,0.00864634
34615,0.011400784
139534,0.05536843
109263,0.016610242
20816,0.18988618
29872,0.06984909
12810,0.020402644
2279,0.24276009
140023,0.2260367
17062,0.0075675407
120306,0.008379986
60678,0.008966312
127872,0.0098447
43982,0.006846345
7667,0.009091457
39399,0.025197228
14906,0.63832605
84778,0.020237107
75971,0.013359648
142748,0.045952108
32007,0.20505461
87626,0.016816178
120396,0.112063676
28111,0.014629597
53797,0.34454295
89837,0.049474042
67398,0.020511463
40161,0.02420213
6388,0.024570968
102825,0.0112210885
93769,0.31744134
101475,0.02200653
24424,0.095772
80268,0.011755807
100457,0.01326519
80862,0.014678661
17303,0.0752426
112661,0.0061880387
139247,0.027124267
43246,0.018340886
66621,0.012130365
66865,0.014124698
48077,0.0066165053
79173,0.0073661986
18132,0.06817457
42684,0.008274196
55817,0.01091327
16264,0.013921676
126615,0.011246639
7495,0.07961386
85217,0.11294595
39821,0.015555962
82532,0.020365814
99407,0.014490241
36059,0.01047129
113151,0.068281405
21462,0.0077023753
50990,0.017405488
80256,0.08188773
59272,0.041043397
112292,0.007879826
98850,0.03851579
83278,0.008472003
13941,0.17709558
43796,0.012532516
10216,0.01012362
3239,0.09455297
75264,0.019750584
24495,0.01083106
136458,0.024243414
98338,0.11850609
126908,0.05375364
68492,0.042908795
74187,0.1028227
57182,0.009667509
72872,0.01653772
40352,0.013309114
118481,0.013907754
21711,0.0061083995
101857,0.014089774
132931,0.13211514
124818,0.009435408
106710,0.015556226
120947,0.01135372
16081,0.09475218
133944,0.3018128
112656,0.013394147
102254,0.0338113
144518,0.23107703
106646,0.011306705
102310,0.043842908
98500,0.009349096
90737,0.026306435
14965,0.010712899
114941,0.09935966
56543,0.012129142
6734,0.19509692
111600,0.099754766
34212,0.020870779
60183,0.0083984155
5191,0.021568486
13942,0.011206031
60801,0.017291732
42862,0.65294766
72671,0.42511362
104224,0.008353242
66341,0.016468236
97024,0.38517925
6073,0.009862035
66636,0.036513053
60018,0.021499308
59101,0.013320347
98901,0.016408734
136818,0.009336377
103147,0.0091557475
100162,0.076311134
146184,0.010227617
48418,0.0104243085
43548,0.015668724
19205,0.011340353
102404,0.020799624
98885,0.024968911
123812,0.34607092
27462,0.05886547
137439,0.007056819
139231,0.010398815
36115,0.035988312
30400,0.028589498
106853,0.10563406
98932,0.015642885
8326,0.0069428054
13936,0.009015468
137916,0.045265343
10148,0.02036634
104257,0.037178863
109759,0.1989123
14354,0.006216486
138727,0.0087579675
35782,0.0077076256
126179,0.01265141
116255,0.022953842
4113,0.03314929
136657,0.007988471
25743,0.6071793
33262,0.007011161
142144,0.012931047
58433,0.034782473
132385,0.5694151
24485,0.019603841
4979,0.14998265
93100,0.01236382
60078,0.006840009
60712,0.1519598
77890,0.009783733
59788,0.0063710646
95364,0.09868633
101980,0.01651956
107798,0.057689335
21350,0.010152244
505,0.009794941
31713,0.0098695615
51036,0.04842073
19777,0.022289272
34584,0.007853715
68631,0.07146707
560,0.015945446
25758,0.11380919
53720,0.78081524
135787,0.00840191
130971,0.017669085
80542,0.010185697
40313,0.020451562
108930,0.013978826
106051,0.029068805
27391,0.02074758
74694,0.007398184
88561,0.01150477
30615,0.10613891
120542,0.015918115
66806,0.008350206
107534,0.039834462
112257,0.22460884
78409,0.018445728
5755,0.13174225
22118,0.02920482
51872,0.012078415
35611,0.029087417
35300,0.010172519
48602,0.011713068
127613,0.12251076
100233,0.008618554
89768,0.08458356
5054,0.013722197
63608,0.02500932
15424,0.1234231
47229,0.014042135
118170,0.013526218
125280,0.04870866
63015,0.0077500055
107442,0.1939719
89943,0.0068191863
69956,0.049901318
91068,0.016016113
83108,0.014805572
90997,0.0118898135
15775,0.31605306
55770,0.34001368
66582,0.016317174
120268,0.026294285
124497,0.01301432
95703,0.011993726
82446,0.01416492
52120,0.053689983
122240,0.019767629
79952,0.081811585
17211,0.0071992557
59315,0.0061242175
68613,0.035835046
141277,0.05187909
94533,0.01486432
14053,0.020709062
119477,0.020360563
29392,0.011571509
34033,0.71343416
122074,0.07124921
99774,0.05051082
22208,0.078938976
9281,0.0074277404
44633,0.4428477
83994,0.02539281
114306,0.045470815
13084,0.022376195
54349,0.06197802
19421,0.089496925
118596,0.010234841
12356,0.010736008
98889,0.01630725
49318,0.033898383
2965,0.053374026
85782,0.01260551
46439,0.006724855
122880,0.5550622
145686,0.011774696
82070,0.024486419
29213,0.07110038
51097,0.040678725
43342,0.01946812
121779,0.010772665
29036,0.014824482
139622,0.06219188
58785,0.008846615
89391,0.012533219
143672,0.012700434
137600,0.013489155
836,0.016416663
55927,0.011913367
30327,0.01506306
51015,0.027008403
147263,0.010742022
41859,0.010451086
40446,0.04997404
81688,0.010332633
133932,0.008518694
106273,0.10210596
29244,0.014361795
45823,0.02005057
102696,0.025687106
132111,0.09790829
82328,0.14124607
142379,0.09738912
118190,0.41491923
60699,0.041629706
134236,0.015847057
96673,0.024701664
103404,0.0145752905
52201,0.0075217215
58009,0.015347699
13483,0.0707607
79779,0.015051782
57907,0.017577253
142196,0.015032241
11309,0.39277813
46105,0.023609834
104792,0.010187746
50555,0.014787541
52225,0.009623153
111919,0.040236488
140618,0.1368558
92245,0.32422155
56197,0.0926449
82857,0.01277123
86187,0.18325958
105800,0.0081155645
85486,0.047639985
70900,0.039922755
1630,0.1695056
102177,0.012526776
61912,0.011808474
6710,0.008999545
108430,0.03105588
52605,0.010613704
65204,0.040441032
33880,0.027743027
111974,0.014940495
104799,0.012115884
137296,0.006471674
100683,0.018576017
124957,0.012632202
90841,0.006590605
95913,0.062979445
50648,0.06570742
91226,0.09496296
15871,0.036552604
78750,0.01045407
69098,0.012289258
82974,0.01504855
62007,0.043361437
67315,0.009593844
145744,0.058445025
79617,0.016795723
134243,0.009925144
37084,0.01118218
81889,0.014001145
85097,0.047970437
129794,0.077659965
136271,0.015182895
121077,0.10138754
86042,0.0074862763
53600,0.055937443
123233,0.06250115
95179,0.018297387
68284,0.13306563
118922,0.062327623
58805,0.007799643
115657,0.012193909
94558,0.056924373
120193,0.062136333
125302,0.086030014
39609,0.009016419
69207,0.11908482
118932,0.04310819
32012,0.012922133
72881,0.05300355
60490,0.007304807
47346,0.015341965
127324,0.05419057
84653,0.013356254
133313,0.109188005
35597,0.023613237
146259,0.090164185
71005,0.013425348
25448,0.037971124
142746,0.108526975
83091,0.014331911
78759,0.05819835
72797,0.009319993
112521,0.0090054115
108176,0.5695544
23764,0.05061713
143298,0.011082487
87353,0.006543851
14789,0.42511362
13110,0.011700286
105713,0.026726885
29892,0.0064089843
140692,0.06640437
110260,0.04346878
33632,0.022999266
53761,0.0069150017
49459,0.12593728
106240,0.017997766
147009,0.04320909
91993,0.014543607
9884,0.010791865
145323,0.048796415
46438,0.056829296
41068,0.015781814
136148,0.010593419
65299,0.013084411
91002,0.011544756
131824,0.009877038
4395,0.06844755
35042,0.22943525
79936,0.03491095
144736,0.014336323
40155,0.07177052
68620,0.11781557
28805,0.0141361505
34405,0.18450443
145518,0.0097635295
66706,0.16497332
44607,0.52676
115461,0.11865172
113499,0.06959352
47535,0.17413546
67040,0.11614724
148487,0.06755875
56260,0.2588071
6072,0.43987563
57118,0.008105783
85859,0.019834185
147581,0.0381521
13610,0.028227001
16071,0.0723746
24007,0.0143083865
26701,0.024899265
134835,0.016491052
9609,0.40569228
149143,0.09804655
105092,0.01216656
127874,0.010682725
86140,0.010307536
99427,0.037261564
74300,0.011686872
41793,0.068954416
56068,0.24355556
56429,0.013229281
8055,0.007373353
29021,0.009850354
13332,0.01441933
28635,0.1864259
6348,0.080986686
62413,0.106803484
9650,0.2711836
145980,0.1087059
1441,0.5787078
57195,0.041777946
117876,0.015728248
138607,0.013618811
7074,0.12842752
118723,0.0069447784
82684,0.012191675
88173,0.06387566
19231,0.10016757
28518,0.018219484
46846,0.012846442
120156,0.19960879
96639,0.042958993
7572,0.10617811
92972,0.05261073
66306,0.009827058
24385,0.007534811
72875,0.018530067
29666,0.14793216
97635,0.009428907
51648,0.018562134
40198,0.0066435947
24612,0.049367502
61045,0.0138637265
135923,0.017788295
9909,0.015936695
112549,0.3166553
89516,0.32872802
149103,0.07494809
100094,0.017801696
12927,0.118692815
65614,0.05756866
132343,0.10343924
98243,0.15879734
134419,0.32284048
42305,0.013468852
103986,0.029712541
38621,0.014219511
73152,0.011628762
101940,0.013030089
25601,0.0053550936
22467,0.07061839
48401,0.5431439
15946,0.023991082
3795,0.015141582
43361,0.020053508
94551,0.039873593
57076,0.011132201
96416,0.060045637
139610,0.013495095
10278,0.3633649
37976,0.7692703
67892,0.102447644
30336,0.026839623
56828,0.009964623
143990,0.055072244
140998,0.1685006
22702,0.030558527
63145,0.17083618
124246,0.012923374
101697,0.014990959
122476,0.14155231
19120,0.018754914
111964,0.013451421
19158,0.06716865
100705,0.011908798
53235,0.011586277
38307,0.009349983
79907,0.01658952
52030,0.010503761
23007,0.17577983
49345,0.03799584
36567,0.025217852
142889,0.0073466296
40756,0.016827438
119304,0.09238844
97083,0.014172053
16988,0.011675086
6166,0.013858994
75772,0.054283645
7235,0.075121805
7687,0.0119822435
62437,0.03247091
148972,0.25672203
90088,0.028408702
36134,0.022510145
116869,0.13214771
91265,0.01989713
109144,0.259242
64782,0.0074668177
39514,0.008729459
132924,0.11638542
147916,0.2779466
30818,0.012535185
128061,0.006535047
85355,0.1139091
145413,0.10007255
83940,0.035054944
58185,0.014031254
143739,0.01710745
16273,0.009045591
10924,0.015192123
110867,0.0600641
72938,0.0075741475
55876,0.03021127
26698,0.008407994
22580,0.015214533
12111,0.056176864
71687,0.0063704336
15720,0.015528375
36843,0.39472288
64384,0.12904835
101162,0.008326919
3936,0.012146318
108203,0.011180382
92058,0.09974336
138823,0.016299091
124004,0.008037019
72440,0.012599047
51772,0.020734949
22972,0.07808249
126447,0.019709434
97017,0.010456892
90415,0.101566575
111838,0.012509635
122904,0.008126857
102794,0.26971704
108474,0.041566182
143883,0.061406102
76491,0.011829457
91255,0.04824843
147459,0.018704409
137506,0.06862924
99199,0.06904156
44023,0.014894837
80466,0.01779903
147348,0.019625288
111835,0.023764962
36688,0.02694199
23102,0.010542851
117940,0.016822439
8339,0.024805017
12929,0.3089746
29473,0.19972886
52856,0.014360492
51135,0.02200198
66241,0.015743352
20910,0.09398003
16239,0.008341397
1317,0.012656081
123243,0.037488706
50109,0.01696618
24837,0.01141271
44428,0.023893567
83701,0.024018865
60960,0.021808095
80025,0.006641757
6629,0.11780162
83525,0.010928959
114638,0.05482122
130586,0.018266613
141177,0.066817515
113865,0.014466952
103601,0.05703224
100554,0.36196512
131962,0.03766801
130007,0.010887606
24822,0.28947008
131309,0.040189825
118857,0.023067595
10206,0.01501192
92351,0.0077875406
89620,0.015319038
128253,0.0071378266
143516,0.055891275
90443,0.012902217
139976,0.16295102
26110,0.13116185
54720,0.030695753
11279,0.022722065
25454,0.22869292
31508,0.01674475
123746,0.014300917
69177,0.0075108726
123392,0.013971638
106937,0.023038574
17132,0.011434655
13764,0.039532986
12823,0.080726355
54292,0.084544204
107776,0.009997502
77600,0.03656484
64211,0.046584122
31101,0.023001442
140061,0.020447547
10863,0.0076614004
94400,0.0069293855
85074,0.019267336
149632,0.010843384
5399,0.15667966
71851,0.007663365
11202,0.01418445
134582,0.030913113
36919,0.08697291
116144,0.012650558
143489,0.4193635
7166,0.021546956
9236,0.43290392
36924,0.28840625
42135,0.0075817136
39665,0.006241688
19540,0.008083756
3418,0.013170574
8252,0.120490775
15539,0.0076014404
132845,0.01950924
99384,0.11053769
72694,0.22505775
133742,0.009382936
149718,0.10272084
114635,0.12654355
60983,0.055504374
79131,0.34738353
1866,0.050520208
56363,0.011877681
74343,0.039355204
97101,0.71049714
108321,0.108050115
61937,0.03982436
71286,0.0063513084
99331,0.040962353
149557,0.009976122
57970,0.072315395
137531,0.048769537
86273,0.01553052
80060,0.022586564
138357,0.012866472
15,0.006988216
1395,0.013197411
78777,0.030399986
71435,0.04860638
118693,0.009857779
2356,0.098934956
100491,0.016421491
37513,0.0154885305
58023,0.005778452
2545,0.027019627
76210,0.013037548
6013,0.4463928
69921,0.013791861
77754,0.010780143
144614,0.0119583765
51432,0.011499728
35910,0.018410796
86701,0.09935405
105112,0.12142764
15241,0.008713934
103656,0.04833108
41124,0.013419938
14201,0.01027518
22183,0.038379416
147323,0.019440852
25017,0.008989574
45417,0.009516187
88383,0.073182054
27278,0.010203678
114105,0.01056024
139809,0.009763994
9538,0.044898514
76476,0.08396884
44173,0.018202273
100340,0.006252511
48759,0.07059931
132617,0.01126148
122444,0.084018886
72224,0.02597306
68665,0.011200765
71525,0.018730529
12344,0.015478035
104315,0.056945205
56865,0.087633505
107679,0.008234797
148313,0.009012278
77041,0.010101596
108645,0.008808352
7613,0.012737319
133809,0.0068346923
90404,0.250902
4768,0.058700968
47341,0.017968675
17450,0.027884625
131753,0.006517814
56992,0.03604453
124727,0.032506164
76085,0.010991566
57834,0.019018935
115084,0.010508649
97508,0.61017215
127158,0.008467245
84861,0.058496796
48949,0.1255596
92843,0.105766475
87680,0.29189157
118847,0.02160515
51391,0.012491965
80704,0.3321218
143348,0.2178259
121047,0.04257737
13539,0.01398638
32480,0.0627883
138032,0.045833364
115437,0.029420918
100363,0.031249266
83344,0.05581648
141329,0.016135037
113612,0.062274676
113621,0.014025509
97208,0.30349866
49899,0.07075051
55141,0.03245023
113600,0.07023058
116957,0.010259651
87412,0.049467012
18747,0.059878882
76016,0.012367367
19912,0.06998346
124266,0.010511297
83027,0.012182949
6368,0.0173041
107221,0.2544227
99618,0.47752994
93731,0.49774387
95139,0.042969353
105139,0.041982368
72110,0.061787535
98290,0.31038007
96050,0.65102017
132545,0.056065477
133528,0.3396552
128980,0.17122655
48494,0.07657737
129421,0.014819899
79552,0.08017374
114013,0.27070773
49419,0.01020403
94202,0.4076552
127047,0.020681089
110258,0.012552218
43702,0.115751125
91451,0.044496644
526,0.011623206
114391,0.3315012
39409,0.025390508
90105,0.37063438
115788,0.007229522
101937,0.042636894
13765,0.041362442
78627,0.03627731
11073,0.018547885
17887,0.026735289
97349,0.013853365
99771,0.19843972
119209,0.009876777
112543,0.008613084
94299,0.15009934
88497,0.007951242
37568,0.012450222
84352,0.06508848
139502,0.040887713
79832,0.0062062046
142203,0.010880716
1387,0.044586666
149959,0.020533916
110080,0.0076910206
139577,0.0074302573
61786,0.02189158
84561,0.123234935
80653,0.09375398
70684,0.02732753
105343,0.06011741
19810,0.04796741
76243,0.01869317
23928,0.07728427
35426,0.018925982
102755,0.04957673
74361,0.089991644
4176,0.08573695
17375,0.054142646
133657,0.015480579
42357,0.008524278
146892,0.0058904095
69088,0.081392474
138804,0.4634176
74954,0.018165069
111941,0.018956188
51307,0.011007241
2975,0.014675847
41869,0.01236484
142421,0.009510884
45698,0.047506172
125583,0.016155897
15447,0.49763647
73334,0.027047811
106479,0.006268815
84397,0.015864097
128156,0.015660986
106897,0.024363467
51723,0.048547924
142707,0.012713632
62479,0.013959333
20101,0.08095644
110772,0.023004146
68424,0.29274714
132463,0.26282653
3519,0.045061737
13916,0.024190653
53146,0.0694552
13543,0.017977798
109477,0.05677773
128246,0.13872643
111799,0.012451835
19516,0.040202923
42893,0.026606387
40085,0.23239912
10676,0.028860327
27064,0.043810967
43852,0.020477276
138901,0.10048204
64062,0.016919853
43850,0.031915277
97325,0.010152349
146226,0.0132767735
100553,0.23401693
135277,0.012656289
96257,0.09278938
42967,0.016067918
113832,0.013977453
68343,0.102371156
14849,0.17051935
31226,0.009829893
121531,0.029879974
95627,0.040930923
83583,0.09474287
54777,0.020890282
43598,0.007842843
48525,0.016922947
54888,0.010045125
9652,0.019269425
117471,0.008499694
5799,0.015888376
104352,0.02792798
141261,0.012849938
35090,0.07598257
105279,0.32510176
50724,0.013583569
14114,0.0065529807
103908,0.124466054
83447,0.007812025
114494,0.041606072
44533,0.009397197
78911,0.010281074
77475,0.13119584
69204,0.011936328
76068,0.010199509
44613,0.013227439
79306,0.0076541128
102757,0.007199147
94191,0.06474363
97187,0.066271424
128710,0.04674293
27443,0.030990131
85159,0.0981364
33970,0.011860036
53455,0.008061202
64513,0.1351462
84745,0.02944748
39594,0.009948181
97516,0.07682273
14235,0.006578207
14795,0.06798586
16412,0.01622209
97353,0.2531669
2497,0.29799816
15053,0.009485749
119302,0.079432845
26262,0.046336688
51126,0.020009382
123215,0.030707603
30672,0.050651133
100375,0.047578167
119516,0.14339599
36310,0.011747435
33217,0.013801568
140962,0.0075091706
147151,0.03911662
49957,0.007323877
25770,0.051777907
123046,0.010178595
149585,0.047212046
21572,0.019648328
93939,0.009216047
87569,0.006064962
73465,0.077143155
86542,0.01918483
115882,0.0818718
28588,0.01698121
106800,0.0056502423
15296,0.006804112
83062,0.052802548
247,0.023280943
48951,0.010838541
112988,0.054103933
109720,0.09243905
143747,0.012731186
98134,0.01101597
78626,0.01956784
70410,0.04061687
23622,0.014572146
102866,0.12705065
86863,0.048204534
115008,0.44371995
122185,0.010228196
147192,0.006897962
55349,0.07613109
10454,0.7679314
26327,0.007821378
6180,0.08456596
74539,0.039994534
101793,0.007969279
128367,0.106115095
96245,0.0073403833
88714,0.016228437
59325,0.052105542
17427,0.015891835
61345,0.05168486
90060,0.022225106
26232,0.01399234
39715,0.045506284
99139,0.11130185
128755,0.01407063
88881,0.026846237
103186,0.2086554
125758,0.0864607
71819,0.01260253
149699,0.009654676
135516,0.024239467
16713,0.00862417
62037,0.42556214
14004,0.09665878
141664,0.07443353
129950,0.044731192
131732,0.009483348
59161,0.009010962
76038,0.013681549
33211,0.0276325
118516,0.7751161
64146,0.009200942
55085,0.0074363295
36996,0.06948906
51051,0.043682296
23474,0.008068801
106874,0.027305888
25038,0.012905461
86144,0.06513835
46159,0.010149867
96084,0.01552006
58477,0.36884552
75716,0.031178668
127450,0.111341566
27329,0.009508863
60059,0.01892374
80110,0.013153182
116212,0.112146325
43689,0.02889254
141885,0.025037851
95692,0.01757299
97298,0.03628034
58512,0.022606073
4245,0.23340528
120029,0.14592257
115094,0.06934007
146768,0.17692557
82338,0.40658653
115721,0.0063211573
99083,0.013194679
38446,0.0413138
126343,0.08097961
34389,0.027060771
83106,0.19676004
47494,0.23190328
31448,0.20657578
26213,0.008051218
17583,0.010835096
69792,0.0066864314
127588,0.1355907
6724,0.077852115
2579,0.007999357
102886,0.014959138
101838,0.19117527
15736,0.057638615
80127,0.04254575
135986,0.03511673
6963,0.008266932
63726,0.019544318
72960,0.1089415
42506,0.08946087
116791,0.048786454
85749,0.014612367
60017,0.28619173
30597,0.035358608
67514,0.009672706
9094,0.013333087
102323,0.0070954203
97801,0.016143631
134807,0.07061968
80692,0.01834152
98216,0.014453909
92582,0.016597217
32378,0.0062820986
59492,0.29614854
142382,0.061670415
148436,0.059316125
35781,0.0899748
138359,0.019400084
24431,0.015923433
134630,0.0072961473
109522,0.018107757
114793,0.012871336
135754,0.11095953
10970,0.04974798
69087,0.010239503
116448,0.011825763
54963,0.03330935
117720,0.014439355
40370,0.0125779705
42041,0.019082256
149095,0.1444428
37882,0.01855298
113225,0.012301006
14233,0.47944432
100665,0.14550313
143145,0.009680616
29350,0.008015747
4713,0.01969539
9080,0.0164705
53595,0.05468768
28604,0.3036504
5419,0.0147779705
14641,0.026075376
6164,0.007473999
99374,0.010496597
144217,0.02925346
63530,0.010218242
149832,0.013560383
21237,0.06263562
83421,0.03595969
45067,0.013288704
109141,0.03484073
97168,0.05046838
87040,0.0071759406
71484,0.0384013
33754,0.027268657
88102,0.12622106
127438,0.044638157
129782,0.020887854
116915,0.014087171
49727,0.34542415
114766,0.011024561
68781,0.0130518405
63873,0.06456145
98986,0.018214904
27578,0.04523892
71277,0.025692701
138772,0.006217393
41779,0.08909697
1301,0.065077364
132187,0.03460733
49529,0.009657005
114272,0.015351006
11124,0.011381093
136314,0.008830282
49218,0.43521354
59034,0.011706827
18066,0.008994405
74443,0.008156909
45432,0.009054562
51745,0.08438765
121017,0.5281303
107531,0.0076354723
144167,0.018855982
30647,0.026454786
59960,0.010297666
30263,0.03910427
113471,0.047249198
18155,0.13193302
136127,0.011348471
109956,0.02158976
85523,0.011911374
26196,0.018903028
105622,0.014296234
23806,0.045209
74130,0.008974324
22653,0.03275406
143199,0.0060751406
46691,0.36741862
105808,0.016932826
4719,0.010223215
29562,0.014856905
143961,0.018529793
85489,0.07644834
60720,0.009404799
148970,0.0091791805
111931,0.05907855
23164,0.024471888
123465,0.023074709
85747,0.021471867
144349,0.010708927
103164,0.035222597
121243,0.009545833
102101,0.3728033
61623,0.046717342
38160,0.012563126
93132,0.111543186
60262,0.026104704
40398,0.008048215
75792,0.08863608
9154,0.00706875
96860,0.04734134
115041,0.03368891
29572,0.009578977
147853,0.015411978
47636,0.023717195
46594,0.069162585
45792,0.40447298
20367,0.06460891
111763,0.0061487043
1720,0.021064404
2960,0.0064431555
55162,0.24899782
8961,0.11172262
131604,0.013273282
56517,0.109282956
6924,0.0068411236
47348,0.0724667
120614,0.011658619
57976,0.044891994
53279,0.017414885
46233,0.013195169
47513,0.011991092
82488,0.012034431
53622,0.017072702
130498,0.011007999
130838,0.44381595
37755,0.00850895
5080,0.013489535
114120,0.022234274
112094,0.044963002
32011,0.03329934
13125,0.0077827564
5184,0.01424883
2281,0.3437664
16057,0.13602456
65754,0.009887312
14149,0.017970761
24692,0.031836905
129117,0.012056932
120699,0.06859866
138190,0.030537112
106029,0.019495152
106924,0.008843809
39847,0.010873402
484,0.007655301
134549,0.028324826
74523,0.027329957
29421,0.10356844
107337,0.021225944
9879,0.012324265
64187,0.018121526
102263,0.009482466
140621,0.6261415
40763,0.021094995
126496,0.04417991
74445,0.1268342
136825,0.008362284
69341,0.029972166
84647,0.0117799565
92095,0.14310366
52551,0.014980984
69935,0.013981173
87358,0.055190757
120825,0.013279579
119728,0.011901079
54484,0.007347002
119720,0.01235257
81161,0.007776234
98701,0.007485847
69709,0.02381018
61148,0.01957675
77196,0.010627979
13035,0.051042683
64818,0.019455474
70541,0.032081272
58120,0.28544167
8851,0.008054658
125072,0.079174735
139452,0.0066128206
1326,0.07452291
84435,0.044150367
81618,0.016492367
96044,0.011302633
93435,0.08369224
3893,0.092732444
8123,0.2825409
79468,0.053753965
47097,0.00984068
101982,0.009191114
15397,0.030560272
68499,0.011805241
49196,0.104283236
87122,0.040294994
138493,0.028654773
21249,0.013870815
15765,0.030313836
126119,0.06668817
109214,0.006471965
38213,0.12012699
120512,0.015238666
119299,0.016430873
94833,0.0154024735
16049,0.031059561
73482,0.010309619
18834,0.006101612
93157,0.041186187
9559,0.009830734
67321,0.24422559
44850,0.006977328
108643,0.017504858
122121,0.08020067
110974,0.36815855
5492,0.061235234
75796,0.039049365
106096,0.007787994
38505,0.44235528
148862,0.104353
75006,0.007150402
50844,0.015111051
12020,0.008107362
122345,0.022489017
39945,0.025396314
31782,0.21321785
72091,0.1434687
63825,0.04976832
132357,0.021638604
9049,0.0251212
39937,0.07069321
107134,0.14496401
91283,0.009134248
79738,0.09593316
138414,0.046958964
125697,0.009833853
24119,0.007319376
40488,0.018838
92983,0.03297362
61464,0.06237496
122996,0.020089766
94858,0.02458515
124679,0.0076576485
139152,0.014852971
22813,0.0116966795
80147,0.012118422
79193,0.34103227
14543,0.010799416
118930,0.012229928
85966,0.01874178
143872,0.01617843
100557,0.33862373
80972,0.3919779
98859,0.13577037
66457,0.0134838065
82973,0.030091228
111055,0.010916864
20165,0.01675195
84715,0.05537128
35643,0.013565021
55957,0.09299935
33963,0.03294445
95838,0.05463759
43297,0.015133472
10538,0.30937606
62348,0.08984518
117433,0.10687957
46875,0.006933396
143095,0.017396845
120712,0.4495488
4138,0.01606929
34845,0.010835474
53166,0.01226886
66729,0.029063417
3524,0.13612366
56744,0.0054133707
37673,0.033253018
69815,0.01414795
34039,0.018379306
131646,0.016006991
23952,0.02644267
82013,0.019168569
92764,0.024496257
85779,0.01660814
80375,0.0649758
10387,0.015101658
67162,0.014498926
59003,0.046006415
37241,0.1546394
101139,0.2873735
104737,0.009524546
85804,0.11781252
66629,0.017044647
43645,0.0056710476
32829,0.0077356333
86702,0.32689837
68158,0.0115814395
113035,0.020341534
13031,0.40476504
90532,0.01694237
30939,0.35481387
69216,0.4375065
141219,0.006964115
5467,0.021093007
67379,0.009403351
63719,0.05050619
147252,0.025119128
139051,0.10029362
118078,0.020995695
95862,0.016476365
59151,0.10220931
1830,0.04526186
93603,0.01898749
52558,0.007008104
81312,0.35742015
140796,0.025482886
99372,0.008725784
88469,0.08346317
37442,0.0820218
1458,0.059131924
39865,0.30429947
18032,0.068768784
2245,0.010324454
96260,0.008905052
5912,0.024265798
138651,0.014122441
70651,0.02325011
137869,0.06250399
116006,0.0069939727
108537,0.0073343334
72396,0.030783387
84430,0.014575941
2097,0.05600286
72859,0.020050703
69244,0.011115857
18157,0.019230433
47750,0.019309843
133121,0.23351355
94291,0.037193134
9223,0.008412512
65542,0.04073893
44290,0.07220241
36089,0.41042998
87956,0.09063982
134105,0.02537723
27985,0.005728671
127700,0.009862634
67003,0.06576323
6426,0.04178709
105370,0.0075993654
97402,0.04624364
94755,0.19233073
104095,0.29145488
81732,0.010880147
146435,0.0100336755
76967,0.01517457
136042,0.05817256
11999,0.12279382
82789,0.04227623
96252,0.013022776
10712,0.04797782
813,0.013046344
85876,0.03601512
80725,0.053494547
106262,0.014796512
44975,0.065010436
91940,0.029098947
139843,0.007159975
11460,0.010461921
4102,0.010815668
101333,0.2798609
109471,0.10936867
66312,0.020309899
96877,0.0346413
93472,0.010739904
25486,0.028971676
38478,0.013755912
10076,0.006975475
79260,0.058523536
36979,0.01783207
74408,0.059574053
114975,0.009797417
61351,0.23999256
119683,0.014476064
128486,0.24152768
134124,0.042853408
87254,0.13121416
89428,0.044050675
93983,0.006238509
55824,0.009139169
93049,0.037666254
2827,0.0074591674
23613,0.0284865
10785,0.0071116947
33238,0.11152972
39069,0.4485313
94092,0.012940946
21131,0.2880705
76392,0.09738053
84110,0.09831083
49863,0.091072366
23870,0.031231087
115215,0.05326569
7395,0.010317566
116567,0.013337867
54301,0.009186877
147667,0.049925152
6760,0.012711225
1731,0.6109046
11785,0.033744015
106649,0.02916892
94085,0.023019038
25447,0.008741346
117161,0.015739378
129210,0.014488981
148249,0.008816575
31180,0.0068852413
106738,0.02564733
148634,0.40375897
36358,0.10691126
17506,0.025969066
25484,0.012757579
91155,0.015961023
96068,0.008129848
135473,0.011622116
137008,0.029674087
9101,0.006703828
112950,0.017497987
22003,0.013791408
1054,0.01306862
116390,0.0070272638
141424,0.009881531
54993,0.037846066
8556,0.0075543555
140946,0.010924888
135972,0.008166628
37992,0.005604825
71961,0.06845688
3922,0.047949918
81713,0.21232988
78728,0.058637213
60336,0.006406986
103153,0.01853455
62876,0.017367752
74853,0.018322937
141844,0.3179234
49125,0.011743179
47103,0.006670662
113050,0.09161888
122728,0.055505525
109224,0.009552846
83371,0.06859609
116846,0.019638339
73359,0.009020262
117611,0.012602768
36450,0.007084048
15445,0.052566614
84884,0.01293848
61205,0.06513572
60210,0.008582645
46269,0.007603757
118101,0.038565204
39983,0.012740377
82724,0.009646895
11407,0.014457015
80973,0.019441789
63474,0.0106853815
122311,0.1674909
12513,0.016495338
65250,0.10238494
35822,0.19390006
148280,0.038533717
106146,0.0059966794
13325,0.04604479
130276,0.007245056
32463,0.023890298
34091,0.020846106
21731,0.033698134
116690,0.1861433
133756,0.05796215
63796,0.3033563
28130,0.032161452
39426,0.087625384
123571,0.38959756
5541,0.09390997
61381,0.05376532
51615,0.008537075
77483,0.06436772
106625,0.018985651
136356,0.04008979
60558,0.17460902
136061,0.012070315
110238,0.0069594374
94129,0.19586278
140884,0.07446844
39007,0.13372156
135301,0.011724694
22159,0.01205717
23703,0.00598384
112504,0.16634372
7241,0.010461876
141125,0.031088512
24779,0.014978472
32134,0.023394678
66662,0.00674498
19761,0.010733203
70520,0.0072526736
69266,0.045229528
112282,0.009063333
3730,0.0073361387
96148,0.042114563
73586,0.011574848
29404,0.017805481
19513,0.09528407
74093,0.011074662
56335,0.06729148
17855,0.010890266
111420,0.087326385
134462,0.01117684
23047,0.02155506
135472,0.015145891
49360,0.0165481
59336,0.12478758
53839,0.07349368
5216,0.023313537
58642,0.0114946775
99141,0.051417153
142276,0.010150323
113321,0.047709566
147324,0.023325507
68300,0.064145334
51486,0.06861159
109635,0.19892284
61880,0.60647035
55083,0.017432649
48541,0.011648124
116266,0.008698966
143636,0.1276994
86846,0.096880026
137834,0.12966065
85393,0.014402432
45284,0.024087628
126070,0.06001126
78952,0.014505358
43590,0.17067777
67521,0.6074414
51555,0.008300401
67006,0.03279814
66880,0.018959291
119326,0.021138176
85018,0.044308454
93847,0.008415556
129025,0.028410692
95124,0.016469851
7850,0.03627746
59312,0.06816101
60122,0.008224803
115320,0.01608778
45581,0.008816504
52713,0.042167485
146354,0.007317484
21044,0.055915095
77134,0.13694337
62315,0.7715871
147887,0.52931404
55453,0.057827257
112952,0.09517868
96829,0.03223624
59143,0.10142621
115838,0.53800654
92081,0.0150382565
126078,0.32867742
92711,0.016771669
28815,0.0701504
147281,0.03901455
96772,0.079189464
147474,0.017478405
7992,0.38484016
120955,0.035907164
40797,0.020827165
109278,0.10448341
23715,0.05333217
48659,0.013883402
78751,0.30427027
39708,0.008511379
46507,0.012069928
53843,0.0129483435
24450,0.012207822
104475,0.00964906
109513,0.022748796
69941,0.007991956
149391,0.010441902
140117,0.012857688
140611,0.5425168
19072,0.044435624
113530,0.015994994
81998,0.4525099
75800,0.015092263
124626,0.0077600772
143210,0.02242587
7293,0.042524215
135427,0.010775405
54331,0.014451289
134494,0.01697767
85375,0.066608235
120862,0.030517673
28566,0.0145181175
57663,0.045250498
83143,0.08798378
107452,0.007898849
99498,0.07876734
20113,0.015993396
130849,0.043442678
83194,0.019060949
141070,0.016773216
13567,0.11938758
56655,0.075431146
99336,0.011770503
18058,0.13059369
7527,0.03934792
2756,0.0751617
41555,0.17670533
127897,0.5001715
43281,0.075161025
123926,0.055293106
115681,0.011509804
56062,0.022158585
11381,0.013648706
144215,0.015516448
20215,0.010761329
74560,0.006978392
116527,0.017775394
101234,0.00759715
75450,0.026521543
97429,0.009639241
116017,0.4548497
127062,0.04042746
77818,0.02368189
10960,0.012910947
119854,0.011374689
56628,0.083607286
2096,0.012360857
44206,0.017397244
110619,0.35928062
115409,0.014604035
93174,0.09424317
24168,0.010850931
70080,0.062183715
72805,0.070481114
69864,0.088660486
138294,0.039524768
128208,0.1261566
129386,0.012272836
82667,0.05438788
63251,0.06315769
14271,0.008355044
103291,0.05480342
91852,0.017517082
8514,0.12631081
136687,0.38455603
83785,0.0117908595
91356,0.08644029
82711,0.0062416648
77762,0.016512372
11637,0.4235871
22749,0.07012229
13852,0.024611335
89860,0.010013301
106221,0.010701146
138502,0.055664767
17875,0.010959572
30840,0.09141249
117739,0.020013176
145904,0.006553598
53267,0.047224876
66513,0.08970258
140158,0.041571066
11518,0.037682064
85898,0.045641303
35682,0.011455306
34068,0.0068822913
22670,0.022015374
107572,0.01960219
107678,0.53435737
103556,0.03916723
545,0.036582563
145641,0.19336888
41533,0.032809444
143464,0.058489166
95801,0.06438577
146445,0.028949192
5233,0.026325012
121039,0.0061647017
5437,0.055754203
28367,0.02357071
62881,0.019437099
24908,0.013746329
19893,0.016836064
123128,0.3920608
127319,0.097212546
22234,0.016765788
102119,0.0060301377
3951,0.011708239
99421,0.087040484
80125,0.010417109
18523,0.012445956
6907,0.013247601
27397,0.035993993
7403,0.021007175
34481,0.021433845
5513,0.064804986
16190,0.008168818
37393,0.042478323
122608,0.0839598
12408,0.012579014
137155,0.024627063
7570,0.0077530383
775,0.016026087
49003,0.01700026
109085,0.006530566
125283,0.036407318
119998,0.037095733
518,0.050942343
83936,0.23929165
62538,0.5526704
5147,0.011340443
141816,0.058448166
141419,0.020494698
117917,0.2419227
96658,0.04862162
107856,0.076599844
133848,0.041341778
19204,0.009137291
49415,0.012563168
113415,0.11794345
84697,0.013559994
149552,0.03913156
122449,0.071711265
114438,0.020568306
14436,0.1357354
139783,0.011897508
19797,0.006263358
114243,0.007899728
106364,0.016545324
93892,0.24598598
53179,0.24940193
72087,0.010297458
34060,0.10448962
96298,0.010637265
138840,0.05010231
92296,0.036143977
20254,0.015207084
83948,0.07833113
66496,0.08987279
121561,0.0068227947
75140,0.03544326
71877,0.011890917
52037,0.02977514
44277,0.10365161
45308,0.22472022
44592,0.062384706
14447,0.029166302
25045,0.014577611
38002,0.016105767
41710,0.012929885
148317,0.2140925
9461,0.08099763
87625,0.04974063
120136,0.012531224
84852,0.015614568
140781,0.021164495
105130,0.01705553
20412,0.039894544
68844,0.012406228
63106,0.013145678
38968,0.07374836
61174,0.10268468
68348,0.0140531575
8319,0.015711922
143830,0.105782636
128380,0.011042522
121389,0.03173455
8126,0.01721969
11445,0.024870524
108244,0.015388567
138628,0.0148602
80048,0.069167525
49707,0.15046835
129314,0.011599718
81444,0.17239912
105338,0.22117041
72553,0.006009634
35925,0.05017841
79343,0.106996134
116931,0.0060515935
142571,0.06490675
85181,0.015420143
138474,0.12462825
122641,0.011413119
29277,0.012531508
10816,0.05101815
65923,0.006344832
116728,0.008653794
132981,0.015659112
144059,0.077946104
37988,0.024384815
6468,0.1028081
87516,0.05932633
16235,0.009974516
118355,0.00796383
18187,0.0061291917
2635,0.12653385
111980,0.01602435
24453,0.007340804
147680,0.009421335
89047,0.02639102
8812,0.09394761
35333,0.008182382
130160,0.013356612
115906,0.014876621
127417,0.062280193
23898,0.11062492
119972,0.008802638
111518,0.016136482
53173,0.0085974345
139921,0.02805364
42181,0.00890158
99877,0.0666665
34337,0.007670849
82269,0.23792203
148209,0.019472316
146560,0.10525232
106834,0.014826681
82590,0.14052251
121861,0.0066413796
30898,0.041395057
111134,0.010764787
41594,0.079827346
85641,0.059337314
73989,0.016325565
140114,0.010754606
3694,0.015696613
120824,0.06307442
51270,0.14097106
72272,0.008974519
103105,0.012440869
71492,0.54389435
1752,0.0067843962
19972,0.011645138
128504,0.07116624
111982,0.20755632
60214,0.06793037
75583,0.013765166
1029,0.019764995
28117,0.2457188
103785,0.017549222
136165,0.0066107437
136817,0.13994618
74786,0.53955644
25390,0.14194916
118290,0.011801358
20346,0.17151842
21902,0.011238762
136149,0.044875335
16782,0.01313375
145524,0.015394419
82861,0.100319766
97628,0.00775819
120336,0.009154813
49584,0.01377677
27198,0.03884206
81310,0.023508532
131802,0.14364134
124758,0.014904425
68666,0.06223836
61569,0.022819415
30283,0.02241713
143025,0.010930181
128679,0.026910108
57629,0.045431875
91433,0.09814276
127676,0.009569802
98972,0.03255921
45671,0.095863156
70590,0.109106176
102762,0.019743385
38657,0.09513296
85205,0.012366301
23275,0.019516315
100452,0.03962775
108006,0.102598816
120042,0.20797569
5476,0.029954538
13057,0.09292762
42068,0.2646744
43112,0.0069571803
23650,0.011851032
119313,0.0120338015
59098,0.020783408
104657,0.08259864
129704,0.0068603526
113117,0.076446086
49538,0.057458576
125709,0.27591395
39961,0.008121673
86731,0.006801953
81347,0.08353699
73278,0.03370079
30860,0.0076364405
88896,0.010315912
102296,0.008806517
87082,0.0059636147
88866,0.01583954
77976,0.08811484
137063,0.2021123
64526,0.2403694
75337,0.009609421
10795,0.009116407
121697,0.018483529
128328,0.051144395
103326,0.0096913595
84787,0.0796592
43672,0.271493
128883,0.008062568
22022,0.06944446
138413,0.06398285
114959,0.011983293
133272,0.0603542
28335,0.013911992
79050,0.006613362
127764,0.05553743
117556,0.052001998
71644,0.012880652
125859,0.061203126
123106,0.04706794
18798,0.016116835
21227,0.0065894313
10962,0.012742044
78229,0.00741936
147241,0.059201848
145100,0.00622024
32959,0.046737034
50842,0.031899355
77734,0.007983238
141185,0.043885496
92092,0.012537675
80505,0.012294618
127275,0.008251372
38995,0.013201032
66130,0.013665361
24754,0.031606294
56618,0.0065129553
22191,0.039212484
32568,0.12141306
78417,0.08069045
127861,0.054731824
112489,0.14526679
6237,0.041425288
71384,0.0061090426
93584,0.008343358
32897,0.07982258
107920,0.11329125
80617,0.025669465
54824,0.012964393
83618,0.23091502
62460,0.010743319
47098,0.019830056
33539,0.044498857
121000,0.012445984
72264,0.021060633
110481,0.120942965
70409,0.023614688
112929,0.007492316
2177,0.112677924
67982,0.016580088
37754,0.013587549
21117,0.014335353
141945,0.010715143
21267,0.03357395
138853,0.011345951
127695,0.0064976173
36174,0.010369791
92984,0.012591232
34376,0.010453537
123972,0.0074197254
32872,0.057969496
142220,0.013798674
40925,0.009888736
101896,0.007973295
16738,0.04935267
65192,0.009739015
78920,0.015925946
4818,0.012530822
136881,0.06595821
138368,0.014949642
81361,0.016412705
13262,0.07452265
125862,0.038322765
120675,0.64154667
6349,0.009734822
95786,0.10357744
31729,0.55153096
4721,0.0071789003
5321,0.52835894
135352,0.5489219
15353,0.0127055
38663,0.51269144
93213,0.039594773
57067,0.0060782046
108193,0.006865839
130745,0.06535565
66305,0.024487786
66228,0.0149259325
149431,0.013540126
30199,0.29494813
17168,0.05729056
81466,0.049854506
147676,0.019515598
89906,0.016992653
50819,0.05594812
107781,0.26724696
107589,0.035881158
85992,0.104606144
37909,0.06941791
113332,0.04426274
97764,0.014428406
97818,0.01877086
2679,0.49403316
109766,0.011342983
30394,0.021430159
138207,0.027763292
24388,0.10384195
116486,0.037522204
64390,0.07875004
53630,0.014812182
66316,0.030528931
29372,0.011320599
137005,0.016083628
63684,0.008375327
2041,0.0060172672
6638,0.011361302
24526,0.011957577
139711,0.012568167
514,0.52240103
19488,0.083894566
4501,0.022827705
30332,0.19099724
95284,0.013331224
80724,0.020396216
145698,0.076022305
124251,0.01708258
104662,0.01283047
106765,0.0949722
148427,0.013897601
34085,0.009998422
62501,0.020177213
96933,0.04471153
49095,0.01294068
19198,0.030134972
18610,0.021642284
38811,0.00734695
33719,0.006847182
112368,0.056194466
144113,0.027654724
124522,0.18502477
118401,0.48433417
58044,0.0058462983
134134,0.099070415
30126,0.014365522
51827,0.037928566
51335,0.17603543
65100,0.006581386
26632,0.011574002
118617,0.64804006
117503,0.013811527
107635,0.15939179
85237,0.035899397
74081,0.10143607
94463,0.010892228
23151,0.009711127
18440,0.019251574
20819,0.009678216
109288,0.021910274
71675,0.01031467
64166,0.020370532
77307,0.028007098
83449,0.08143068
36340,0.010488655
77526,0.007140896
28959,0.010964323
102593,0.038569506
136492,0.013443083
108536,0.33092618
49855,0.029890621
36411,0.009343957
87390,0.08335779
44412,0.009529689
26087,0.02132702
109230,0.124925286
145244,0.010840761
146547,0.1640139
17367,0.011555393
116948,0.30500764
3698,0.014579887
25786,0.029655391
80572,0.02354857
49832,0.10896239
79774,0.06742643
123518,0.025078103
9360,0.0073125497
76786,0.4880661
1198,0.09667347
54991,0.025247635
110738,0.18549173
80281,0.007007716
19485,0.0950597
142349,0.06926228
51572,0.28747165
64273,0.012452972
68111,0.015883395
16541,0.08034961
77292,0.03214321
70999,0.17386995
9591,0.052299898
90832,0.008932744
3409,0.26649976
109542,0.013121715
139715,0.0061585754
139167,0.0063544773
86913,0.026331851
112503,0.016851865
59894,0.050368037
56607,0.024328101
37880,0.03959129
2733,0.022799268
95944,0.01086934
28608,0.029862212
22214,0.013665587
138573,0.3843569
124171,0.03528551
53628,0.053455625
8164,0.008117261
20977,0.013727045
2073,0.029493183
178,0.009827903
117508,0.59503996
92523,0.030345118
40403,0.11365054
35773,0.029243888
91862,0.010904915
32878,0.08193326
89654,0.012534009
117439,0.1253965
48351,0.03592371
5890,0.010585786
128238,0.012588896
62911,0.030018318
92327,0.012569813
12440,0.079524405
36339,0.090133324
44375,0.38627943
46682,0.0057217684
18853,0.011237586
107435,0.0065971646
116178,0.009495911
63667,0.01083822
78740,0.01886109
66397,0.014118258
3609,0.08362096
114131,0.08882911
60889,0.022473205
72060,0.22996092
28682,0.011620812
45397,0.012266595
53435,0.028490655
58931,0.034730487
110598,0.037982065
133086,0.025513131
84448,0.07934182
8722,0.14624123
1245,0.05877062
4187,0.0913244
4845,0.011164684
106303,0.03387465
1150,0.040170543
100044,0.17696801
17195,0.5881151
111899,0.012883192
124238,0.008128356
143091,0.011304061
45217,0.011612978
67489,0.044691738
55793,0.0139215905
142177,0.008306197
24519,0.015090244
34498,0.074421324
67573,0.012953439
114201,0.11381615
37648,0.010879428
31076,0.035805043
25559,0.027277824
149690,0.03951797
40229,0.50852716
50887,0.018612048
137119,0.05803223
145550,0.3908923
2215,0.30531782
77743,0.014009467
9074,0.16700041
103906,0.014250913
79997,0.010410519
137533,0.015234608
89886,0.09793287
54170,0.08424969
102299,0.06897256
46150,0.010825825
57345,0.019127794
54229,0.007806782
115884,0.018645415
50495,0.0060334452
109344,0.012032131
135801,0.17307214
122774,0.033414204
28267,0.028565943
57720,0.06771903
31546,0.007988373
86810,0.06905652
104219,0.05177618
63835,0.02883552
141037,0.018625844
2172,0.019970654
98276,0.013644746
12876,0.1590479
78007,0.0332264
71909,0.050710484
4269,0.012463298
23734,0.018693121
117275,0.013927576
135373,0.011952474
92309,0.072524235
60491,0.04597356
48697,0.008410655
81324,0.008419297
72618,0.21571596
86340,0.3468738
108259,0.15159966
54622,0.022105407
72789,0.15859969
146516,0.011964756
59921,0.13356744
15916,0.13215363
24198,0.034348715
127753,0.01664394
61189,0.049468603
123486,0.53083694
22884,0.058320157
118621,0.00833458
122635,0.25843292
112281,0.03853681
41960,0.012856145
76522,0.029376296
47049,0.49649802
6467,0.01682773
105771,0.5975254
30062,0.025600012
42906,0.02947462
116936,0.10365598
35777,0.090050615
84766,0.006255797
116524,0.02130197
29425,0.032223634
104649,0.009628163
37467,0.011341496
97677,0.040776484
69569,0.0162685
149480,0.024956552
139970,0.014048527
137588,0.103513315
46003,0.009728218
37140,0.362268
98994,0.14334609
7290,0.009531984
55784,0.050903395
71643,0.022484625
98686,0.010368461
76178,0.0142621845
43605,0.021586783
33908,0.044492215
62246,0.012517748
2993,0.18751435
81940,0.037972238
83393,0.11937894
71666,0.008234805
118818,0.011236998
83925,0.03040963
138013,0.24372089
122932,0.013125427
136540,0.025437502
66952,0.015210269
124783,0.008109617
61457,0.03486813
87139,0.05494347
18842,0.015181447
48273,0.01803208
124162,0.066865355
27542,0.058399305
40853,0.011717629
55745,0.006294112
16427,0.008799506
51944,0.45480204
17333,0.028598955
110325,0.0775831
3975,0.16628963
36198,0.009154744
138640,0.051683407
84398,0.01445048
19701,0.015051986
74448,0.09049923
68623,0.014194362
92589,0.014439883
19429,0.026059795
4686,0.090453774
148011,0.00658389
60383,0.016685657
6873,0.024946535
12539,0.008679436
20659,0.07992172
58580,0.012832251
116401,0.50069654
34729,0.0095174145
37937,0.020456621
110538,0.01187472
52513,0.024213344
89534,0.008970419
3045,0.13442764
39132,0.012778867
48082,0.050212294
139813,0.007851494
108671,0.07173978
116543,0.07956766
8427,0.06279628
114423,0.06833796
67596,0.101379305
91653,0.011076516
66308,0.06878182
89493,0.007243801
106771,0.009186131
85889,0.036179133
4206,0.016059635
88238,0.012428906
36375,0.0323195
83510,0.053590424
14996,0.00966237
54460,0.050838057
43823,0.029893283
52886,0.022925409
85737,0.008166473
129957,0.011869602
75670,0.03453124
89669,0.03137751
71331,0.15543987
30374,0.10858807
141141,0.05218618
134323,0.01400125
139488,0.049907964
125253,0.012940654
125950,0.012909058
28273,0.023204785
46206,0.018313207
89182,0.0070141004
135141,0.098573975
86530,0.08680462
122154,0.017513562
85740,0.011148292
26624,0.032304622
9500,0.04870547
41036,0.43380326
102364,0.009390833
59209,0.014338136
4588,0.0073791803
2963,0.016711997
46007,0.010019008
21138,0.01739832
126500,0.057247132
85985,0.020121237
69978,0.007745434
34954,0.036374874
46293,0.026868109
84675,0.08452253
58675,0.046606407
62798,0.014077268
88517,0.54037964
94131,0.11484025
110123,0.007942028
61091,0.011641857
58913,0.0073761
118196,0.014577112
99415,0.013708206
115488,0.017896354
31002,0.07078703
1861,0.10620226
95420,0.48969257
64416,0.13810158
105483,0.0070121204
1379,0.011903098
7837,0.36596963
137340,0.014612017
32009,0.039473686
121741,0.016668385
94212,0.01550246
69585,0.11313673
28736,0.042389512
22064,0.0064800587
65319,0.088724114
120177,0.40058616
50835,0.44172022
39080,0.014430203
137001,0.05721214
133349,0.008088166
37826,0.096434444
19514,0.0059629963
21662,0.008197593
118368,0.009645962
52468,0.016689923
107316,0.012653203
58452,0.016633624
106167,0.013251379
108001,0.013295926
35803,0.30622584
60898,0.08731044
106510,0.019568589
6559,0.00857972
67205,0.08070479
4166,0.009369605
142803,0.27101898
111861,0.30978793
71312,0.1260961
19741,0.50473905
57608,0.25930583
73461,0.024573635
18774,0.010403904
69827,0.09848777
149519,0.093486466
3440,0.043658745
77655,0.00785855
34730,0.0107594365
13490,0.19855405
76257,0.34356162
80594,0.007177198
128107,0.01270806
29895,0.024018412
21470,0.013976769
124473,0.01270251
147537,0.018188002
61525,0.0072089997
101364,0.098094575
61138,0.023621159
120898,0.007102556
48932,0.007933632
109860,0.008906272
116729,0.05083717
68369,0.0061766645
68869,0.013047548
33789,0.07605115
83791,0.086853065
9785,0.0062043844
122459,0.007752657
66618,0.47306275
55254,0.006422191
93781,0.03383314
52066,0.008417279
63940,0.026594223
48921,0.01826619
25413,0.013808358
16512,0.07237676
77870,0.2215765
109238,0.019940251
86923,0.007485901
52760,0.012770779
104793,0.015581117
99380,0.1115424
72448,0.012020844
47195,0.010620376
99012,0.012253181
119484,0.0073790303
24608,0.016002327
72896,0.05913007
37479,0.008385297
98780,0.5388215
115077,0.030667635
82124,0.015931692
28184,0.024006272
87878,0.032116283
104775,0.011673524
28004,0.0402668
143758,0.0628835
47492,0.034111954
64857,0.010233547
102106,0.02752816
131509,0.008990504
76686,0.03800492
73496,0.009315278
52271,0.12152101
98507,0.008649668
10163,0.011819846
100598,0.0105888015
65502,0.021064404
140144,0.030787313
11832,0.016886875
35309,0.010236029
89155,0.2794735
111862,0.014701195
32080,0.043959763
10813,0.058679964
108420,0.01727249
70461,0.01181802
39992,0.010419075
73924,0.05481507
144540,0.04062317
75551,0.16435745
138813,0.033830162
24069,0.12823364
103767,0.024607547
98796,0.021727223
62112,0.008509569
108243,0.15259625
70117,0.015367903
75452,0.0070787743
33507,0.051066916
49452,0.02939312
35970,0.08069586
118933,0.011055043
144453,0.06715744
56991,0.012000151
79948,0.017798238
62679,0.043133102
76237,0.05599245
147314,0.014587205
103919,0.03466984
127627,0.06624288
91635,0.032775022
103529,0.032507572
29075,0.02182059
4530,0.015569534
128712,0.013175254
85448,0.03510011
143089,0.04178228
27609,0.07567471
147976,0.012808541
123261,0.101383366
85207,0.031417083
125050,0.046776555
125875,0.013114153
29811,0.025130812
39177,0.16030835
2617,0.011265888
47156,0.010021444
105474,0.018932216
48648,0.03400739
90536,0.011080528
47116,0.023117093
97566,0.5520389
17269,0.04164138
144185,0.012998099
41861,0.016512156
6790,0.024029147
136196,0.019480553
3658,0.013680525
131054,0.21538079
43811,0.013497819
119135,0.041777268
106878,0.026752857
124113,0.014028503
96584,0.010205798
100021,0.06823933
103339,0.03628267
139165,0.06901789
78919,0.31221285
66331,0.008091855
69818,0.10230755
21268,0.040563334
78462,0.008157591
61824,0.009109904
107708,0.38372824
148791,0.011253307
109347,0.026900081
135419,0.17424016
1364,0.01678342
39499,0.012585203
83481,0.027746983
113224,0.056599125
113497,0.015790593
105549,0.00867727
71960,0.02688413
86660,0.0067319046
113961,0.008555042
100436,0.01440248
22490,0.043528557
37332,0.13502786
25823,0.08624562
132447,0.062164742
25528,0.012536559
71359,0.014652889
130298,0.010454627
34354,0.03673901
66037,0.08134609
99432,0.051378917
13720,0.008819562
76759,0.012086764
66148,0.09071218
103093,0.17870098
3374,0.016059771
51592,0.0072135194
4014,0.13508128
24599,0.00766693
18891,0.33291024
79578,0.054134037
79510,0.020924788
50491,0.0154943345
19436,0.020510571
19530,0.014500969
45842,0.022132728
73780,0.010943245
142423,0.011318715
27853,0.037679788
79563,0.19028062
111199,0.036726166
53456,0.02746222
22783,0.21449187
130788,0.10581277
36524,0.04015444
43053,0.053961046
90266,0.24764737
6196,0.014973923
41044,0.010997133
122949,0.009818913
86904,0.014084993
46447,0.025663821
118837,0.009080763
12366,0.0074780285
19428,0.03250108
65071,0.01908132
81794,0.017665379
49016,0.13017647
130967,0.5423928
102835,0.007014542
24419,0.087541744
107483,0.051015265
141324,0.014906322
54834,0.014435012
111893,0.24762681
102415,0.011444539
101399,0.012645164
52650,0.00816406
133361,0.01660845
26297,0.08257159
149068,0.010202176
132577,0.014362355
108921,0.02094933
142347,0.01741504
88446,0.05910034
47450,0.0061250106
64153,0.024792558
71587,0.11346649
54645,0.039818507
91397,0.03845212
100951,0.036956776
130068,0.019973505
22998,0.087258644
140857,0.02804909
69638,0.0069389204
121254,0.21778254
7705,0.030749928
145655,0.053125903
131137,0.013779589
117918,0.09568663
57043,0.18463603
29880,0.0113108
112925,0.04702227
20537,0.010987171
11962,0.48344812
89656,0.013905281
120926,0.0064505283
65270,0.09291078
43723,0.2046921
134188,0.33069122
56904,0.0068383766
107311,0.44354406
64889,0.008193434
107002,0.008629137
1905,0.0076658675
127975,0.014240943
113775,0.015252267
49616,0.09019178
2864,0.013297466
107391,0.0073101446
33524,0.016523287
144730,0.009884218
84681,0.013552374
142605,0.01248653
87815,0.011782217
123386,0.014991832
74659,0.0734028
140957,0.007945196
19159,0.06543941
98279,0.009582859
449,0.43890566
41762,0.0412106
54597,0.010676433
67298,0.010528873
15084,0.023847857
105473,0.01262177
92541,0.098132886
116669,0.02627997
48655,0.06943735
14333,0.02747383
147877,0.015161812
76694,0.01624983
58565,0.007538389
110222,0.039702103
35443,0.047807943
17071,0.007877691
81613,0.025217552
100720,0.014131392
143487,0.31445247
80116,0.07138283
71739,0.007482776
137612,0.04585272
60825,0.015484337
120375,0.014516474
71981,0.05108321
102471,0.102385975
18564,0.02132337
87750,0.028003912
13434,0.023982994
88178,0.010954105
11406,0.009954358
144720,0.012791031
14077,0.009763455
22891,0.0072904998
15486,0.05154919
145030,0.0072706584
83396,0.028751306
20587,0.036163703
20079,0.012580186
48970,0.009851615
119343,0.2316435
58125,0.009679582
148942,0.5515722
41752,0.012592554
133910,0.019821202
91385,0.011189432
118715,0.00727563
148964,0.016975535
141085,0.022289453
102771,0.008391401
70606,0.0061898152
83554,0.011161967
58409,0.009072039
58757,0.009803659
141941,0.011827948
81802,0.007282845
81454,0.012390528
50825,0.05964261
58624,0.019466585
29299,0.012749948
114869,0.0120006995
106124,0.104949474
40100,0.008454792
5300,0.010906483
90348,0.42065796
46087,0.0331237
61133,0.04069513
91675,0.018388977
127799,0.073196016
143640,0.0812911
113970,0.025080908
115554,0.009447921
2318,0.1224723
84899,0.04916297
120087,0.08172254
48420,0.08154229
119159,0.0073197084
21034,0.01673253
104689,0.009256575
138206,0.0068141054
117120,0.34524152
125059,0.0105172545
55082,0.05513732
140414,0.011719506
35568,0.07744264
117721,0.015416169
134461,0.013432727
116175,0.018675255
55996,0.053386047
58405,0.047872376
45794,0.0791447
5427,0.013248972
77763,0.034960426
9643,0.014698156
17930,0.03489418
85729,0.09719357
38839,0.070233576
58404,0.010616188
124182,0.2584128
115732,0.013540566
7693,0.014658414
95812,0.062401243
114414,0.047506258
60351,0.05362035
86408,0.03819476
92580,0.031239342
124739,0.01009082
113464,0.006910998
89966,0.0135617405
145648,0.045078732
137656,0.009952352
129632,0.012427875
35491,0.12841354
60265,0.013120826
94083,0.82864606
104244,0.05600692
11652,0.029065615
89815,0.02982099
135579,0.09351936
112025,0.04281162
108383,0.14497378
79282,0.019372316
121821,0.11046078
127418,0.08024173
127826,0.020314202
66896,0.016997369
27792,0.014524777
122723,0.017346023
133097,0.32081667
85400,0.034059394
99533,0.01677203
149059,0.015017957
348,0.012232803
4397,0.012224573
19382,0.066463076
16077,0.03166485
42507,0.01268353
29040,0.020638084
102745,0.066231854
113551,0.1559144
14013,0.04691073
31201,0.035872433
91325,0.08202077
123808,0.009001174
20702,0.17300567
96616,0.011345507
35386,0.01600738
52740,0.4215169
125565,0.019728776
120381,0.027699606
21676,0.05300777
37561,0.097334936
132048,0.26036873
123551,0.023261337
102952,0.060307838
79150,0.03976844
107073,0.014221509
27248,0.0068492214
103828,0.008329718
83336,0.006450327
21709,0.08395595
10354,0.011554429
51511,0.014875902
68601,0.0073428024
103270,0.00955101
74219,0.061521187
5569,0.018428458
109491,0.03866107
19544,0.010733057
61112,0.014094041
97011,0.010839105
52302,0.012676641
32743,0.009268565
6284,0.012352955
143033,0.011545463
63543,0.011978501
143300,0.30042985
27365,0.48044476
25551,0.020987654
106796,0.01632735
149102,0.020042688
122538,0.024469078
142037,0.06019307
129842,0.007989609
60954,0.024061417
71664,0.01310767
65589,0.32590488
138732,0.010041072
68867,0.020710308
60717,0.2378867
107003,0.017194096
141331,0.037616912
132133,0.011129515
128503,0.058285132
84813,0.09195322
56780,0.011209001
60747,0.046767276
117679,0.082209736
54726,0.013727909
65048,0.010879598
69306,0.013190943
39658,0.022288814
77657,0.04420831
139242,0.012825922
136199,0.07830041
18731,0.12700719
131317,0.0276043
67538,0.017648589
58413,0.010546343
50962,0.0068143313
5255,0.008370315
147790,0.059571143
68299,0.022763005
90340,0.0085411
87328,0.0677328
107832,0.014338911
57680,0.008632312
101666,0.04812028
37583,0.021568954
10972,0.011498492
78965,0.06716201
148063,0.017118476
38810,0.03744074
128630,0.01592942
83947,0.010369101
18662,0.010904215
21003,0.014489615
84461,0.019506723
97969,0.01722848
33894,0.017445983
87404,0.015599785
32561,0.008163465
15756,0.0073898653
101457,0.040168334
115464,0.14963135
74053,0.022638086
33960,0.04808825
69159,0.06565365
43667,0.01746341
94262,0.019268429
72879,0.0115706045
123007,0.068082646
55848,0.009491028
65573,0.00593831
91634,0.022959687
3437,0.028920494
132775,0.06727719
63312,0.05251184
138929,0.12225825
115331,0.47513393
144444,0.111678
101524,0.081457295
125398,0.26930925
80346,0.021991193
80872,0.053441055
9495,0.036708463
92071,0.05542092
111094,0.012625246
17954,0.006979562
126669,0.009446484
105517,0.007214431
60117,0.04296706
109800,0.012581282
149248,0.042334847
89977,0.013709192
133567,0.1624848
118838,0.012268335
55177,0.04082252
62231,0.06948754
64158,0.01215851
28496,0.01039358
37891,0.09873346
78484,0.3405132
132334,0.01083844
78628,0.07126418
136560,0.0134239355
23864,0.033590425
139506,0.021028344
140691,0.014825142
140384,0.117379665
62400,0.009859455
147655,0.23955022
66121,0.011230362
50499,0.013503858
16308,0.010055406
83826,0.0081127435
28531,0.018906562
50794,0.009286052
6,0.01203433
140493,0.011476287
64725,0.01086774
99567,0.010861161
147487,0.012388492
44750,0.09341443
38737,0.017565714
96694,0.008660149
110282,0.18873708
118207,0.040533673
66304,0.19036284
18625,0.11034414
25680,0.0508603
9017,0.010822894
101079,0.011905466
11389,0.07331244
32807,0.006592688
86110,0.0074495007
15317,0.13555352
80573,0.035422705
74380,0.0069259866
3126,0.014349866
116110,0.011398538
13596,0.5829769
103701,0.016984982
42542,0.012918156
15849,0.010318458
17208,0.055465546
143623,0.07610773
84076,0.129508
43532,0.011519622
8966,0.039328728
49518,0.012482385
72972,0.01072165
108634,0.0069226655
101051,0.018880287
47642,0.010761451
17069,0.01316496
131693,0.01314355
103086,0.014457918
131369,0.044913806
143629,0.009022031
371,0.011298594
115668,0.007508328
23330,0.022986535
39739,0.011150584
67445,0.076243296
72944,0.19449565
143457,0.008006213
1845,0.020060457
112093,0.09234207
59610,0.014803979
117128,0.06785793
137044,0.032006893
8260,0.15984464
94392,0.027825454
36745,0.022462292
38959,0.16254793
79806,0.02518364
144249,0.017849216
36603,0.009924483
4593,0.016220218
39486,0.009374577
76298,0.020516206
66666,0.052570447
102311,0.00856462
101469,0.014078565
86669,0.016381644
58738,0.013266327
92040,0.015799629
94560,0.037103813
31,0.139894
34271,0.028500648
98791,0.009574879
96104,0.012524535
21816,0.112254165
85682,0.012108768
136420,0.3267388
7154,0.0749925
86176,0.095709026
61365,0.017411107
105591,0.5846533
120355,0.04238031
126900,0.60411865
57579,0.009534114
99606,0.097346164
74898,0.048936892
128688,0.03239937
74336,0.012778019
54242,0.18608394
19335,0.0067916973
20406,0.017041562
89716,0.011101227
36239,0.25408342
50446,0.04003093
11920,0.031877503
107248,0.03550629
139268,0.021307861
12269,0.52222264
85435,0.11867331
28525,0.016656142
51209,0.01789685
71115,0.021935789
67459,0.09773134
61453,0.06508176
46047,0.012343964
137898,0.40693283
61862,0.036048118
55108,0.0076926183
33084,0.012500478
107038,0.090410195
91558,0.01846198
101633,0.054596238
37299,0.16206075
146572,0.008626918
1992,0.41229993
95184,0.2918631
14429,0.2653812
109191,0.0115638
92501,0.07518881
87701,0.006483053
82876,0.0063427044
73557,0.011470526
118319,0.39343348
129898,0.02917337
50293,0.011184216
63060,0.019821344
125387,0.011499647
89849,0.0075029926
117627,0.014726226
28914,0.04067808
16561,0.014174479
91750,0.0099840555
63959,0.011612961
92706,0.006701333
68032,0.045826547
95330,0.029709846
109080,0.052999813
118866,0.021485278
50737,0.012552288
140427,0.01475548
118400,0.01017081
114684,0.012259964
15634,0.012803495
27351,0.0132925315
104072,0.031829044
57181,0.01467251
101291,0.035446946
35715,0.0073728645
36013,0.023288935
148074,0.012996938
44563,0.017812354
45775,0.014197792
74106,0.012080822
130752,0.015933726
30585,0.0113405185
110097,0.043446355
22075,0.036791097
38407,0.017353054
65592,0.0065055364
24100,0.008194422
60749,0.023220312
65562,0.47250265
80906,0.08723704
147452,0.008776935
137828,0.06477666
127406,0.059185565
29735,0.028827516
92508,0.057845946
143902,0.013885746
42256,0.01205863
127750,0.005975686
36280,0.24936125
95012,0.12710127
87921,0.019863091
112765,0.18711251
100434,0.013509754
35149,0.010068701
23956,0.017262813
10201,0.044710323
62083,0.01022934
109194,0.012204787
130620,0.016200112
142388,0.012733002
125816,0.036674015
109455,0.0057093464
89198,0.02704645
120923,0.016741147
113276,0.021729017
110868,0.025126135
55588,0.048672937
127513,0.0125480285
1742,0.013340157
62295,0.033456873
142277,0.05811592
133787,0.0061899708
128757,0.09856576
130983,0.030894008
54163,0.04730227
113560,0.009459093
148884,0.048879877
95638,0.013659289
26607,0.08231395
93453,0.054885358
147438,0.01275553
9506,0.045343794
33701,0.018259436
56627,0.024451425
21607,0.008031573
12347,0.010152934
8838,0.04452806
60036,0.008866841
138768,0.00891847
66007,0.02189151
104498,0.08686595
16532,0.110905565
96472,0.014496336
95141,0.013596698
97245,0.007003202
55255,0.07887782
43381,0.006343047
70230,0.033745773
81378,0.031079093
127659,0.01638322
136584,0.25806376
124491,0.13162898
134855,0.011461572
54314,0.062461294
87070,0.013594402
89279,0.015149499
77058,0.008033305
58406,0.011461242
20194,0.005842137
31162,0.06272469
17174,0.025172768
80355,0.009262594
121210,0.021629328
11382,0.047267277
30339,0.060160648
143215,0.008411689
110882,0.5173863
110034,0.053375583
69798,0.0497207
89907,0.022727706
104160,0.010507478
68738,0.00753739
28420,0.010581945
61052,0.010490175
28853,0.015096679
20189,0.01629011
107843,0.087047115
144174,0.017744832
140079,0.00649631
13813,0.008104917
13860,0.0087662265
121152,0.00854861
99886,0.012455142
84952,0.058024395
86908,0.0108120665
10820,0.10485078
113694,0.008834469
20056,0.012065682
22796,0.01742882
118844,0.012864964
71866,0.008089046
124359,0.08679371
114362,0.036656585
22511,0.011406616
76345,0.045325812
95637,0.019250186
74124,0.0694495
17476,0.028039668
25268,0.019698603
90664,0.19056986
63191,0.012423814
138756,0.036586035
21049,0.013570163
1893,0.021807766
143153,0.048385754
112360,0.011006691
8329,0.007228465
82874,0.018449865
143992,0.027283112
91721,0.015958134
53833,0.08494953
106305,0.013845199
14528,0.03265876
109511,0.016660236
62502,0.014130728
60809,0.011007324
51358,0.02080666
100175,0.010917074
25445,0.023194212
785,0.14264637
49144,0.012836027
115676,0.3080297
22686,0.048494387
71003,0.010987383
137358,0.010657985
66415,0.02470831
14458,0.022167116
84216,0.007310577
120659,0.015219358
3775,0.029068261
45381,0.016551292
67956,0.033364862
41259,0.022693321
112448,0.6688529
148310,0.007842692
48456,0.012930414
49392,0.63184327
76128,0.045195084
131736,0.008425281
92362,0.006551863
121273,0.10645384
99262,0.047017287
136012,0.0080994405
119106,0.035139494
9209,0.045956455
89735,0.04223944
72,0.00879322
98706,0.026714688
72410,0.1017521
148573,0.013986999
33836,0.022859273
7436,0.14774543
3749,0.37207052
116119,0.009632265
7258,0.007004986
126603,0.022907326
90306,0.6113352
69519,0.030496377
40209,0.33007577
19245,0.01043678
109923,0.34649065
91000,0.10041166
95072,0.0152300885
27856,0.009968853
103464,0.014678874
142948,0.022453563
10079,0.01782322
117555,0.01136653
92218,0.10033674
145403,0.17085437
91302,0.0075615947
41302,0.024854334
18466,0.016922535
113578,0.02389246
68203,0.006747258
10131,0.07021332
9395,0.37842137
10295,0.300442
97993,0.06956154
15216,0.0056801946
113132,0.15730137
65900,0.064150326
20066,0.008600516
64629,0.014682428
20062,0.17888872
148444,0.043626506
53824,0.025452057
35222,0.09227243
107777,0.014411728
50563,0.06245972
55382,0.009376875
148106,0.011008503
2002,0.060879946
72744,0.008176015
113783,0.03332507
108007,0.053333696
141190,0.008358691
48533,0.03574604
13193,0.014313768
103622,0.015519193
85937,0.014896969
119583,0.01134915
33202,0.05693139
37168,0.009267045
106801,0.010116454
27463,0.010902395
104249,0.033028737
51930,0.009353062
132142,0.09310531
133049,0.024366222
31601,0.017590022
108524,0.017644694
50817,0.483345
58201,0.0074729235
145990,0.069734216
91236,0.057324383
63081,0.11535533
108098,0.016645422
63058,0.05569315
27534,0.008799439
102345,0.047555197
34709,0.01536913
127827,0.045508675
42321,0.016542787
127005,0.011713217
24621,0.0345033
105443,0.008031281
143665,0.01334378
111424,0.13311282
86526,0.014437094
89031,0.008998801
102940,0.08709944
87483,0.046581507
128013,0.0070324764
108446,0.020152394
30887,0.012197293
129925,0.09847017
104720,0.1373507
76329,0.013432083
123493,0.04518383
80623,0.11276506
121810,0.015518102
63334,0.0070488676
59051,0.008658484
116877,0.014760076
116257,0.008161319
51312,0.011953673
146101,0.4465684
54388,0.070991755
1640,0.5520012
96843,0.008163353
122223,0.6973398
21611,0.22661771
83395,0.08498733
71215,0.102087684
71387,0.012352838
68983,0.040626172
147788,0.029141838
78503,0.06866883
145563,0.011689087
36221,0.03350789
76588,0.04427153
64126,0.007182827
91604,0.024223898
121767,0.067991346
147886,0.009965992
134109,0.021913575
70918,0.11068981
82965,0.099568285
143621,0.08476106
98565,0.005950477
78862,0.020879941
33946,0.01817397
147304,0.026947446
28217,0.034072597
146207,0.013303398
43199,0.01064496
113206,0.01328409
22036,0.04583022
65543,0.045780014
8863,0.0846636
106365,0.00989912
61132,0.0061674924
27381,0.015099452
75912,0.015486437
50472,0.008729872
50893,0.007489632
3026,0.61438483
104982,0.012280527
82212,0.0064574424
49057,0.010702928
129281,0.010113642
18806,0.007621809
20064,0.050570413
139531,0.009885706
93889,0.009131831
107355,0.006087032
63591,0.06270961
103765,0.029463531
105941,0.013164464
40680,0.10069776
122703,0.049818333
91646,0.008549677
34384,0.0065076016
95937,0.012064289
58842,0.022602877
707,0.011353394
95983,0.01451309
112709,0.011314122
6222,0.012970912
47794,0.021783812
66270,0.012614183
68355,0.024610328
44422,0.007103101
122040,0.048484925
62951,0.03967347
33284,0.010318497
20864,0.012894792
123077,0.011867348
40089,0.07688675
62893,0.01725571
52848,0.025673099
114579,0.034073163
1176,0.009128648
59393,0.011390721
148747,0.12850347
77687,0.14482298
77642,0.10303219
49379,0.20669281
131034,0.089367114
109155,0.0988299
89807,0.04541218
123152,0.023864143
131987,0.04926475
102270,0.008098999
146042,0.0122278435
29320,0.01640314
80297,0.045082007
77450,0.012587046
142069,0.072460115
27637,0.11571694
89455,0.010058321
21075,0.15002811
107745,0.0716395
138736,0.040963937
60324,0.31002024
84254,0.018935794
53989,0.038146902
51731,0.11114036
12507,0.017001193
110512,0.014052265
100759,0.032728232
18772,0.19663963
85685,0.09840775
112579,0.012401971
95359,0.4950015
1565,0.0075138127
101739,0.051683452
93339,0.007966211
38629,0.0711491
124988,0.5679467
122965,0.021674383
99995,0.043413736
120359,0.47962627
78583,0.09058567
49962,0.04537038
56042,0.058029454
35097,0.023558121
131682,0.017399315
125067,0.009402645
29824,0.0076395273
118968,0.09479509
84721,0.01035755
57978,0.036498643
24772,0.034652185
105463,0.010663879
145748,0.089793086
74214,0.015730206
128964,0.37402734
105785,0.07244116
78745,0.0057131266
35065,0.12713236
136633,0.012951927
26464,0.10772081
145330,0.010146639
4240,0.006875688
99985,0.6499869
68225,0.02701877
106762,0.28062046
110215,0.17622674
133619,0.046929535
111952,0.014833049
62276,0.013595368
115463,0.09149338
69209,0.11742141
132575,0.10647813
40589,0.10071748
129179,0.015059982
12319,0.03628147
118740,0.011595809
135715,0.36733788
111891,0.022962142
140885,0.01886913
77631,0.027915604
4897,0.016235048
19653,0.47116646
92925,0.1723517
22055,0.033410784
110696,0.0065081627
79483,0.008064452
23830,0.09536378
62323,0.01227575
42465,0.008030897
34810,0.009055068
98804,0.37708992
100752,0.03399666
39412,0.119534634
60401,0.080365434
68338,0.03056107
105448,0.10504462
105850,0.012874288
46025,0.058661383
21054,0.05318014
130194,0.017759675
123665,0.049024105
42664,0.04382698
84287,0.050158914
18449,0.008489942
116376,0.12729879
24461,0.41760862
85137,0.0063747093
16943,0.014923402
69281,0.16062562
139923,0.012576609
105580,0.03802896
112684,0.3331197
96403,0.0066269026
57057,0.124666214
51632,0.43746525
55737,0.008631679
66607,0.009347311
79667,0.011210597
89824,0.07273152
42198,0.013289448
64115,0.026913092
9859,0.20025338
143911,0.01617623
146465,0.015456941
144111,0.013581491
70373,0.040699303
118153,0.043885417
4037,0.02880132
113655,0.03934866
49690,0.2098671
43034,0.04159559
120963,0.033957243
120899,0.027464272
124715,0.020548407
84187,0.022007998
48922,0.039541207
125466,0.009221016
85595,0.013276904
60237,0.00861376
66584,0.012134228
46298,0.037514612
135929,0.020239132
127725,0.0154804345
9458,0.009937098
32791,0.009958142
62073,0.014713225
8916,0.028341997
29799,0.0409879
145446,0.027211415
80493,0.05804125
68986,0.59329796
102038,0.0081134075
30982,0.040895034
77978,0.005558448
13139,0.13718714
44849,0.11705493
57314,0.049134467
145253,0.026809096
45826,0.023406299
84515,0.044471253
21416,0.016329478
31053,0.75017494
194,0.09836725
118870,0.0067469385
106077,0.035571396
63547,0.019991687
54715,0.044379827
102981,0.12327797
105081,0.012912454
18035,0.011176424
76849,0.023972291
100473,0.010979013
136100,0.18811792
16292,0.007268549
84440,0.022739904
70386,0.040462855
2812,0.03305787
113433,0.019055828
117548,0.014286217
107901,0.10949637
67216,0.017378107
128847,0.014616425
11335,0.014994036
26807,0.32310066
12516,0.0075938036
104328,0.013101108
90101,0.012666721
29806,0.21087258
82090,0.18986535
74986,0.059312932
50320,0.014313721
14182,0.07501262
82110,0.32906598
14199,0.01416526
85755,0.47719657
5266,0.51269203
68253,0.48920965
132915,0.00858641
86960,0.022629242
94611,0.070961766
123941,0.018426836
119171,0.057055544
6732,0.0115290955
69973,0.03868722
132358,0.04686312
2949,0.2916633
148219,0.14862841
78458,0.022977334
42517,0.26004332
15922,0.575591
11795,0.08957076
55520,0.30901006
84942,0.012070923
61427,0.011716993
64102,0.015735928
95384,0.007815604
135615,0.11078161
88926,0.008806039
25782,0.013659829
8358,0.01209107
33181,0.024063399
46548,0.013047769
28021,0.045486744
31063,0.06689656
106785,0.104798816
77560,0.015662348
145464,0.06468946
14435,0.09774574
22756,0.017100522
34019,0.16460443
127540,0.09727215
100201,0.014871289
145511,0.063104376
115219,0.01657139
17007,0.14475626
140411,0.01316346
73216,0.00907634
98434,0.17044584
14083,0.011343133
66715,0.051983103
99638,0.025994709
52780,0.009476036
96462,0.04299401
34469,0.013216632
101172,0.024890656
75105,0.073872335
63197,0.034784798
111657,0.03345481
80013,0.039724715
124655,0.40372384
118312,0.007752213
85780,0.007379767
127446,0.0421983
140906,0.009555264
130094,0.0337329
99402,0.0500209
112336,0.0062619485
140751,0.015054736
94939,0.00948384
114431,0.009400491
75768,0.017167801
145002,0.029442336
13952,0.0901072
76324,0.0059929714
38046,0.053765792
127471,0.028924236
15697,0.72727716
31849,0.015632521
88133,0.015515471
143226,0.011835569
49650,0.072275706
51377,0.10519249
31093,0.014753421
89490,0.011112739
115969,0.012281417
2119,0.007058463
139510,0.023857955
72940,0.020147558
146514,0.012726219
137460,0.0367843
32010,0.007981041
136859,0.07449923
77695,0.012480534
9221,0.017256567
39898,0.029253278
100328,0.0059501696
56377,0.01971344
106352,0.034654982
5232,0.012641341
47849,0.061931185
31681,0.1437714
59850,0.038915835
46917,0.009705914
46989,0.037748273
41338,0.024965225
85153,0.016058821
9534,0.061190195
31045,0.008274974
105556,0.049177278
87804,0.006923521
1618,0.06591572
118349,0.014893598
50799,0.059153073
13631,0.36843652
70739,0.021559734
25729,0.008906167
137721,0.007897183
33481,0.01562553
3278,0.008714593
29183,0.06263648
50400,0.5506762
10291,0.03550917
40793,0.066889174
95425,0.060688365
62259,0.019176563
39313,0.0068374085
128616,0.008590545
123611,0.2939977
12426,0.008258532
6604,0.011618901
122536,0.011064498
82769,0.018423352
97782,0.07084929
50540,0.03985828
85238,0.1820705
71590,0.008005539
56012,0.011214678
135959,0.019142678
74198,0.10589712
43760,0.008849032
57632,0.06646309
6486,0.018916821
15639,0.09573769
88662,0.017131055
22140,0.1442377
35381,0.015870284
135218,0.013601073
86688,0.013313529
121917,0.08561156
23072,0.07662805
110563,0.090874195
126545,0.0423269
129605,0.035846483
4042,0.050360274
121763,0.007234572
37483,0.011879633
7991,0.04804077
20224,0.00965851
110273,0.019584518
104449,0.020251516
36445,0.54920673
43123,0.048181318
109007,0.018228108
19054,0.19702698
133180,0.38828275
128754,0.1946154
18581,0.03284737
128060,0.048210617
26049,0.013547873
100867,0.006252511
17059,0.016693797
127148,0.18268856
89439,0.0112707745
36383,0.036257327
43755,0.007495288
107501,0.0067080497
125594,0.061812814
72505,0.009123982
19869,0.010663769
105178,0.0071033696
139032,0.013176022
34971,0.23990987
85015,0.117381446
14817,0.0443691
17353,0.048831474
100090,0.02164756
49119,0.02432142
143547,0.0138856415
136144,0.028194308
85933,0.033941723
18545,0.0072604096
135244,0.006962523
97785,0.07704265
1415,0.014926668
25330,0.0641426
139689,0.08439331
117648,0.03389098
30764,0.009860735
148447,0.0065822625
8914,0.015335662
23998,0.35493323
75203,0.5651392
122090,0.22669573
47541,0.09660712
4833,0.009505118
34650,0.023338126
58369,0.00709745
96554,0.011507916
94694,0.5405329
86877,0.00939338
134990,0.036484797
29469,0.07354859
147739,0.12352895
11301,0.03246235
69186,0.012303341
49028,0.06716318
18906,0.045447934
1918,0.026526436
116639,0.054167636
116073,0.0131814
11345,0.0637588
5855,0.041069515
147528,0.0073315813
65417,0.016100042
135024,0.04551929
8680,0.22354761
11799,0.030480392
123264,0.009089619
69339,0.0073365592
96909,0.043958843
132713,0.035687074
19750,0.013601745
113765,0.36771277
134485,0.02443765
68426,0.017262723
47738,0.0066844714
55144,0.026336644
24332,0.8184262
135411,0.100462094
64545,0.012676009
38697,0.008413391
67850,0.012697063
123977,0.49240762
36159,0.09679009
45627,0.015652493
126498,0.017207647
81392,0.066766925
90155,0.021860396
78401,0.18997313
9760,0.031940524
122108,0.03795943
113374,0.039702196
74365,0.014421274
67287,0.089987464
48619,0.18854214
37112,0.16180678
67025,0.0661943
59488,0.023092996
84566,0.0085485
64502,0.07995793
137949,0.020001143
67074,0.010391531
140323,0.1578665
24175,0.55096954
5857,0.09214022
22125,0.02156593
81695,0.020372417
33175,0.014283223
133286,0.01182662
144208,0.010953175
75562,0.015270319
146015,0.013916126
57641,0.012317588
83136,0.3451315
104672,0.012075723
141813,0.0067162323
60201,0.021406889
79398,0.07794929
124823,0.044790633
127984,0.04965245
117157,0.012200349
121479,0.006881959
10414,0.014642959
116435,0.009950018
65599,0.37212756
17903,0.010000763
133980,0.014601482
128152,0.33056438
105647,0.085443586
50176,0.08209521
147135,0.010654838
69877,0.0073952144
50562,0.0076486208
115368,0.11232671
58432,0.2989329
93162,0.009445985
17459,0.036463212
23187,0.021952046
136030,0.07831896
134167,0.03388245
102742,0.019035272
72371,0.01133814
53914,0.039064486
51612,0.064510494
123978,0.009342063
76247,0.09436256
93631,0.032844212
126063,0.0149916485
38193,0.0065589244
39285,0.012544306
16322,0.042864624
51489,0.14412656
81814,0.01567287
33015,0.02677932
26276,0.09586565
32043,0.012149802
145659,0.011749168
50611,0.037065748
7352,0.09151021
99162,0.10623277
129305,0.01387437
78908,0.010198348
101484,0.09431646
20898,0.0068230988
90705,0.039155133
21285,0.016380422
47415,0.012124915
111369,0.006839932
92154,0.0114208795
148409,0.011374743
57561,0.101189755
91734,0.0126427645
45710,0.011554042
16000,0.11706714
27372,0.0065372796
124813,0.0934152
47842,0.008170225
100136,0.04917634
107912,0.010507577
104399,0.021006279
113872,0.009429664
27068,0.38310027
117145,0.012748122
62545,0.007099739
140681,0.06024083
75557,0.012324915
76380,0.00794579
100528,0.0111211995
65820,0.01568279
22514,0.25725442
118092,0.059409447
100519,0.026537964
1462,0.009841963
107181,0.0063282894
29687,0.027385086
104227,0.12809467
78584,0.01018266
143460,0.28410304
16380,0.012822585
31810,0.26874024
65030,0.015511109
32397,0.05432217
110552,0.011287776
91161,0.48907393
88643,0.009780264
134023,0.022904355
136152,0.021262575
69828,0.021618742
99742,0.012975619
72207,0.011701647
5889,0.3303529
68711,0.006255602
43592,0.018120691
122030,0.015117738
116048,0.062315993
89463,0.009344089
68880,0.009984556
99932,0.0151819885
75930,0.075237125
37226,0.041737124
100313,0.023619829
34856,0.007970172
79025,0.032547273
35483,0.014782962
7326,0.03574867
96012,0.072938606
144708,0.0102030095
20842,0.020818362
77968,0.035885114
145991,0.034247074
52664,0.013201138
41382,0.03818449
117201,0.008917547
75915,0.14548767
41138,0.009719742
40940,0.006657361
68833,0.010999909
141857,0.067826174
143154,0.03312277
34646,0.007356112
80032,0.009314148
89633,0.015825905
86532,0.0151985595
89331,0.010067722
73825,0.012499396
103131,0.03101953
142437,0.02406346
15161,0.07788512
53494,0.007754968
134826,0.012561181
37996,0.030543331
45546,0.008171843
61093,0.015275905
55544,0.009148976
103918,0.024072012
28372,0.055372912
138463,0.012282359
64655,0.0163586
112842,0.2034438
105045,0.005967486
106413,0.13574955
43942,0.009552552
83741,0.12576936
86087,0.008694987
123621,0.041522946
137021,0.006725257
11890,0.03399698
85632,0.010021254
12095,0.0141508235
128284,0.008127745
143242,0.025250733
645,0.029934837
71240,0.014763841
98386,0.01812368
148929,0.028538771
94261,0.021494718
26381,0.0908343
40726,0.080931015
72606,0.014000176
86723,0.03826407
85683,0.02708569
68540,0.0071028653
121899,0.0064794756
82505,0.008852278
129574,0.021368913
23562,0.03216765
2948,0.031335842
128053,0.012313144
23273,0.046664752
36738,0.017381577
116142,0.008160508
105829,0.2247719
59574,0.02024696
35394,0.085622445
130425,0.015380889
106724,0.011203115
49289,0.01627523
35067,0.11600482
144574,0.016078597
97043,0.049204744
54477,0.010817923
127395,0.01759874
149975,0.23105441
94851,0.007963377
79587,0.021392584
107701,0.023872329
143261,0.17150061
128719,0.020257771
54076,0.011385386
25512,0.048409518
84238,0.022019994
148168,0.08739733
93957,0.025821831
92165,0.06516858
93018,0.007487318
147896,0.041553847
37066,0.032725792
50195,0.0068578254
48782,0.4841706
50606,0.013941158
81449,0.07973916
9686,0.5525766
28081,0.0075378357
134669,0.09459864
66144,0.03373774
6031,0.009045932
102545,0.04404856
115226,0.04518323
142183,0.023093067
57888,0.023321819
120996,0.28926733
34528,0.01086464
76454,0.008600695
40905,0.011288377
109226,0.011313583
83596,0.04381354
104712,0.035208065
55595,0.016468214
80882,0.13136868
24038,0.08843606
75594,0.056647442
64182,0.006500188
94743,0.100205384
134050,0.09485945
73174,0.026208676
3093,0.17764865
46036,0.010532395
3838,0.02017955
90223,0.02691971
12122,0.048234846
94970,0.022540828
46516,0.07834676
30184,0.008248013
137614,0.044861406
148694,0.008748807
62730,0.01922039
104232,0.056762014
39598,0.0078801615
128484,0.048463482
81939,0.015073195
140718,0.031511385
145657,0.04767511
93873,0.07565072
41243,0.03345582
44901,0.012632309
31550,0.038567096
101689,0.011553504
85503,0.055019706
47172,0.012642359
117668,0.054123845
63356,0.0072454675
80848,0.01422304
131148,0.03379686
82567,0.048958022
68700,0.06534384
40265,0.0068998113
1860,0.005988709
13134,0.022644786
94767,0.011101577
99459,0.13777912
142290,0.02149709
41782,0.021188
41128,0.0060580503
107405,0.016807618
107297,0.1011376
107543,0.71617395
90020,0.008581793
53700,0.010354676
82099,0.20335712
86942,0.5425987
110808,0.0068684923
89574,0.05739481
73508,0.038379718
46664,0.4401029
74460,0.087084316
72991,0.09143549
70476,0.109075144
106062,0.18179068
56481,0.0105297025
74387,0.010923373
44793,0.028314238
58171,0.025005713
49571,0.16469273
17497,0.021993747
140597,0.009281097
36169,0.011969182
97003,0.01284617
120284,0.013432336
2730,0.261422
96986,0.0060301377
102371,0.028231876
131203,0.009665117
97625,0.008038923
75585,0.027388876
125440,0.05464647
63284,0.031067232
112263,0.103241295
45797,0.13154757
114831,0.011110188
123290,0.012391777
82375,0.079848625
108324,0.006077773
91266,0.077772565
139307,0.0824494
92455,0.1251424
119471,0.060812607
139045,0.1948065
136122,0.12015904
101388,0.028564785
123872,0.035134517
122239,0.076464586
44818,0.011800731
74360,0.12750027
102505,0.07639634
17711,0.013518062
60493,0.007971265
21286,0.018265167
95556,0.028325347
10370,0.00827251
26426,0.023227721
16734,0.017921045
105902,0.20336887
143530,0.03290721
22525,0.02397737
120373,0.0088823335
47429,0.065230414
52192,0.10421649
41362,0.13572228
67292,0.0071221194
67468,0.009485736
93987,0.12602691
95614,0.017791634
5654,0.0268928
96988,0.012986317
37412,0.008792086
76449,0.015423552
80670,0.011103705
149265,0.029014088
58997,0.045897096
49887,0.0098122535
97271,0.0453245
89435,0.009376978
109982,0.0141830295
86497,0.14157064
136813,0.011683932
15045,0.011313818
85852,0.029681068
88084,0.013287703
12900,0.012743191
25682,0.036866486
143158,0.4588477
31069,0.029852096
77191,0.0066137225
1370,0.012550096
127996,0.014205321
148951,0.031947535
127697,0.065609455
25974,0.0120051615
87915,0.0987922
22269,0.010335758
53936,0.08656515
84401,0.021575877
42428,0.018395279
78690,0.013185474
18007,0.01577258
141696,0.010330672
87824,0.034270976
60134,0.023341881
115822,0.01706559
12401,0.015191595
25923,0.031739503
138074,0.08220242
93197,0.014538551
103199,0.069837414
18655,0.010246948
133025,0.005966476
75202,0.022495214
127126,0.009802561
62362,0.5949081
127165,0.4373927
5625,0.031405877
13697,0.015763285
55341,0.014866274
47428,0.013539426
63768,0.006531475
112015,0.012530056
37837,0.014316102
53959,0.04809541
34681,0.02212568
148678,0.009049934
118058,0.016008832
139992,0.036911752
134546,0.023830358
47031,0.22350018
118852,0.035524216
69367,0.014492705
44338,0.015576611
126461,0.008507916
51785,0.02936856
67210,0.011021556
1652,0.039816894
3541,0.010148354
97107,0.06314446
99672,0.10868233
132186,0.015113059
37080,0.010774942
31147,0.009793055
44554,0.12617773
43380,0.57669216
21057,0.008858288
139402,0.04206527
96931,0.18349284
52263,0.038149
57024,0.006797496
48532,0.006606443
113804,0.021955032
64334,0.010652893
143559,0.022575103
54847,0.14675869
117946,0.008397216
141414,0.022532156
127718,0.05536297
11215,0.008593026
91876,0.096582584
18045,0.051523026
135354,0.3143258
20626,0.010183024
2188,0.025247248
57230,0.2358987
111981,0.04808593
136606,0.031626154
106655,0.021108666
7186,0.010713364
57258,0.03774973
140394,0.0066325055
125547,0.014618252
35965,0.0376507
11898,0.07623285
54050,0.017300686
77937,0.12376235
70672,0.016971892
139362,0.4000715
119233,0.12662153
80781,0.030496744
88433,0.03207105
115328,0.015029014
56019,0.014069387
76041,0.016103381
100078,0.04521199
15360,0.10868413
58837,0.04969482
51787,0.011333993
21027,0.017670227
68857,0.13631961
7571,0.22539002
109199,0.008884144
55677,0.07572978
138991,0.05678055
14479,0.04034083
111915,0.019760082
149967,0.013292937
38495,0.019058261
2092,0.007576678
123098,0.07240604
116631,0.042516883
97276,0.008245587
99240,0.14794192
11246,0.010476424
33066,0.12442367
140588,0.006998309
83943,0.02437417
56905,0.06328628
90428,0.008149643
10752,0.00596515
41052,0.08971855
33490,0.037484612
36094,0.010641125
96761,0.006184591
82293,0.00681345
78294,0.04944331
133968,0.006938957
36443,0.019710958
65822,0.09681792
39601,0.09549237
7202,0.015208455
114782,0.038068883
116336,0.012638217
67399,0.20392387
46183,0.052073296
37771,0.031156885
14520,0.011210862
45070,0.07544032
63201,0.016106486
133933,0.041902326
45187,0.02441674
58011,0.008257294
128139,0.010883303
61980,0.06031482
138439,0.011049899
84606,0.30613866
67272,0.011747684
125479,0.01024381
51180,0.031276807
96448,0.0064020194
130112,0.012167241
144858,0.10512308
139258,0.08184447
43521,0.026532156
112440,0.018769858
10096,0.0697905
89826,0.0151382405
55485,0.03200148
88570,0.022664567
56518,0.025381556
148508,0.03064971
113044,0.037595797
61610,0.02953642
132527,0.021025885
17647,0.013996069
10300,0.552637
100656,0.011732166
72873,0.109243505
1584,0.016162567
85160,0.12090459
3576,0.042143494
88628,0.05398208
25376,0.0136681115
136878,0.017486358
101894,0.012101943
88990,0.23441447
18355,0.052867264
20520,0.0115727475
48369,0.013970403
45966,0.013100535
66031,0.16182934
75210,0.15156601
22180,0.49783966
34736,0.014234631
129960,0.15328832
50958,0.019323487
33993,0.10156473
51952,0.007052623
60069,0.007147237
133359,0.01321593
40306,0.009392643
129497,0.10350352
129923,0.020512747
53682,0.089517936
112459,0.007377417
135046,0.00970822
147937,0.47351515
87066,0.011718368
115617,0.0058269
14646,0.011205255
64332,0.6629976
73266,0.008588713
63055,0.015463997
48011,0.01864154
86876,0.0062171253
2148,0.04350582
2191,0.017935008
61915,0.01476722
41687,0.030382095
122669,0.034712944
101530,0.045566615
12608,0.6054478
85427,0.11900253
83981,0.16951106
129633,0.0070601907
3703,0.052643243
144256,0.104338974
3579,0.012518456
134940,0.0124959
33097,0.027286883
33735,0.009040288
124496,0.04367544
27361,0.06468473
2738,0.008100202
63723,0.011597685
34153,0.033653345
122332,0.010090792
54602,0.019255392
67344,0.071837105
113074,0.18776432
76225,0.008205238
96421,0.07371908
39896,0.012369878
130785,0.1258948
34190,0.008129594
10411,0.10126843
122623,0.082377076
71197,0.036647297
71906,0.011059407
86013,0.35444745
138803,0.032153424
96099,0.067338124
106015,0.012878524
18746,0.008745264
34502,0.3162054
25082,0.14781216
116518,0.010766503
138063,0.03672915
131727,0.3632018
98737,0.010288947
28726,0.021947779
7243,0.065715075
112376,0.17615937
60993,0.039551094
27395,0.14792314
145912,0.016048675
87835,0.023218501
96517,0.04844677
98468,0.029595172
57101,0.012167178
30438,0.009432885
95715,0.011634561
36478,0.021050949
96782,0.011941115
117125,0.10075258
126505,0.02633873
90975,0.013245195
97129,0.021562615
61769,0.03001537
59173,0.100003004
49546,0.04449911
60541,0.009701195
3885,0.78962255
65715,0.023932846
8045,0.10879597
101217,0.010301516
127036,0.0240407
9206,0.0072070137
135653,0.310323
5406,0.008815837
119613,0.15040122
56587,0.013395981
101951,0.012288476
97858,0.013695575
7961,0.1455669
113383,0.008375221
26829,0.008684463
42316,0.052395247
18286,0.15363085
50447,0.012959384
139212,0.04002238
128385,0.015069684
9700,0.012839749
117756,0.018820265
79797,0.07395233
58374,0.016298609
104446,0.017159354
45611,0.032629665
83387,0.06539271
111876,0.18578371
27214,0.0067921127
44965,0.00866807
21739,0.07634095
63602,0.022343319
37503,0.036941174
146946,0.035331
109764,0.1194683
10106,0.0066036955
37686,0.028155128
51166,0.05410786
6317,0.016870433
16083,0.016635286
43626,0.012434573
15487,0.033100214
80945,0.061471477
119856,0.010381689
110,0.023601068
93708,0.0068895887
73117,0.016293166
39633,0.03039088
8982,0.0074125472
77012,0.018743202
63803,0.0083693415
102817,0.04057135
115128,0.01981043
133817,0.2175648
92347,0.023777537
139417,0.01078502
16449,0.10403907
29858,0.055974446
53323,0.018015927
26131,0.07424117
125211,0.07929202
145650,0.115116104
137879,0.009588101
126522,0.011750274
21784,0.059937377
142587,0.046270866
111073,0.017940257
60480,0.009342813
58830,0.11047579
90769,0.5970552
24372,0.015103233
61603,0.071662
40116,0.30277175
6367,0.10878563
109816,0.0116441725
23761,0.12899919
26192,0.059681498
38569,0.06691027
36516,0.04758169
95275,0.007503607
111117,0.033334028
133935,0.019680953
93687,0.02133838
147260,0.024432657
130323,0.0105113415
144725,0.0063990266
129593,0.038007833
75573,0.010944237
56617,0.113161795
42211,0.1336777
42722,0.068995446
145781,0.007886617
27884,0.042484507
79328,0.012661147
72267,0.052204236
99632,0.056762293
14312,0.0067925723
96233,0.015306326
72816,0.010228114
75626,0.07075683
4007,0.0067226193
129223,0.04819643
63923,0.0632139
122942,0.05718842
33489,0.010636542
87264,0.09341072
8154,0.011143267
67927,0.023085328
82058,0.010969893
136518,0.019035846
88358,0.015063245
7909,0.1920762
97033,0.027598955
87716,0.05608468
412,0.015024962
137924,0.37643424
149778,0.021402333
127783,0.04626488
13147,0.076137826
9180,0.013981902
27747,0.01922801
82843,0.11211047
51551,0.007446392
39186,0.0676133
19547,0.009321781
75962,0.022956537
125305,0.007083253
129722,0.021391116
131698,0.0059954347
18499,0.06768326
122454,0.037452057
33724,0.011143667
11725,0.0075944145
133159,0.020388162
108289,0.01588128
133200,0.013377542
65545,0.017159693
27449,0.008026829
48465,0.14602992
103441,0.010804893
16244,0.027920555
73661,0.029325943
42326,0.020339055
116219,0.013165945
23962,0.6539725
8670,0.10013268
50949,0.21545297
103897,0.012103853
85979,0.29077488
67724,0.013309296
142715,0.014233421
13055,0.014282733
21972,0.08944431
25807,0.11512647
133604,0.04003419
78190,0.01102189
39292,0.12675087
52264,0.12816727
58549,0.17682372
91591,0.017504603
124204,0.0066472087
143004,0.012008278
27123,0.14879967
74650,0.014855649
11030,0.0073189214
109210,0.3019281
148903,0.015277002
58082,0.035800006
81983,0.010939087
61337,0.011647318
98999,0.10205283
105768,0.017342681
114358,0.08880308
45602,0.007789262
123331,0.010755929
141736,0.22884014
54479,0.018982338
70081,0.09210471
109908,0.034684706
67387,0.021018917
56403,0.016110234
20747,0.12350829
5665,0.022091404
137273,0.007266688
43974,0.066759005
129870,0.014011068
8330,0.019380596
25291,0.47651446
117417,0.011605482
23596,0.027504073
102218,0.14797531
69777,0.38475138
33067,0.106750205
27212,0.016477685
134534,0.024058249
59471,0.01092647
101451,0.008573711
148944,0.012611861
109826,0.018949311
122269,0.018933328
123763,0.020812526
76134,0.060145885
35388,0.10667088
23951,0.048649054
61730,0.017348234
99245,0.015366856
72394,0.042169005
8864,0.029512877
79898,0.07637769
58510,0.06598242
143525,0.13239938
147668,0.023999395
75652,0.06371212
147784,0.086827055
85713,0.021353163
75728,0.031195108
112265,0.009230195
134274,0.009417744
125947,0.005607108
44775,0.010166317
2428,0.050953105
66182,0.1800735
55036,0.010417517
31559,0.27016184
103852,0.0071470956
84538,0.015516171
45414,0.050798263
71177,0.013394488
42568,0.049125075
87123,0.0492514
143391,0.06830069
145145,0.005994244
91524,0.012701361
72614,0.019814994
24631,0.008704754
16873,0.011257912
130553,0.31348208
138317,0.007924723
146360,0.20491011
84466,0.0125390915
145342,0.007293809
36681,0.05073801
28943,0.18004479
10085,0.088999465
61439,0.0068685967
95642,0.09884167
130010,0.006072639
49604,0.049131423
38367,0.0802072
19380,0.094015904
47673,0.022727754
93469,0.010629479
106241,0.011502824
8728,0.053056363
22495,0.052679423
124922,0.069331326
112980,0.13491563
27652,0.02842645
111301,0.042450853
48362,0.0198472
105538,0.042121366
9863,0.0734627
93651,0.12791932
89848,0.033239294
70210,0.008245669
129071,0.011679643
100766,0.010709766
142467,0.0073697837
93598,0.034435645
62488,0.019138694
70807,0.065683685
100127,0.01316213
76656,0.01713914
10088,0.06937669
109039,0.053362213
130610,0.0075448593
83461,0.0071974224
122062,0.009570276
140142,0.0341342
126483,0.0068545295
75680,0.24344674
98516,0.009140491
117522,0.016327212
105288,0.017517623
10855,0.012075889
92790,0.09870686
39947,0.07225611
103505,0.012947429
97636,0.011715143
138301,0.027934635
92406,0.052169815
102560,0.0061596762
48116,0.011051884
46468,0.010134152
27640,0.008730033
22259,0.030981505
136002,0.08827424
98640,0.008231141
117292,0.007795965
79478,0.007312851
100418,0.018274622
6347,0.24211465
143470,0.051911317
130803,0.06039391
116430,0.2597512
76304,0.011916033
75170,0.0123468945
138630,0.5763864
43948,0.021395987
56005,0.09484106
5642,0.017161638
13844,0.008411677
58062,0.011890564
148974,0.012237164
98399,0.025277136
84356,0.097519934
30359,0.12768875
24573,0.084302016
111163,0.0075602992
46962,0.094847664
33059,0.040397998
122977,0.025847554
36322,0.022652645
37383,0.06551244
66459,0.008962766
103912,0.011486385
131292,0.0060500535
78717,0.42523554
36621,0.24222343
41256,0.0104513075
121728,0.014346198
129561,0.04618431
50978,0.05553743
75032,0.16390297
19449,0.072104946
23986,0.006391776
35285,0.15748744
75624,0.06846008
100269,0.0069724335
65758,0.019695325
29481,0.11235015
48353,0.15877903
69302,0.20202625
79030,0.013329286
12852,0.3310017
32452,0.20188898
1966,0.018014403
60660,0.16855706
114084,0.017033448
66627,0.08522621
41179,0.021220848
57228,0.00994999
55450,0.038519055
27224,0.04389923
7219,0.01022339
4563,0.0065285
149616,0.012258682
50165,0.015436998
27990,0.022587558
32895,0.026863927
60162,0.35633588
138721,0.014026116
85989,0.48915118
107865,0.019006547
140283,0.043977182
148484,0.014264685
78839,0.038876984
72022,0.010576824
92223,0.010391364
105165,0.6910039
54899,0.011231246
89314,0.006677421
52256,0.11035231
123184,0.04098168
11841,0.012609094
22985,0.07157979
98087,0.04350748
140258,0.02294793
65503,0.12549038
92644,0.022645367
103757,0.034262836
85195,0.085754685
77531,0.011771062
110380,0.08975862
67337,0.0084727155
62388,0.13703811
30297,0.108348794
10878,0.01222102
87047,0.18564542
128913,0.009721785
35512,0.06250503
142756,0.009807868
67472,0.008845218
49268,0.02317945
32564,0.111266226
4754,0.019922713
22592,0.25825262
114025,0.472852
88216,0.016821114
118971,0.012630698
145689,0.02471377
82609,0.007245265
97073,0.014098607
90317,0.010142847
110341,0.015568791
80502,0.014983109
77602,0.033256765
52471,0.31348208
147221,0.0269094
85006,0.06405565
78420,0.02316925
113336,0.009535384
29016,0.098916106
127968,0.024432164
20449,0.01623469
13019,0.023444697
53399,0.009868341
31181,0.014494946
140937,0.059540875
104860,0.026185093
60605,0.009040181
12062,0.03701283
130939,0.0068133567
139389,0.024754861
53234,0.0135778375
148443,0.007829657
86022,0.011774168
109777,0.031228486
25283,0.063401036
21499,0.0067505375
5141,0.026250986
106746,0.049964905
85657,0.0077889753
70987,0.013069629
4507,0.021877307
137998,0.16837241
111441,0.096583314
33888,0.006972351
7079,0.012011747
102193,0.01822313
61287,0.0566473
48489,0.022123102
49170,0.055779323
5666,0.020822294
74341,0.0073378305
131240,0.07843897
87810,0.008941731
58343,0.011212664
107064,0.014121823
143786,0.017217707
120393,0.010785275
137493,0.011314218
99573,0.16476883
80867,0.010330473
22991,0.025430238
103125,0.027381962
85044,0.04965158
43352,0.014876334
54294,0.008442892
131942,0.04439889
26872,0.024726363
125860,0.09983686
139483,0.014673007
124588,0.038627185
100018,0.15718387
142633,0.035241887
19775,0.045833625
86742,0.12043597
33824,0.08362943
50960,0.011615714
76028,0.020179614
115096,0.032874312
34394,0.3280323
143304,0.052570682
102035,0.39957076
18513,0.07556778
71104,0.013797506
73163,0.006085725
128937,0.010290691
111622,0.0076482226
1161,0.019909956
25605,0.059877194
50681,0.01816596
42524,0.11338756
3158,0.012504552
113651,0.06373646
68587,0.011419835
103653,0.01101058
87820,0.033162963
27685,0.009308434
4867,0.010588532
19970,0.015055854
58670,0.03661102
86467,0.7319799
44317,0.016478566
98086,0.012095342
145666,0.050941337
21979,0.17847334
41046,0.010936967
39072,0.032586146
115927,0.038014963
109912,0.008303672
88379,0.008561957
739,0.110437535
30242,0.10262
136494,0.010951016
137233,0.018178813
59058,0.04092016
26567,0.037297282
71239,0.017025204
20139,0.012681428
52102,0.06769036
77884,0.012189298
115295,0.013025578
138563,0.006998448
105489,0.046188563
58601,0.012169574
32221,0.10204505
23028,0.0065744254
19011,0.01621926
36512,0.06225372
72920,0.055081815
956,0.027389683
133076,0.036372896
19416,0.20868813
83121,0.007975384
82260,0.012439088
29290,0.09154944
108264,0.13307746
3199,0.007477243
23038,0.090234205
17765,0.091754325
63842,0.010544055
73047,0.012223478
32164,0.029012663
62449,0.01915289
58382,0.06655372
18889,0.0093641095
66881,0.7432876
135540,0.09411548
82722,0.011220528
85064,0.024497926
96026,0.008314217
131071,0.07169837
85132,0.03832765
58671,0.016444204
115211,0.10035858
37706,0.014704304
25262,0.13372466
22458,0.16739161
38576,0.013348345
48276,0.018478712
64858,0.005775595
87228,0.032599
135181,0.007248792
140623,0.08223487
55796,0.026609695
40644,0.014654205
92440,0.013846325
58716,0.17578797
75274,0.09822359
34574,0.012286098
101607,0.015237512
25965,0.035829652
88760,0.012426981
38615,0.09808877
18131,0.0090146335
105219,0.056208476
72065,0.010536685
27440,0.5502603
24397,0.014364252
95844,0.065162614
106979,0.019120142
79676,0.006009432
13779,0.015018993
45906,0.016709553
109916,0.13276497
41524,0.05326996
18147,0.070270464
70756,0.07444478
93014,0.006009634
75696,0.008932073
5311,0.007855614
40617,0.2864726
135495,0.015498662
76549,0.0060148207
122987,0.008416304
108121,0.009580199
80824,0.0063709468
75011,0.034001328
68560,0.024223784
149612,0.030223098
104648,0.061104618
53611,0.061527874
134603,0.00694561
6340,0.013338502
9720,0.012611411
141575,0.19182901
90253,0.014992219
78133,0.015520527
76777,0.040508635
17732,0.0079177795
134612,0.011769715
118016,0.007009585
92910,0.02962615
64346,0.009163239
41454,0.011831475
137132,0.018348387
93362,0.14627075
68938,0.016438335
8873,0.018512966
34390,0.012248403
100159,0.03869945
39006,0.12549517
5246,0.017517878
8401,0.016284937
104611,0.028535156
92204,0.01803194
96812,0.07289267
143777,0.02223066
23904,0.12602018
29037,0.072637476
124687,0.04808803
64599,0.008590849
124704,0.033390224
1413,0.2862446
60690,0.018314522
31134,0.015063154
10796,0.02350294
115629,0.018708598
115067,0.052960984
81740,0.15765214
119794,0.10977342
23361,0.0055660014
144034,0.02414753
131113,0.033800554
111318,0.025379166
70574,0.08187976
134769,0.097102895
96960,0.019192329
118964,0.006982382
133124,0.010769367
47761,0.010343204
83279,0.0075959815
92089,0.075980864
45210,0.034550857
97274,0.012951647
60738,0.067751385
119279,0.029174065
106626,0.07357514
1936,0.21032873
138064,0.06252807
146402,0.03618948
133754,0.019249981
105781,0.021075267
54227,0.019463621
14431,0.1002993
58886,0.14231417
144711,0.043613777
13381,0.012707653
76320,0.06687589
72384,0.017087463
129982,0.007020905
101987,0.048041426
7044,0.0074786907
9804,0.016206658
80052,0.014976102
3705,0.08663067
5273,0.010784863
32320,0.019381918
121780,0.0054297033
3710,0.0095826825
139875,0.010794039
145037,0.054369118
112794,0.008369449
130592,0.008216149
15144,0.007617035
17370,0.048614454
73011,0.007858391
40744,0.036950897
89134,0.14256532
80525,0.012028384
81292,0.23807114
55639,0.013152521
53812,0.07758532
11295,0.120909974
92380,0.027856274
7118,0.7636599
61135,0.012455083
142864,0.023143038
89833,0.039900005
87791,0.11499652
95107,0.13590115
101126,0.13037688
113759,0.03350805
143430,0.009360686
64567,0.030967357
133601,0.07872929
63348,0.01116859
85212,0.0061518024
67054,0.015442767
33694,0.043066997
472,0.007468497
4962,0.058788545
149064,0.067846045
55755,0.08953262
139953,0.021214515
10368,0.10084811
15342,0.16147575
24013,0.011970039
11305,0.17419171
142840,0.082489245
119646,0.014046361
133021,0.009562457
108230,0.720694
106814,0.008235595
10358,0.017378343
72931,0.015715506
94474,0.6120859
103771,0.34944132
137865,0.5243629
83482,0.4198379
34922,0.012164462
143358,0.0070430227
38183,0.013634116
122978,0.108365044
123296,0.017466608
94929,0.01136038
109124,0.031569894
69030,0.0080559
63794,0.32378468
11573,0.009450385
103732,0.088982396
21681,0.01186571
85317,0.028910339
60467,0.010745564
55599,0.051898364
5263,0.018422611
96475,0.042555403
24167,0.010638815
76745,0.01045812
68842,0.010220601
147166,0.035002977
73185,0.010664951
130887,0.043306317
41631,0.010306957
128422,0.020494614
84878,0.016474703
83756,0.23562706
121870,0.51892644
133584,0.033347312
78257,0.23405918
106326,0.022713386
144345,0.014479582
10280,0.019021805
866,0.0111418385
45250,0.0073784534
78079,0.023367511
26980,0.055042528
16060,0.0082864985
110671,0.27044067
63812,0.024653392
25003,0.13191539
129393,0.029802522
149437,0.011283259
67170,0.013739555
65725,0.010444696
37190,0.08717708
116488,0.0124581335
94391,0.039143495
146562,0.059010513
39521,0.014338472
141569,0.039101273
146346,0.23586267
219,0.028584542
104836,0.0065393886
142518,0.19012256
50336,0.1642158
115630,0.021361155
122771,0.068381146
6389,0.03435997
96959,0.059327047
81902,0.09705239
104427,0.080487594
12272,0.03357991
76079,0.00762743
27917,0.0127332425
124198,0.10304323
125809,0.098122984
52966,0.28733903
79089,0.014318255
110484,0.0154778315
125031,0.057266746
148723,0.583865
66805,0.0068505257
43925,0.009093687
76153,0.010354442
73836,0.09590724
76598,0.19688445
98418,0.010362776
74456,0.0075394018
34904,0.02786132
40880,0.011645127
131217,0.24358875
100620,0.0080871675
71328,0.05304144
44697,0.04351446
16320,0.3736241
125284,0.007486758
47708,0.07080365
85987,0.07272516
121491,0.02367128
146161,0.044028223
147101,0.167477
128411,0.06666362
122162,0.33434865
5626,0.015346286
36351,0.009074942
1012,0.3384746
30423,0.47274795
116348,0.013072896
62722,0.0839047
136451,0.024289377
126794,0.012417433
118201,0.014499771
55080,0.015875125
137803,0.02063305
136028,0.034062296
66659,0.11582453
46734,0.030990237
57829,0.0072112693
48239,0.4076139
72360,0.0111498
45108,0.023225812
128595,0.016736196
73585,0.016421214
59733,0.034167185
82516,0.41023904
40445,0.11840781
143859,0.2380758
75482,0.12526037
45855,0.015797574
111728,0.012108004
80051,0.013736357
14653,0.06301133
30848,0.022280835
53061,0.17026526
93513,0.013563003
50268,0.09996342
21090,0.022198627
82479,0.031687226
105755,0.045309823
100533,0.11482666
110499,0.011784432
55879,0.028406382
105310,0.021272985
45323,0.020098751
12870,0.007702357
42140,0.40470943
79507,0.009419928
85754,0.07165298
17763,0.007355161
111495,0.18264619
58667,0.040981293
49158,0.096063845
140215,0.026302904
71846,0.00604635
67101,0.262961
135291,0.03160822
123956,0.03939839
3336,0.014008388
95262,0.68827933
120330,0.051517505
52968,0.010141128
94783,0.010785981
148226,0.012758292
63375,0.018277107
92049,0.39452648
102031,0.29777595
2778,0.0065004253
46655,0.19971193
78284,0.008445096
48041,0.20483316
82899,0.16965283
30558,0.23609181
2927,0.010362893
59969,0.08119022
84206,0.05807094
133442,0.01567671
110903,0.009207839
64922,0.07882727
51439,0.015062205
42126,0.4675748
5303,0.011982057
116482,0.05726867
121188,0.7846205
128062,0.1231922
19884,0.012836209
79834,0.18654472
19889,0.0091789765
102970,0.006855196
147932,0.015875617
111362,0.013547976
96567,0.15144691
91380,0.3413593
40386,0.011213451
62772,0.014597311
25835,0.01151859
67301,0.020373583
25687,0.016645703
10975,0.014630566
135522,0.009457422
10233,0.0066434313
147004,0.023184022
145691,0.11389803
62707,0.07883234
1388,0.032336313
129011,0.29783535
143098,0.021069925
27914,0.1332916
86004,0.014601763
111793,0.06825905
58577,0.010132114
14240,0.5989444
117226,0.012922164
124878,0.26970467
7944,0.10224727
81336,0.009163698
9657,0.32950726
29972,0.057062503
44830,0.0065236115
55652,0.31078026
149811,0.13244028
29477,0.011856042
128547,0.12519273
134934,0.011356996
42512,0.29382536
131979,0.58167905
111392,0.100094385
38530,0.012245554
6970,0.122239426
12715,0.01451468
257,0.086618334
64154,0.3633461
114984,0.0545363
114007,0.009376052
110312,0.055037282
59689,0.0078771245
10053,0.09579611
131098,0.013035052
75213,0.018942036
83546,0.18104775
85361,0.016514773
59117,0.01614482
23365,0.01192658
26914,0.006363541
32236,0.032060374
127429,0.025602212
124192,0.10255269
130652,0.0521208
88336,0.33965266
29212,0.008344494
131744,0.05053294
8721,0.16087507
112422,0.04392011
143280,0.013851776
45610,0.351469
127671,0.010019065
48374,0.110392295
138094,0.04341042
41323,0.040409986
64681,0.014380836
34767,0.0073342677
14693,0.066517256
31958,0.06937202
140726,0.027388496
110040,0.05661584
32299,0.018919958
127494,0.03250543
11845,0.02919879
144303,0.21158357
60344,0.010261616
37164,0.012059289
73385,0.0104212
16274,0.016682982
73366,0.033540703
20296,0.03790699
39800,0.017217504
12919,0.026122402
3416,0.015533727
71619,0.027979942
4442,0.08217912
68561,0.5638122
4854,0.02116504
69542,0.006146045
43845,0.08622422
101641,0.010930861
9249,0.08924366
140308,0.12270683
78159,0.14682999
17558,0.7151367
64258,0.49726495
72009,0.04472081
137469,0.017490627
28076,0.10522809
24314,0.44516248
40057,0.019171456
47846,0.009844635
136003,0.014250773
96426,0.007340109
78453,0.016074123
78914,0.029233221
52633,0.010497439
101226,0.27609223
124337,0.44738144
41342,0.028375147
140364,0.011719213
128789,0.0115344655
7381,0.0072812666
1264,0.025736587
37249,0.008876468
80523,0.02079757
144996,0.014858288
96721,0.012809728
131339,0.0189254
85338,0.03925171
31293,0.006625764
6346,0.078277506
28754,0.14055246
118533,0.014748035
5117,0.011322494
112780,0.027625058
138408,0.006917141
76212,0.007599879
14957,0.33631882
10123,0.113796234
93699,0.016062604
105328,0.012938182
71485,0.013972065
27206,0.012791464
102537,0.013135728
90350,0.073929414
28595,0.028744355
104571,0.018109715
22353,0.009069755
24224,0.012187375
43586,0.012544873
54262,0.12870614
78972,0.009861299
14456,0.018003227
33902,0.00840621
39423,0.023757596
135877,0.0940133
32796,0.010827857
7486,0.11280486
128904,0.0741264
91961,0.0656028
122275,0.027417203
127814,0.009834954
9514,0.069130585
29158,0.7215221
2888,0.008745227
121485,0.012293066
144913,0.016487502
209,0.0426545
19227,0.021264367
83860,0.07412712
48863,0.10271757
92120,0.016745528
12030,0.04145545
5632,0.0990037
21167,0.015202099
31741,0.027433477
19381,0.010116062
51841,0.012562612
94553,0.19369748
102793,0.31183878
66786,0.072754644
58392,0.008065897
43235,0.019336648
120946,0.024279589
127858,0.011186203
69133,0.04679704
102860,0.028011266
59253,0.07681409
146765,0.009314245
87982,0.018228577
88098,0.1766473
90494,0.0068494095
149275,0.008932039
93543,0.01912936
146962,0.0073325215
2772,0.008918892
113240,0.14034955
16215,0.14399731
38207,0.014590125
144756,0.006684038
65630,0.07367232
92787,0.013391419
9915,0.110620975
103198,0.075390816
3611,0.087298
3412,0.037749633
18092,0.066575944
75803,0.016339997
39731,0.086177684
66612,0.08078867
5430,0.007151576
61232,0.025471805
145315,0.101435095
52615,0.018217342
79270,0.10731618
93079,0.016689984
113089,0.10090018
73707,0.025090074
117033,0.016261533
35088,0.103387184
39857,0.017824214
77315,0.06408043
694,0.40413022
130409,0.022941846
84367,0.011551255
47727,0.036171123
64564,0.12402015
58318,0.040492162
145496,0.18374403
70923,0.017644042
134771,0.025407117
30483,0.014934832
109398,0.014800008
11386,0.049787547
39988,0.0178908
57105,0.47679418
28568,0.025005272
22099,0.112405375
124661,0.050922543
97387,0.012024236
103966,0.0071673337
77617,0.01832323
144560,0.010589512
93447,0.0232661
102964,0.14785108
96168,0.011653786
10351,0.017185662
34034,0.11026933
56349,0.0061586634
43841,0.014195642
65037,0.029491067
96937,0.097744726
110059,0.009141255
82406,0.0070883185
85452,0.03030331
10989,0.024858113
139710,0.12949973
71086,0.02718168
118424,0.11545859
71674,0.25775367
35454,0.21782349
66361,0.30990008
115965,0.010602244
34022,0.013559867
147201,0.03307595
28190,0.008298164
75484,0.059736483
65489,0.034332514
104199,0.045685545
145943,0.0075081647
71506,0.59295
92808,0.011216381
25621,0.020319393
104254,0.013308194
135899,0.64125556
143034,0.01334093
56109,0.0061411737
83265,0.15224835
68432,0.0585577
61008,0.010423442
121111,0.07325364
77577,0.041167703
53062,0.011383711
74681,0.0066639706
140509,0.1901798
130841,0.7012214
78987,0.021252265
72421,0.014913318
43891,0.009189608
122234,0.0072380663
109794,0.010722334
45197,0.015033434
58266,0.11415923
33156,0.05390888
83653,0.1734134
149168,0.01217759
109540,0.054910917
129814,0.025899224
66713,0.06652551
147889,0.08699154
10783,0.07330079
143517,0.16450113
66010,0.015462347
34127,0.017161494
132897,0.049386427
121108,0.012484373
76874,0.01297444
105988,0.010688386
97558,0.012524535
87853,0.1720601
10844,0.008058629
1989,0.006238509
22701,0.012885643
146170,0.007670348
87707,0.007645621
33442,0.012616963
56469,0.010621559
46523,0.0071555083
124122,0.019382423
16825,0.008143894
37353,0.024922993
126266,0.059408367
71320,0.046092834
132729,0.013244559
133772,0.00695864
104460,0.011321448
17445,0.079912394
136167,0.006917599
143589,0.010991991
134314,0.006069972
131417,0.12037794
11049,0.031966634
15949,0.024075383
13239,0.012150466
48570,0.007196663
148363,0.013838605
65880,0.01877748
34472,0.0066986545
90978,0.035096798
124965,0.0073410855
55687,0.017420996
6694,0.21225241
84185,0.048746362
88771,0.016240418
27763,0.01899321
146064,0.0121087385
18109,0.04652214
78871,0.007750046
122618,0.011105416
119018,0.016251514
36058,0.0064361263
52241,0.0124047045
88972,0.26527694
149535,0.008432838
85148,0.2039267
25060,0.0073304535
45469,0.062098637
20038,0.011085503
15185,0.09585251
101315,0.013600241
64775,0.0070053968
48590,0.012178509
41165,0.15392452
66398,0.022327533
17707,0.09592134
11216,0.25636986
127961,0.00918347
27559,0.036208205
8799,0.030361572
31030,0.0136117935
17225,0.018500557
141722,0.008258888
60421,0.019032836
95378,0.09625206
92163,0.010414087
120276,0.012321178
122406,0.0062883017
38252,0.026415061
146484,0.014772585
46992,0.015021625
118912,0.012159226
91490,0.10449859
55591,0.010626887
47505,0.18472368
58462,0.08410318
31095,0.02085699
39034,0.052064516
81931,0.091219924
84582,0.013284272
3973,0.0071565253
5712,0.020285666
79643,0.011749975
21408,0.0134257665
130779,0.30064797
75709,0.08015631
9332,0.11920616
122521,0.01985194
48419,0.013674382
20997,0.030111324
84351,0.01707511
99649,0.0076680514
33036,0.022214338
106266,0.06000979
117485,0.067776054
79793,0.062159665
41996,0.035142187
146993,0.007380092
65409,0.011940305
101917,0.13051142
99379,0.013897249
35614,0.038226157
69893,0.06350458
48724,0.044210084
103243,0.06786432
22219,0.01481708
25024,0.02200097
75889,0.011006935
55433,0.09449033
145177,0.049525842
44114,0.0072659897
103983,0.0064372364
114660,0.013729731
76094,0.0153086195
36483,0.07879229
8958,0.08640857
50783,0.0065285
103759,0.0060004946
72427,0.011229789
11726,0.0138902655
67633,0.0082462
62634,0.018361406
123470,0.011664649
5850,0.3205065
95057,0.07228419
129602,0.044584382
13420,0.034024626
146386,0.011959667
67693,0.03767716
76772,0.027520321
38528,0.12377719
119016,0.009811836
9630,0.7311538
51380,0.021284461
75212,0.28884733
125537,0.027659988
108589,0.012576318
137666,0.0061768056
132767,0.057614002
53956,0.011996064
60258,0.012391503
19284,0.149282
128819,0.0067074015
103217,0.06262534
70743,0.73747
621,0.012890101
86738,0.28313154
113629,0.024056867
64195,0.019456925
67153,0.0098244
148112,0.30961207
115835,0.022075288
111514,0.56755775
6223,0.0069048614
122901,0.14716353
68147,0.1463478
43555,0.007606323
7717,0.14486754
21409,0.009735916
31144,0.006061571
117773,0.03065153
26544,0.017370243
115342,0.2537063
73861,0.010685312
114578,0.009162308
93942,0.2762512
31919,0.008307918
93507,0.06495225
37626,0.008118191
49986,0.6246656
125778,0.0747169
85075,0.023533612
91555,0.01277162
89852,0.019345868
19987,0.013731248
38666,0.010613839
41514,0.025981715
53329,0.008907308
26402,0.0124538345
521,0.23895001
146440,0.013656123
109304,0.050552607
72027,0.27568203
98583,0.4589029
113623,0.015672326
66707,0.013867632
37485,0.012931899
134397,0.10656775
83277,0.007064601
124601,0.018719906
72392,0.5755592
92833,0.0070774066
105060,0.021058029
121995,0.015799161
14283,0.011632023
27156,0.119297475
35063,0.45391467
2442,0.1161939
35306,0.024395825
139138,0.16511932
42713,0.013999216
99763,0.015629953
97663,0.23914021
18998,0.006009634
7266,0.015103396
5773,0.11463202
69091,0.20134787
91475,0.008679275
37426,0.034129217
101285,0.014619063
114648,0.015268977
53041,0.4954845
118537,0.008825112
129973,0.0116875395
88288,0.07590474
57835,0.014060718
108463,0.05104482
55744,0.011472571
7847,0.034852196
56483,0.04156981
124242,0.024375895
46258,0.4830152
31661,0.012261374
14618,0.021836765
30009,0.01153223
36210,0.011503279
95782,0.19428541
97776,0.015835468
3848,0.011128004
25150,0.028813593
84084,0.0064014886
94740,0.015842885
124573,0.009281426
145120,0.11860564
103822,0.008279758
70834,0.084808014
96808,0.0076862327
32762,0.008471574
120620,0.017406996
90308,0.010840639
72751,0.008674887
119962,0.008535037
114581,0.018869935
121695,0.0067559434
141833,0.019507311
43853,0.01929563
123577,0.010047107
35953,0.1254263
57171,0.0124256285
89733,0.06622413
131815,0.011929773
110189,0.0063259657
10990,0.01006411
20136,0.4404509
125409,0.016087258
144776,0.08758588
119025,0.05864873
116845,0.03657891
117419,0.019111648
125915,0.007429079
45164,0.023627516
92667,0.01616818
137319,0.026623873
56322,0.010677597
34755,0.02303521
29678,0.014547189
111340,0.012961757
59248,0.007598908
5869,0.010894571
115241,0.015494619
61692,0.039868474
12121,0.113263205
75258,0.016672432
23597,0.020925958
52135,0.036567494
149797,0.0059501696
32407,0.011876729
37965,0.09426285
113161,0.014769955
80488,0.18072496
120281,0.04918077
62262,0.03475723
123840,0.085694894
147511,0.07825764
67978,0.015801556
50124,0.006662951
147392,0.1112687
12468,0.13548271
136104,0.22084548
53224,0.47270513
81959,0.0125430245
114428,0.01374351
13780,0.013278291
99605,0.009051953
109370,0.009990708
131883,0.019777268
43731,0.017347323
18474,0.0117799565
88019,0.00841581
37732,0.008941292
95566,0.09918021
104599,0.01297833
70132,0.014276698
127461,0.007983874
36980,0.051312547
94046,0.07540732
45733,0.05999519
58148,0.038334303
114472,0.047981676
47471,0.009422906
148654,0.0683445
61343,0.013289092
121302,0.035059758
98460,0.021852246
71765,0.31233478
69953,0.044925597
82738,0.020491235
116579,0.012631603
92889,0.013024879
95626,0.008075945
136205,0.0065787775
121305,0.010488601
138738,0.009187689
127682,0.0070037385
35115,0.09251212
56903,0.013767742
35327,0.021817086
22428,0.011069258
26248,0.00888199
145721,0.012910053
133085,0.0077515235
35219,0.012052184
149034,0.4927844
11997,0.025608186
38984,0.03706411
80426,0.39782774
17925,0.011652082
98320,0.15976879
46249,0.03127757
130389,0.021562958
111044,0.00822035
52339,0.025345532
44628,0.010628205
72028,0.009684986
44383,0.013945432
11131,0.03998041
97032,0.007206021
59665,0.018891001
41997,0.07196741
30535,0.09560002
43319,0.5084043
31676,0.037963208
86353,0.029011548
87343,0.090554416
91766,0.009880626
46720,0.009044565
102665,0.009179775
83281,0.013666885
141688,0.019080784
135213,0.011556302
119618,0.04322503
104476,0.009515535
42848,0.01182943
101699,0.010796436
128223,0.038157817
51189,0.33595386
7853,0.011676682
121442,0.22090793
54521,0.083021276
56722,0.010875704
71473,0.020076595
55373,0.011995228
35860,0.010066653
108972,0.08281076
72109,0.09980947
140473,0.21202217
42984,0.18254453
79154,0.03962218
115129,0.010545855
128989,0.018178107
64747,0.022902513
17919,0.012461455
113218,0.057242874
81557,0.0160391
117336,0.01277096
136971,0.063461244
3287,0.088269815
77646,0.011331053
97579,0.016874649
137700,0.31355166
24012,0.023507467
30373,0.089802556
13368,0.0072648167
13729,0.08370114
76201,0.03043553
79825,0.018560154
132844,0.009280833
30682,0.17189968
131970,0.14046802
28392,0.11915762
140785,0.6371141
86231,0.018988933
36508,0.0066201543
116038,0.045317363
36060,0.041127354
108059,0.013789099
32596,0.44344753
15279,0.007813877
107869,0.10551087
134773,0.033175994
122787,0.18794645
66071,0.013992299
85383,0.045201514
3353,0.46522227
41887,0.29183137
9874,0.011897968
67889,0.022191389
128772,0.018249579
133984,0.027767602
42056,0.34656456
21539,0.072540745
137494,0.009506941
16883,0.0125184255
145630,0.024729256
74612,0.006392172
88484,0.033235848
92233,0.01634012
65556,0.013558775
79421,0.4663818
68380,0.013884303
61521,0.011702552
97146,0.07160454
140028,0.0077505666
75076,0.023600433
102898,0.021346517
15828,0.0123489
91108,0.025507469
82262,0.10752066
141625,0.063272096
115384,0.028255071
46490,0.014776283
73850,0.17905936
59515,0.030936016
46633,0.016570147
60638,0.31805283
118607,0.044356506
122416,0.022048138
74447,0.01328219
10322,0.4147047
61673,0.1821756
60718,0.007789351
136137,0.033856887
90651,0.011538125
46184,0.16444387
11371,0.028957618
66050,0.010870032
148407,0.011355653
59217,0.2500561
104673,0.10971315
147163,0.006703733
116440,0.01840634
23575,0.018246256
52337,0.0067249257
11453,0.0077227494
127253,0.115561165
141291,0.05175187
95011,0.0092890095
26103,0.009580805
146009,0.013267181
22696,0.044973813
114892,0.012909427
137272,0.17788972
73494,0.0072557232
26708,0.009490925
33681,0.50359595
65084,0.053584937
80484,0.0077894093
73126,0.096801765
68543,0.027323473
143467,0.058174375
95308,0.064513944
69945,0.027574103
106435,0.06869048
34000,0.041172266
80425,0.007621718
98636,0.7188136
94526,0.18038426
80203,0.36203295
137105,0.15531237
8482,0.05566003
22907,0.010017324
141863,0.006945153
138354,0.010421666
26583,0.12643342
50883,0.021129472
54131,0.012088564
31188,0.032809656
14335,0.41849265
16444,0.01580344
50243,0.10064208
83397,0.01107132
29179,0.04969775
17317,0.10093078
131891,0.087610826
114354,0.01630585
62143,0.012033564
30791,0.0060341256
39522,0.014597166
69062,0.1526612
55759,0.030782375
118720,0.0075475373
115699,0.07246227
14124,0.24306148
110424,0.007009273
64724,0.0137625765
118232,0.021299401
15891,0.21666358
56186,0.010185471
114340,0.06657323
81343,0.04959808
78215,0.02268018
13177,0.011623869
20230,0.063664496
115636,0.0147177335
105073,0.109572165
57167,0.007456718
130693,0.00805182
85684,0.0845471
41395,0.06841552
64145,0.011776133
101109,0.0125740925
11778,0.016934898
128161,0.33636186
17651,0.010909091
4137,0.009908696
66531,0.0887955
131294,0.033402007
7490,0.01448246
64476,0.034391098
76009,0.033033945
131929,0.008345638
17519,0.014752923
55011,0.015695509
115209,0.022081563
127699,0.006775178
99867,0.011141634
80740,0.012167161
144021,0.0072083543
59159,0.014639066
88665,0.18998025
86927,0.007630661
76500,0.015410105
107054,0.06901403
102931,0.0136021795
140226,0.013155504
146666,0.01505813
147732,0.015106716
56787,0.012148314
104957,0.013162321
22781,0.013527802
118452,0.005623702
52465,0.010079528
145558,0.0071526705
108923,0.03538245
80696,0.009491593
57469,0.023803564
13375,0.09628485
136489,0.14398398
147702,0.008389584
143299,0.012229376
58342,0.26933002
135245,0.0069279876
12002,0.050565664
79346,0.01515942
3700,0.006819839
86902,0.15225592
16577,0.030649815
134310,0.011834671
8402,0.11247924
35566,0.028932568
14945,0.048279118
143849,0.009050003
82741,0.012847361
31016,0.08277167
18599,0.014286351
71825,0.026043288
58316,0.007857577
136541,0.015679235
38992,0.06100312
44645,0.10780066
140358,0.015811155
122339,0.0132490415
31457,0.023860931
51260,0.00596515
94481,0.014589706
90703,0.080834225
38451,0.014709803
54759,0.02682948
39592,0.012079524
22225,0.018368576
19909,0.0073220334
45982,0.05811755
143328,0.23092575
9464,0.09962574
131881,0.3999287
130100,0.1988773
111066,0.006255602
21222,0.014332037
93977,0.033149023
110685,0.0076611205
18465,0.013352465
106174,0.040321056
7129,0.024845656
43787,0.008517836
81759,0.006262174
58328,0.008889272
104305,0.021186942
10480,0.10926673
67189,0.006913381
4266,0.43702334
40938,0.018228428
75805,0.010589492
86425,0.010805704
8161,0.009636269
97957,0.048939325
14434,0.09928111
107987,0.056092743
83800,0.047945686
80419,0.020813778
121853,0.01675874
137966,0.008285515
20692,0.012269936
90137,0.018153723
16911,0.13223623
32293,0.01086732
138169,0.03937096
147909,0.0070079947
21212,0.006370479
8328,0.0129463505
13531,0.013564101
70046,0.056819487
115961,0.010434819
48158,0.06794874
35691,0.019658482
101490,0.05809987
127654,0.03362593
140859,0.007094631
13621,0.018379435
135079,0.14998451
125900,0.10154478
55864,0.0100493515
70540,0.011126917
111756,0.12462746
49976,0.46965423
63209,0.011322798
126714,0.052715022
77798,0.017385095
22427,0.07875386
92599,0.0072836215
19212,0.022618113
64687,0.018413804
93445,0.0980835
2112,0.009600724
98703,0.037932858
77883,0.009282723
82416,0.05561583
144695,0.01320281
148250,0.0054872446
136572,0.029408032
88299,0.012884394
77150,0.037239317
26605,0.006375727
95416,0.03759128
88350,0.035457667
13249,0.01705099
52265,0.09242501
121921,0.013382633
35967,0.029621013
127870,0.013342267
107618,0.020073261
140309,0.009697695
17166,0.13042586
68487,0.012790055
80179,0.05226187
145434,0.012105717
117924,0.06065674
127595,0.025490483
5250,0.009638973
22390,0.012001316
52205,0.040576883
58881,0.01211659
148798,0.15287462
73211,0.029013153
73379,0.010751177
81150,0.67763376
41870,0.50526094
110861,0.0062210415
15109,0.006899102
31920,0.047250338
134951,0.36316308
1591,0.18396887
104772,0.030812465
36057,0.014365198
35366,0.047436956
55715,0.01884219
36640,0.007261104
104167,0.074320205
126410,0.08387881
121064,0.011495978
70773,0.09131781
77069,0.15002978
139700,0.4735678
131108,0.015303588
7933,0.21570702
15522,0.0119815655
30076,0.014334995
129952,0.009083385
30774,0.041232824
42350,0.015915202
7722,0.03779954
1331,0.02012786
110866,0.17275512
28687,0.01802071
5998,0.013828165
115695,0.10925778
90630,0.015471352
37139,0.17481636
26783,0.0063849287
31196,0.10502544
56859,0.057346705
19979,0.025371972
122826,0.089789204
113394,0.066662654
34620,0.09738032
133537,0.14209163
75574,0.108674936
103523,0.023599135
149591,0.009211985
4197,0.015812045
107250,0.012936385
141960,0.012581656
49255,0.0714902
149912,0.09706529
79598,0.013518248
73922,0.016465519
70335,0.026108691
106644,0.009462096
59345,0.036815625
107721,0.43252197
77548,0.008979529
14467,0.02354488
120004,0.0066036955
60047,0.014501624
94417,0.013494486
89310,0.4330695
146537,0.04191748
6121,0.013152644
36035,0.011144297
108396,0.023047885
64960,0.013286202
100384,0.012517171
104855,0.010492853
134659,0.038757127
80656,0.031355277
87057,0.16875184
124129,0.012031382
85974,0.01753812
22070,0.021646747
80105,0.0145101305
93532,0.0121249035
130732,0.010168702
62439,0.5887722
26040,0.011438659
126989,0.04221641
90874,0.2723814
75275,0.012068637
4902,0.027241107
64451,0.1152156
24103,0.007988259
134983,0.09895924
104932,0.5598684
91778,0.017820608
50980,0.05429196
94307,0.066014156
13669,0.67543894
88989,0.047007143
67098,0.21853529
39796,0.06432685
30030,0.016939027
34714,0.05324618
8473,0.010823705
90779,0.08486432
51079,0.2142741
81337,0.024007566
22100,0.019100124
19644,0.011492299
49667,0.0071926094
6308,0.04962713
63811,0.017041907
71907,0.05133291
49579,0.0073465845
143435,0.04011066
35407,0.0074654613
113172,0.007880374
62224,0.007871369
95527,0.037426103
73927,0.008878423
143233,0.016143251
54588,0.04094129
60370,0.109905034
101582,0.016959343
18933,0.016679384
100514,0.02771465
36803,0.023996035
17321,0.09864011
148683,0.027685111
12734,0.008258883
97593,0.1681985
103698,0.101844974
126141,0.013188044
61973,0.009901359
45496,0.03796259
18467,0.008796163
97615,0.53837293
41558,0.04331054
46851,0.03038518
85197,0.0063494006
21870,0.06801264
104355,0.047486648
77694,0.296662
11811,0.10724768
65926,0.010525321
69377,0.07039858
46770,0.00811182
91059,0.008707115
78335,0.0066731623
12620,0.013758829
24801,0.023935424
116240,0.01371503
98562,0.007964436
103499,0.04957183
28910,0.03709751
80566,0.0135202445
36083,0.02286371
39260,0.03955
135725,0.07001872
75644,0.010438573
38292,0.013256593
122205,0.018544009
146132,0.019170443
36643,0.05444216
13460,0.03659719
31728,0.013548779
127214,0.006800378
140893,0.033865754
89448,0.010777473
6562,0.077444345
11412,0.03254444
99550,0.48388237
74413,0.04691447
31244,0.09299816
123015,0.06956693
131645,0.020281965
127599,0.035867445
105465,0.026738355
68401,0.05701065
56987,0.33841357
30453,0.09686913
83305,0.047578253
67765,0.050082274
9917,0.26505405
41361,0.12713467
142708,0.011823924
89288,0.012008612
103443,0.051161416
5842,0.02089549
15410,0.010503156
105408,0.012429913
109037,0.010831132
12797,0.012456145
78903,0.08046448
131368,0.010732652
60628,0.07230866
56779,0.021416858
113833,0.06835719
23887,0.02288377
83623,0.13866112
20077,0.011822888
23177,0.006318312
126320,0.061387833
46904,0.030650241
85037,0.23045763
69249,0.007172154
46327,0.04581356
68238,0.17956457
25141,0.012024746
88009,0.011433894
118447,0.09661311
138649,0.03621787
13789,0.014756042
63335,0.013423581
85332,0.0070680073
19049,0.006426379
41070,0.03424362
66946,0.016090097
57070,0.014236526
114242,0.017172193
93476,0.051699042
110621,0.008675814
8621,0.014247283
28772,0.017475015
41847,0.050885912
73368,0.008618554
145854,0.009128286
39327,0.74774134
20241,0.613822
78806,0.017329538
112537,0.009425363
29441,0.14100893
79400,0.027105683
34408,0.03874853
59534,0.10813875
37931,0.007703327
96863,0.11383425
53286,0.103381924
123948,0.34345376
102221,0.016249653
21503,0.011016143
42579,0.018722372
60469,0.42215317
41803,0.14392468
113554,0.12072238
60888,0.010601578
44690,0.101080455
75224,0.006338907
143566,0.014857848
35375,0.023153704
43699,0.01683855
9743,0.019239908
95991,0.09893001
7505,0.6995756
117263,0.024618313
94249,0.03257277
113652,0.083287485
80887,0.011832078
49353,0.029988648
149917,0.13005608
11509,0.02251908
123313,0.22167698
59078,0.021216922
83882,0.016808374
127159,0.0073014717
68450,0.013609154
71223,0.27061865
98206,0.3459061
96184,0.07144763
23456,0.08914116
117027,0.095802456
119146,0.07870385
135215,0.009643206
112723,0.4479283
45739,0.47052953
29794,0.046006177
48865,0.063025974
42477,0.028676014
61006,0.021953076
57840,0.2044315
9235,0.012805074
145623,0.009328053
131940,0.08335147
131187,0.5688198
67503,0.043900613
46532,0.02816709
8301,0.013595624
90813,0.012999727
122463,0.017079618
139063,0.08904627
89675,0.011412301
53764,0.29254743
147225,0.0073590404
102515,0.0074318717
12388,0.18339951
46243,0.017258387
122448,0.0074638324
73177,0.019392468
5779,0.15939628
116784,0.00850652
99027,0.0107929595
142392,0.013785455
31791,0.009901752
105002,0.037763555
21407,0.08255613
120115,0.048951585
130333,0.036221836
30385,0.042327497
108183,0.18002921
69228,0.04365797
51027,0.011318112
124973,0.012548264
81753,0.017273145
76389,0.56592673
66263,0.083018504
69102,0.104005516
97419,0.028945165
65040,0.104293995
122089,0.05669941
116996,0.14663179
69131,0.020154178
97732,0.30002654
147046,0.01719139
68962,0.0099253915
131605,0.065636575
134737,0.018071067
137403,0.009317026
52834,0.00765554
21585,0.0729811
97466,0.34770712
72599,0.006305464
47783,0.12422492
63126,0.16293593
33718,0.1673126
91913,0.016070526
71458,0.016014662
55574,0.008712427
109699,0.01674812
18150,0.008619813
59462,0.13708025
31218,0.039588917
68169,0.07281212
5766,0.017997395
52128,0.011744479
20615,0.00644795
122762,0.010044978
6525,0.014147617
86896,0.04918078
95633,0.03333402
16078,0.0062717535
92674,0.023925234
97799,0.0060627265
123027,0.015101474
116031,0.10374554
61167,0.01738257
101124,0.007786819
6500,0.083289795
107143,0.013261658
98712,0.08602852
98554,0.010646245
85984,0.093168214
69081,0.00887482
88745,0.0072403895
25719,0.011089189
146604,0.1811614
21669,0.020340173
147800,0.36015525
104977,0.073304124
10774,0.008570736
89809,0.07301533
77357,0.025081322
105947,0.012065602
136252,0.023130659
20531,0.031651992
7002,0.017378725
5107,0.023431268
51947,0.011929385
89874,0.010808298
51038,0.008108907
71128,0.03647449
66714,0.03155075
31878,0.019549387
31705,0.019006114
114099,0.00935459
50264,0.008428418
52360,0.07326098
31065,0.10712363
133260,0.010565886
89194,0.24517609
86954,0.069801815
43090,0.013913589
110082,0.08838583
132979,0.06785482
131286,0.012554966
148460,0.020805093
61035,0.041507952
145101,0.01793467
139315,0.013600997
124621,0.015752243
134978,0.0808664
6692,0.018122392
94643,0.35760045
26799,0.007314108
119074,0.081353515
65809,0.012148309
43148,0.014862617
11421,0.042510897
75214,0.031064691
114708,0.06514052
125182,0.05213394
63458,0.0137576265
116825,0.015787946
4622,0.008645171
144609,0.021784823
128637,0.040069822
46075,0.021273557
48543,0.22671656
76022,0.02886409
50139,0.46703207
46078,0.017830165
19903,0.06657808
51534,0.034939732
40714,0.06972703
99248,0.020416934
8932,0.08452777
10306,0.018413205
31122,0.006421105
79313,0.011159531
63111,0.009073981
115348,0.017210543
69756,0.04406926
1948,0.0059954347
55213,0.009200337
1480,0.030437306
67482,0.32047552
146558,0.018436132
60452,0.012113298
16929,0.011478856
97890,0.010442189
34924,0.011769642
7449,0.006080882
37149,0.07034597
62700,0.06355076
57595,0.0153631475
22124,0.08252679
15928,0.30048406
86998,0.06853847
65304,0.013835411
100417,0.009399665
87549,0.015700024
17350,0.014367729
24854,0.017335232
84867,0.010178369
67404,0.12638736
103279,0.17126322
61193,0.014455526
114296,0.015024743
120842,0.014682607
31795,0.0122350445
106489,0.04088158
86628,0.014081225
136544,0.00795122
139416,0.44554827
96702,0.0076735797
7102,0.021423867
121255,0.22776528
135598,0.2732589
70130,0.010090267
14388,0.014737965
137866,0.010787274
77297,0.081372924
90743,0.055121634
83039,0.19338648
95027,0.03247351
98153,0.072002925
92412,0.011376388
79856,0.02907663
68310,0.010478763
76334,0.008122273
25596,0.010686854
96634,0.051495966
116778,0.5061947
3249,0.055307038
14494,0.026622124
135452,0.043695204
113542,0.10143014
1392,0.0333522
23146,0.011432606
41480,0.39190647
143345,0.019506723
138062,0.034823034
79761,0.06652692
79152,0.013740717
28421,0.013034984
38394,0.011956789
30965,0.025785988
55094,0.012588262
33510,0.07250031
122643,0.05596866
68931,0.010800272
22014,0.0136943
27490,0.05791446
102369,0.01370887
20609,0.014237756
112951,0.1442398
100477,0.011410559
86784,0.012319681
94852,0.036175057
9956,0.018733365
96381,0.012967884
60070,0.011067128
64234,0.32415947
52579,0.013755816
52979,0.013415461
20039,0.0059871143
131787,0.013196399
132354,0.00973092
83645,0.009761681
11501,0.007301914
14288,0.006342079
66576,0.017445656
23204,0.009870102
41855,0.048382614
45172,0.024755668
38038,0.060777925
67420,0.011788331
104843,0.007797447
146865,0.012364124
105488,0.05124089
94180,0.016380867
137861,0.026570091
47784,0.014588528
17306,0.017450145
131215,0.066131026
103547,0.013144205
22021,0.022181766
87488,0.016179394
96696,0.006395325
139951,0.012260386
80370,0.020439478
128417,0.0168503
76374,0.27813476
117231,0.11735016
14572,0.011507938
26095,0.1488312
106936,0.010625041
28720,0.009924136
36943,0.033398345
138831,0.0792881
45524,0.011998767
30711,0.0156017775
32549,0.0080563575
6009,0.09208458
129570,0.020637866
111852,0.012844423
95988,0.07297603
67234,0.25503495
108543,0.013931085
98527,0.011992765
125411,0.012574063
14636,0.00800237
15280,0.0162322
70040,0.0067989836
136182,0.012444044
140907,0.011492315
8414,0.025022019
8472,0.00788739
148481,0.102360204
15973,0.2738693
131064,0.010395714
117043,0.018612357
85116,0.011948898
35661,0.0141498195
12638,0.060287513
136076,0.013818973
105648,0.108877026
45940,0.007610557
44848,0.04259739
517,0.017773354
10347,0.022793643
89313,0.033818405
35873,0.032847226
69934,0.015032685
119666,0.018780142
138218,0.05261539
14515,0.013246329
123052,0.008333359
61258,0.028511655
68544,0.07662309
128171,0.022071443
138264,0.2512517
78400,0.009618051
102962,0.0143934125
4916,0.011613065
143117,0.031070119
142927,0.007033322
23762,0.049527142
46679,0.011776738
68407,0.0410553
129123,0.034217186
92498,0.6216264
108397,0.0195637
92556,0.008006102
108601,0.010301637
6421,0.022676243
145181,0.007510297
107018,0.008601594
132823,0.011512832
137989,0.024413737
143524,0.44920862
128205,0.08323645
134689,0.038465265
115213,0.504323
131681,0.012423814
20359,0.21889678
72073,0.052705616
9610,0.62785316
42312,0.0066221426
83829,0.008406826
101847,0.009839244
145668,0.0103311455
96429,0.0194365
123976,0.008942827
54379,0.019615987
94925,0.016613102
10628,0.0092322575
128241,0.7992355
18298,0.007998703
60342,0.009619123
111538,0.3018128
96153,0.034922373
30398,0.01978379
113018,0.024990868
98770,0.008498778
87456,0.024857016
109111,0.15051411
89068,0.013767833
52401,0.022516163
83007,0.015610486
69668,0.010222439
135930,0.041247353
100490,0.026669038
130047,0.2590317
30755,0.51988685
8381,0.07472839
93635,0.18438326
39872,0.00766479
124379,0.027125062
94385,0.023473116
88824,0.022242868
119761,0.014254015
117172,0.05342902
145007,0.07454492
98017,0.020856546
30201,0.08419998
127144,0.0064451527
24093,0.16210674
132228,0.012685059
83041,0.03296201
13826,0.029071826
65866,0.02680663
26197,0.084325686
104806,0.042927135
115682,0.011316101
81683,0.035912894
54275,0.014796789
149217,0.0059962613
48448,0.12342403
126681,0.010547528
34926,0.049498986
41309,0.00982132
137242,0.06729082
62048,0.6039599
118546,0.008665907
93733,0.014716696
132030,0.008223379
70670,0.17813879
55266,0.20607744
129660,0.012115301
71823,0.020002887
102322,0.005685155
144657,0.006522564
118809,0.04249746
42351,0.02348997
93617,0.009204355
110994,0.08509147
79611,0.025920462
95202,0.44361842
34869,0.009126276
18991,0.012243282
60121,0.012334364
91149,0.111612834
32655,0.011438848
62691,0.19195086
39208,0.0142298825
109536,0.023012817
78727,0.015362809
99308,0.008585295
74230,0.011538277
18213,0.22122379
44016,0.01645458
21258,0.038334638
137089,0.018445924
50173,0.01158394
28733,0.009969153
133579,0.22130783
110528,0.05056292
133582,0.01067663
35792,0.012140918
104033,0.016237035
4486,0.09068296
25308,0.020510223
59767,0.4427364
86891,0.11737141
18495,0.007932352
112786,0.018409962
65081,0.04634865
77936,0.04914645
37217,0.10633853
116864,0.021300623
103584,0.008497802
94828,0.058607783
67030,0.013855463
124628,0.014124492
58822,0.011154117
112886,0.099177584
145503,0.109355755
73794,0.01659517
137370,0.08627462
122145,0.043250173
102114,0.30988404
35432,0.30927625
33214,0.009984918
18193,0.4004397
48554,0.0074416813
74238,0.010541448
79458,0.0130985
59007,0.01846644
43800,0.009342716
82294,0.006836998
95272,0.36745065
120090,0.009107528
100883,0.034767486
98946,0.0075504533
71033,0.061349776
55983,0.029348973
36294,0.14150262
31989,0.06869234
38820,0.09874665
65405,0.03318098
97169,0.043141376
73027,0.1492836
104917,0.04570833
62156,0.00864124
126492,0.015196662
31772,0.042356387
108465,0.010239503
108094,0.012439843
114580,0.012091052
115060,0.012109429
30295,0.45822692
35092,0.07093744
74949,0.028174112
55661,0.052996516
34807,0.034446966
838,0.018037641
6436,0.010828051
16234,0.02182084
32385,0.0081330445
58939,0.016595185
143319,0.009378762
90852,0.5495244
12819,0.015359767
96390,0.0596077
54772,0.0063236193
50241,0.007688183
139361,0.01373843
663,0.19119695
15930,0.008177164
44663,0.022830788
13597,0.024582952
119478,0.076086275
109415,0.012492953
113567,0.09817083
60373,0.045414206
75496,0.009858891
93097,0.19677275
91160,0.016474672
83255,0.013578714
13624,0.005972248
91133,0.041490197
66161,0.019226246
136530,0.046755236
51206,0.032619126
7615,0.2920965
68641,0.091564074
36258,0.005599523
137042,0.0065842397
148588,0.015859272
21688,0.013337855
96970,0.033256404
18204,0.014995317
135387,0.048508823
29550,0.013469954
51752,0.007525652
140405,0.009230575
97463,0.05288372
22784,0.00841248
122695,0.15246415
148905,0.061604362
32902,0.031322498
353,0.48553807
108479,0.009089142
133642,0.09247764
128600,0.008536574
64418,0.01405465
104172,0.19418822
60763,0.26018143
140239,0.047412604
68186,0.59231013
147554,0.016588634
50202,0.011948471
16103,0.013453762
55538,0.010615312
68720,0.0073894034
70630,0.038181804
149029,0.020294292
115223,0.016130298
4391,0.1417235
9788,0.03627227
69421,0.007917761
100023,0.37556246
139155,0.033952948
64163,0.012016145
126589,0.0997595
62505,0.012601427
81554,0.15264057
41683,0.007477126
103169,0.10778274
37235,0.012158378
64671,0.013872609
34814,0.07328356
103356,0.28300962
19949,0.015890077
33690,0.017855635
32631,0.4732463
18708,0.021039596
63450,0.00827912
24275,0.007426232
133316,0.01467582
64851,0.0074139615
140431,0.008428338
35144,0.01781505
138219,0.11200703
2297,0.011158831
6695,0.10157974
100841,0.012836626
33359,0.088847846
71803,0.0144134695
106022,0.008991261
126925,0.03547697
116408,0.013963737
39762,0.13139662
75835,0.044746995
99663,0.008882641
944,0.37429613
122131,0.06641466
10866,0.0072962577
93444,0.017197756
118102,0.020109672
127901,0.010599508
62080,0.021772793
127857,0.105279244
109965,0.006108145
105833,0.016045693
132009,0.18443389
13792,0.013491877
107125,0.08923945
43718,0.015412485
56472,0.08259004
42080,0.3910867
117085,0.01164409
49503,0.036378678
145656,0.014553076
25775,0.032716393
81719,0.19551766
114257,0.010850147
124058,0.03926419
91262,0.022196189
76261,0.17262882
25755,0.052720726
78999,0.18697132
1808,0.023664344
68863,0.017338067
62004,0.008368922
20624,0.014470555
115134,0.009154091
90251,0.015245443
91941,0.09137543
72658,0.021157742
98687,0.01902891
144944,0.015932865
35870,0.01486046
74973,0.39706507
129308,0.0750905
130069,0.012694923
8574,0.18259187
49312,0.0086515285
48378,0.010659955
133662,0.008078886
123179,0.043978434
90829,0.14511205
149924,0.015297403
7737,0.0554032
113105,0.013629955
118980,0.07761519
68959,0.0070308154
70296,0.07822652
107497,0.009107528
12033,0.012431814
81297,0.0094395885
133813,0.021070413
56215,0.45517528
54177,0.015209762
42286,0.08181277
42179,0.0097959265
103448,0.042976208
112701,0.036252644
114658,0.02989136
46068,0.01275284
115569,0.00672411
26530,0.31853798
92190,0.28683904
33447,0.017881166
54722,0.0069239633
53763,0.054487687
24917,0.013212727
26873,0.15549155
23536,0.08122635
144532,0.29865903
114922,0.007493372
6764,0.06283433
119002,0.0456444
2622,0.013399159
83061,0.06837095
137333,0.23186119
28861,0.04093197
131049,0.0071607814
80486,0.017396405
46868,0.31476617
140992,0.026007533
44040,0.010628666
102251,0.018786276
102276,0.2223968
9549,0.03210047
147640,0.007598398
73822,0.10165237
91636,0.11428156
9665,0.024939954
49381,0.036275394
6469,0.4538872
75037,0.020960318
48291,0.19729814
1165,0.01747017
116782,0.3157118
27316,0.012126983
110285,0.014406263
46263,0.010866649
83149,0.16353685
41695,0.03289876
88838,0.006077773
30404,0.008921101
136263,0.041236408
106233,0.024249788
101105,0.37307814
1444,0.058290977
1628,0.012759097
71196,0.06323909
21632,0.20108125
110511,0.012365229
109936,0.0066513973
106052,0.014701292
136046,0.08066376
140807,0.008815254
26446,0.021751732
120518,0.011787182
122598,0.09522569
38952,0.007287791
18646,0.07379017
39489,0.03219889
109786,0.013963258
132951,0.011958861
64644,0.03238258
69214,0.08610737
23464,0.07825123
19524,0.01678726
47978,0.018060336
28884,0.008347402
100160,0.11311102
49778,0.05265042
50703,0.013312101
79062,0.017879685
37371,0.045505058
123240,0.018038075
47719,0.01842814
2469,0.4623724
25040,0.049193256
71629,0.097737536
98448,0.014823896
99825,0.020122632
26448,0.009539262
50332,0.013433056
137023,0.01907733
124605,0.0056670187
114000,0.013529177
36273,0.017772656
33321,0.011340107
6942,0.05973259
120128,0.016095903
63179,0.015397731
39730,0.007871432
71402,0.45481378
133043,0.021453582
121846,0.07223674
31822,0.016731111
29493,0.017519264
25903,0.018969823
92354,0.012087345
288,0.0472777
45219,0.0077375914
114592,0.05948834
4784,0.03612366
44093,0.041229922
22990,0.5085465
855,0.0060109133
129706,0.006023887
10083,0.1123416
40508,0.0113257235
114657,0.010521324
139647,0.0064472347
40276,0.010287087
75131,0.009776474
123160,0.13021053
50539,0.016336918
78051,0.060966726
53985,0.46371314
131465,0.014103293
20732,0.011566073
120231,0.010940676
19714,0.010071024
43122,0.11218004
67904,0.041616112
74684,0.007285432
111254,0.00945438
95306,0.039762966
95878,0.08691743
83428,0.017404867
92883,0.02742505
140710,0.010398466
77858,0.094282016
68263,0.02204876
3256,0.008812259
109695,0.63392097
36597,0.0147944195
5341,0.16203417
69896,0.015602699
43978,0.0066688587
141558,0.11152153
55844,0.0077997246
133018,0.07644432
28430,0.011257754
64505,0.008200159
122837,0.28055274
336,0.040362906
88081,0.016339079
116324,0.44835067
81300,0.039603334
100223,0.015119548
69297,0.022357568
104853,0.087637015
143976,0.006542497
45692,0.012539936
3285,0.009504203
37318,0.106780656
14797,0.013485126
121068,0.011719203
149364,0.012773022
55329,0.042184513
99418,0.085613765
132404,0.020789856
74748,0.011661109
134317,0.00604635
128294,0.020388149
122236,0.23810647
92452,0.014537402
11376,0.007079977
106091,0.011454982
124372,0.06859507
142943,0.30217156
133833,0.009900592
71720,0.010874689
67547,0.021655358
104732,0.09229069
53452,0.016049797
33119,0.011514053
58833,0.013011424
23008,0.020054389
29904,0.08574903
94853,0.024930801
124088,0.7962219
49601,0.01934679
899,0.03543775
76609,0.010657322
124116,0.0431248
17772,0.113842405
84320,0.011846041
67440,0.113231376
50693,0.0072374865
109721,0.04898515
121787,0.044862818
55826,0.033677876
19866,0.016862566
47158,0.008517023
58569,0.006824585
99519,0.06512647
74648,0.37789527
109897,0.1446322
71667,0.03474933
137408,0.01917636
60748,0.0064493585
137973,0.11546407
65962,0.021861896
112884,0.010006095
102827,0.014962905
37480,0.006449758
90045,0.007911815
57475,0.063526504
129770,0.010542154
118756,0.008530088
55865,0.011170597
61715,0.1712631
106718,0.09585231
16524,0.006156927
78030,0.47847247
55686,0.09156749
88195,0.08098867
145501,0.39983863
120694,0.036884803
68695,0.012019977
134476,0.021160698
82495,0.010388809
35937,0.044912405
49514,0.0077955923
103235,0.047562398
10978,0.10159202
88253,0.17054759
7472,0.052136127
61092,0.011509217
11167,0.006255602
5228,0.031768184
87913,0.014870074
90268,0.011899516
110276,0.016570566
35742,0.061950997
87651,0.096092
45559,0.028707497
125593,0.014570757
136787,0.026236186
7212,0.01698683
133128,0.040226407
23915,0.40989208
108012,0.012276993
109336,0.010790134
62570,0.012988762
67336,0.06965309
102554,0.09283964
68503,0.02232947
117733,0.015156858
63408,0.04427508
53746,0.11122272
23051,0.7184991
96006,0.01812607
94119,0.0065363934
101342,0.012326152
127467,0.0152574815
35087,0.007144426
52572,0.0101060495
143224,0.100091875
36218,0.05586612
87579,0.1870513
42292,0.041030675
137732,0.10204951
110070,0.03712635
78306,0.006494011
57605,0.008679514
92259,0.007413073
118654,0.45498398
16117,0.009144792
46065,0.0075625037
70516,0.011733741
12771,0.021006696
124015,0.022437481
20534,0.018979857
91485,0.0112372255
127341,0.011158894
51385,0.053213418
12081,0.009301599
148057,0.012765917
79648,0.00786887
31060,0.39594993
116358,0.32909665
138059,0.025930215
124151,0.035635397
137297,0.015580035
26386,0.011538457
72383,0.011615457
63011,0.43001708
105278,0.011291017
122309,0.03486844
46495,0.028671972
128390,0.029345382
57571,0.030044354
99277,0.011813226
65936,0.031236911
136631,0.10648482
49014,0.04866135
65728,0.008702783
63071,0.011687286
113068,0.4576907
89984,0.0144562535
130873,0.008532886
134055,0.012927955
86027,0.039816584
104156,0.20183912
46742,0.06917916
114729,0.11531278
83415,0.16314109
114623,0.06350131
139039,0.010841625
74581,0.0065668277
1430,0.012085722
56833,0.019547265
23348,0.019848606
136768,0.012610246
61329,0.039258868
120596,0.060226798
37660,0.0085853515
30910,0.016201131
17706,0.021259315
54801,0.03961153
135659,0.04780703
125631,0.35041347
45995,0.07991786
106650,0.022366846
19728,0.7145692
26488,0.01953437
61558,0.012615685
139573,0.01893566
67689,0.018614328
39545,0.0137487585
134316,0.016071046
20037,0.4887564
71035,0.037742794
100789,0.08013263
142034,0.011603682
109855,0.026905555
63038,0.015152757
127512,0.007668091
53538,0.02383109
119062,0.034613013
93348,0.008639831
146268,0.04894092
27808,0.03674983
126430,0.01588075
122186,0.048219405
135201,0.11129244
15799,0.06799284
108495,0.32449853
115365,0.14441624
62024,0.03164994
101184,0.020485694
77467,0.043952312
92489,0.020235358
39813,0.015977854
18086,0.009207947
9844,0.00672036
46279,0.03449973
49363,0.013097501
118420,0.015736379
43888,0.05130164
49349,0.009006523
119953,0.042522367
6837,0.3786172
102137,0.37288654
138417,0.05805649
75860,0.04901069
132337,0.055737916
9000,0.012663256
122289,0.040999863
86337,0.043749474
61674,0.1835882
55862,0.12297868
139732,0.02454723
14997,0.006963024
139436,0.009915308
81782,0.011897491
128837,0.33390817
62067,0.009939998
97590,0.022361763
104786,0.010882456
47161,0.030765677
112603,0.017410079
140045,0.018893918
115333,0.68222946
98533,0.040684056
103097,0.0058570695
136006,0.008438323
114160,0.009133994
104376,0.1213316
36684,0.076040685
70124,0.06882022
71888,0.01640167
82134,0.020394493
23720,0.7104541
75740,0.6864312
112964,0.23951389
65390,0.014638583
115273,0.011401751
123887,0.0067577446
55084,0.036775865
18986,0.21772961
45907,0.008637846
13869,0.02679139
42184,0.014332274
129103,0.01003521
66950,0.019199537
77411,0.01275304
85016,0.09215714
112894,0.0069976067
146174,0.008737046
97383,0.006691738
20025,0.019415185
126303,0.015149265
8480,0.0126050105
43052,0.0071829325
64835,0.012122482
2508,0.121918425
92877,0.07275017
54733,0.01534362
111987,0.014362617
148491,0.008167003
73418,0.023964234
29381,0.026218807
25994,0.0068015307
130602,0.022296006
35981,0.0069801304
2384,0.32867092
115440,0.050603863
131043,0.010071838
123457,0.07215473
111288,0.012233777
131524,0.084255904
88791,0.09420538
16733,0.013412869
86333,0.010253319
108673,0.052185375
28896,0.007187824
87391,0.012387185
18844,0.048797164
42901,0.044064526
76951,0.0147539275
43317,0.011646752
4357,0.13900214
115392,0.036168348
1169,0.014307768
104631,0.05956198
49029,0.009078171
119750,0.006171609
995,0.013948311
103559,0.013635622
129498,0.54561776
129551,0.040804096
116834,0.012390814
18622,0.013179601
90652,0.09722866
75743,0.018188696
14992,0.009337868
31436,0.29398772
73189,0.25235868
113736,0.14235945
6438,0.15131296
107338,0.090501525
138289,0.080955066
62508,0.08568415
97416,0.016237713
82649,0.0130254915
22687,0.008211433
3855,0.085953034
12266,0.04552471
45,0.03213907
46715,0.036240734
77967,0.041097917
15672,0.011693186
53510,0.07986067
15942,0.03440604
147969,0.0109231565
26186,0.012439551
10274,0.051537536
97931,0.009504221
66960,0.011563403
91542,0.0816383
68164,0.01082534
5189,0.04128517
20047,0.02186268
125301,0.009653668
111216,0.008915107
33429,0.012436734
130397,0.034388904
147426,0.051223125
67497,0.017755665
13021,0.013232034
112322,0.022020442
5511,0.09370608
86815,0.104073286
104075,0.018886078
20263,0.1764381
67160,0.019937951
15103,0.07102772
124651,0.022966187
141132,0.018465934
88307,0.09022565
19591,0.010405182
113916,0.08180236
137755,0.026762215
81547,0.009546
12120,0.0132881785
110195,0.025047373
44147,0.5112527
139426,0.011445024
55717,0.023488889
90884,0.03858202
13162,0.015831113
72274,0.010134338
32910,0.011529883
29652,0.022014363
47174,0.0895836
26242,0.01557746
44997,0.01735516
29323,0.012382666
131611,0.14600505
49485,0.015255927
11105,0.019096775
58104,0.006125431
123831,0.014774333
39308,0.018781496
91711,0.008320558
131719,0.035667732
76802,0.016135097
28874,0.017303338
43619,0.024568504
4370,0.024740826
109785,0.017201269
80797,0.016493348
99373,0.019505044
29219,0.013072174
98237,0.009701841
101090,0.61742777
103479,0.017890153
5092,0.007895069
126773,0.05858926
108580,0.021867841
134115,0.018115608
101197,0.087646626
64397,0.04622313
40760,0.27809465
26401,0.010002539
12843,0.009358215
131997,0.012601837
98729,0.018293448
71129,0.14340858
99347,0.024786077
107939,0.022586174
30276,0.008262125
28350,0.019048026
81954,0.008764167
73859,0.70024806
140115,0.040410947
83695,0.14312406
104016,0.015059907
43955,0.022689413
12192,0.09099411
119721,0.011417725
77136,0.015548618
81317,0.013800944
94946,0.03397543
71606,0.015193736
120314,0.0882133
23501,0.007646974
119791,0.43593177
55169,0.036045536
2596,0.03296995
120460,0.11967853
97863,0.014638901
128716,0.030394921
22544,0.007303449
6625,0.020166824
10285,0.05046607
132362,0.18627666
60025,0.011904259
80085,0.0076285745
124667,0.019822618
30637,0.013171193
56570,0.07991395
47223,0.012954982
55110,0.021238385
67303,0.031280324
107784,0.08974136
121310,0.03917026
14536,0.011294201
125400,0.052969407
126804,0.03847785
9542,0.014230143
66676,0.09577344
120536,0.01201811
148004,0.019827498
142192,0.016212253
70137,0.0189771
77339,0.09438251
73264,0.031824805
127394,0.10979115
103606,0.0073577347
104139,0.009888816
61567,0.5369964
45603,0.009526251
80688,0.015177891
88832,0.0070979875
28746,0.053159785
41360,0.045186114
104979,0.14945439
81055,0.016221086
32405,0.035479493
144204,0.013371507
29273,0.023571078
38192,0.008755708
31582,0.007308906
149603,0.015384117
17203,0.019448357
97924,0.1166856
69903,0.0466396
78709,0.017367247
43730,0.026885139
106503,0.072681226
1571,0.015343354
31214,0.013285097
106404,0.06393177
18334,0.2059781
66207,0.011485914
65118,0.35203835
82803,0.025075587
57746,0.07419201
132377,0.34137246
65153,0.7687128
14465,0.5111803
36235,0.0067649945
100167,0.031622402
79003,0.009456078
5483,0.018136404
143676,0.081455424
31598,0.014775402
125201,0.008243965
132324,0.014270855
70826,0.058705572
16599,0.025653943
122054,0.010712242
12742,0.024077978
120656,0.012275362
94252,0.014705092
33199,0.015583625
103679,0.01592803
97691,0.011631469
72021,0.011164279
37622,0.0072498005
13024,0.017518952
56777,0.20449011
28173,0.022799676
26360,0.032437455
52092,0.017352184
59274,0.030672371
13036,0.013695266
24528,0.31883675
23678,0.04586877
96143,0.010046808
137456,0.05294428
136677,0.011290054
87273,0.033328112
55820,0.014289756
74217,0.012290155
129710,0.0107981535
99496,0.010595974
37032,0.0609116
64935,0.11841904
94848,0.017677372
114735,0.0092955455
129804,0.116705135
114837,0.21455206
106947,0.013073424
46358,0.008555045
92684,0.011043888
126209,0.012486371
118911,0.019707376
119895,0.028612802
92648,0.013785695
73580,0.09767675
44133,0.0074724634
60577,0.012660753
26117,0.024832692
26113,0.042830393
20669,0.1017945
79123,0.053600974
139914,0.014661002
44503,0.026510606
106349,0.008615446
31328,0.008850997
76469,0.033569265
134501,0.009606462
121018,0.010869986
147703,0.09891887
32589,0.012936805
120876,0.009879552
53580,0.031081166
1677,0.017448476
139669,0.06030967
133183,0.008597687
141232,0.007988539
145226,0.27383164
51896,0.009429717
102172,0.015702913
44802,0.3089181
123317,0.06605388
123040,0.04639809
86668,0.008537486
41728,0.0118254945
144085,0.044506297
13482,0.11821572
48607,0.012692096
28400,0.21074206
138418,0.68045986
139971,0.19905601
145993,0.020895295
71894,0.081187144
79252,0.095301025
56278,0.012950731
127069,0.02282489
92481,0.014387237
110858,0.0073139207
12499,0.02113536
72836,0.016609682
124364,0.05803636
86379,0.12382709
33996,0.01936991
77074,0.022484234
13246,0.0111098
86437,0.13488393
118033,0.009026244
80325,0.055910867
19472,0.025934037
47567,0.011998077
143613,0.29552868
62718,0.010907635
57701,0.09177049
57091,0.053404827
69492,0.010447408
115904,0.008201498
120347,0.028564997
127604,0.007133215
5425,0.010809176
38626,0.30290422
77268,0.0111503415
36852,0.032939214
129755,0.09479883
80547,0.45359382
146652,0.0077656633
23680,0.012197769
41494,0.20985311
8255,0.047062553
78725,0.0062248576
56968,0.011596067
104467,0.0070232186
143821,0.028485952
108442,0.45045412
16361,0.11811449
101108,0.58646554
89215,0.104923904
43616,0.012247187
147767,0.058764078
109044,0.008813429
128255,0.45643663
44668,0.03134384
46195,0.016453406
18952,0.010910902
98814,0.09863357
108712,0.034939043
149123,0.070759475
47264,0.056258623
89636,0.0102537405
95178,0.0065357406
99815,0.021288639
14466,0.0819367
4586,0.029382441
83789,0.029903065
26393,0.012459554
67007,0.0078059407
52967,0.016197657
13775,0.09072719
12113,0.10555802
105977,0.27982786
148117,0.044339914
115355,0.0113164475
107616,0.0131901475
57674,0.108350575
15986,0.054619387
28895,0.04991465
18185,0.030412413
37425,0.011701637
24212,0.018908387
67584,0.103773244
34099,0.23172516
107151,0.026968405
44101,0.064194016
103222,0.14999223
102081,0.01135773
55829,0.009901704
12172,0.037810076
127724,0.6087239
4303,0.0071851565
133655,0.019886624
133469,0.020753907
47038,0.014398778
24470,0.03272443
126273,0.4629501
31213,0.02169369
133586,0.19606519
6392,0.008218341
10398,0.07780355
138710,0.0106415
90346,0.03298592
23852,0.0386502
5236,0.0076621356
39948,0.021362701
24823,0.0070826095
51983,0.020565752
136369,0.00598384
53709,0.043656718
111583,0.0100861965
55470,0.10243785
57447,0.021685008
125112,0.0645271
100587,0.03510199
76938,0.014982849
85316,0.009431201
42718,0.059104808
36429,0.021028912
25236,0.008799719
111995,0.017208615
128343,0.011776456
60974,0.008067595
124767,0.026019748
133321,0.19575629
42401,0.0065017403
129939,0.026870627
74143,0.014151761
49713,0.02166482
26568,0.32513705
50734,0.47339645
136074,0.5959104
80676,0.044245772
123640,0.0708806
143536,0.0180563
106018,0.012835683
139752,0.009039839
119142,0.011920345
111115,0.012424727
6011,0.023903016
62128,0.045418326
97838,0.009721473
130519,0.047845267
144937,0.014320942
42729,0.10413463
137468,0.010068439
9518,0.009910384
139300,0.019562341
86061,0.070114315
115258,0.008380144
65759,0.038506426
89123,0.010481294
27302,0.31350145
87860,0.11595429
72215,0.05419696
103536,0.009231233
57422,0.10829763
52385,0.045765787
48925,0.014804487
77381,0.059209336
138005,0.02448589
38742,0.3229201
6921,0.01140446
15110,0.011748852
120184,0.09913752
83951,0.14020789
112719,0.2623897
124760,0.043057073
41800,0.013701992
33282,0.011023465
52026,0.102166235
57940,0.017567927
88710,0.013304012
30651,0.017289033
90944,0.007173281
20945,0.008782599
134457,0.01649215
45637,0.021916524
106556,0.0303282
11526,0.016363466
62760,0.3372081
73075,0.022874396
48643,0.024227684
27911,0.009382578
25912,0.03180257
4430,0.0536461
31960,0.035617635
147460,0.013724166
41536,0.039831925
106279,0.09629864
40542,0.0115939025
41122,0.027614621
102229,0.028535942
105132,0.008690532
144132,0.06904946
101944,0.012680402
91508,0.015472317
43609,0.5880174
132446,0.08982405
52462,0.016614044
12565,0.015912207
4200,0.22642054
7003,0.017174905
110743,0.103718504
19047,0.075701706
86311,0.03719305
23800,0.03992724
49069,0.0072618667
47617,0.01578451
62834,0.13428183
109295,0.14049125
72824,0.018971406
48774,0.010905321
20859,0.02129941
21630,0.0066378447
70,0.014020782
127556,0.047273558
145770,0.100721
44691,0.26081076
124717,0.022214888
111355,0.03661753
77492,0.063362226
50601,0.041878585
74134,0.010660128
98768,0.05021573
55840,0.016057955
21695,0.013181467
93287,0.7909912
133862,0.088779666
117025,0.04663701
89204,0.0134822335
96904,0.024487479
125377,0.009701707
137642,0.07718859
117277,0.015558035
148360,0.06021977
86596,0.013323273
34374,0.21674
74273,0.029472152
57296,0.006255602
33628,0.029081827
65780,0.012144663
27020,0.052302532
4150,0.006513301
121421,0.071293645
67647,0.009960851
25023,0.012952944
141193,0.023192203
58810,0.29212424
91152,0.100475386
44090,0.017362365
73760,0.029898806
60651,0.0127977105
104256,0.03743227
53550,0.09843622
139078,0.07249073
102222,0.0131647615
37634,0.008537136
93226,0.023387168
32079,0.015863774
140845,0.3090509
133251,0.09963256
117653,0.009072935
106813,0.23147853
33461,0.020392545
4100,0.022270067
89273,0.013366739
84423,0.07369505
84233,0.038394775
145605,0.0079828575
12701,0.027773654
144641,0.0061250106
83230,0.20618673
120984,0.0067688054
137696,0.03294314
36969,0.021767236
80925,0.51522624
149127,0.12728798
118174,0.009577977
74164,0.010222178
53308,0.10710651
51096,0.37455636
31986,0.0112305675
3262,0.012235493
114342,0.07777917
41921,0.02897205
48270,0.24816494
58910,0.011445724
45720,0.24079753
28436,0.027984599
111286,0.05779974
39396,0.054722156
15991,0.07970102
84743,0.014707268
10800,0.008600841
91560,0.054930247
23460,0.027052214
22733,0.016254181
145949,0.0068270615
131568,0.011348583
67961,0.45437473
44682,0.095439024
37938,0.03676667
104616,0.00902839
4952,0.021235604
68467,0.006647278
234,0.009360837
140683,0.18971878
129438,0.32694343
74744,0.023828883
145481,0.02745519
115185,0.19177523
87330,0.008304826
27291,0.02990219
130455,0.24455154
147374,0.011662317
139834,0.0217487
91661,0.01388363
74459,0.54048663
51935,0.13451436
104419,0.014605524
35818,0.046754934
73720,0.008231671
82689,0.061762903
134698,0.15693709
46608,0.007990764
16041,0.0319817
133988,0.18937784
91530,0.08631622
103297,0.030336984
14835,0.013356028
69976,0.011569857
60309,0.11337344
21210,0.013098944
138194,0.011748653
114480,0.011113635
48728,0.3875765
105421,0.010595478
91463,0.064785495
26300,0.059804678
138925,0.04194036
140266,0.0073288577
76203,0.012308308
71520,0.014693986
73751,0.02642426
4696,0.18376829
53941,0.07179578
23582,0.013178993
26055,0.036930997
137045,0.012235303
4347,0.024034211
55857,0.18144584
17682,0.10699269
91174,0.11521142
64682,0.0073083006
95617,0.20429038
52657,0.09602259
78603,0.008872491
144542,0.005950477
71409,0.01704412
6243,0.54174364
64287,0.012093001
137999,0.006620565
134727,0.02331312
79450,0.08603247
127951,0.2573189
55719,0.10271377
115121,0.006616198
104540,0.010606356
61103,0.06375863
136879,0.010919257
22143,0.013365683
78365,0.011505583
1483,0.0068726474
97338,0.0063955076
125791,0.016378079
25593,0.011479625
25957,0.21800977
116318,0.011361649
39912,0.059567757
53547,0.009195914
91887,0.041081384
33593,0.016257262
130417,0.01576836
112715,0.0532154
48741,0.013402335
67546,0.02285445
11806,0.037933506
132364,0.16569018
129778,0.018128883
10849,0.048096497
66469,0.45867035
45803,0.022512427
117008,0.02280974
18263,0.07279567
16189,0.02347359
7868,0.08092679
113361,0.09430303
128165,0.07228401
123161,0.07690513
134672,0.008283933
146363,0.008915348
108036,0.05242082
13138,0.083901584
79788,0.010502715
15816,0.0542346
77240,0.024160285
52537,0.4139341
11758,0.028654773
26802,0.03049218
68196,0.017280284
82318,0.007892455
128809,0.016556485
28368,0.013160928
85326,0.007984886
119444,0.022864424
117500,0.03535608
4149,0.029309275
8052,0.011456716
119876,0.0727343
96984,0.099004254
77207,0.05783998
89415,0.03343111
143919,0.0064490954
77282,0.029602611
25431,0.20419411
80336,0.012491793
110993,0.008700899
41157,0.0068053915
74880,0.06379103
97339,0.068296686
79381,0.022569373
54562,0.1274359
64071,0.034472495
44845,0.007139165
56048,0.023109842
134363,0.0648531
90828,0.010844888
73866,0.015263106
141220,0.022236176
114169,0.008994039
17771,0.09747458
50300,0.008591376
22113,0.06338015
143574,0.34782252
133353,0.117938995
23723,0.04215621
43108,0.33620572
44804,0.5578227
111090,0.0986278
53931,0.006577989
2173,0.015058675
117045,0.008154671
35955,0.25518048
37817,0.01847943
51401,0.05717001
133446,0.013823991
19878,0.61510473
62817,0.012646735
15358,0.030596444
11942,0.034352772
2806,0.017847124
122615,0.0125590395
68507,0.020054737
18720,0.013012992
102496,0.018109193
50425,0.02085403
36220,0.021342315
2149,0.009039749
316,0.16208191
32487,0.03240753
15732,0.5054971
140631,0.21644759
138086,0.05019515
64336,0.014960129
123087,0.011163615
109040,0.05089933
80113,0.0699588
68523,0.0265229
80145,0.012718097
83282,0.01743782
26845,0.061110742
106994,0.05347667
1925,0.007533884
100103,0.01192775
114713,0.009121046
123537,0.00976417
120067,0.00965831
53717,0.01239703
139618,0.04081942
101169,0.017837275
72544,0.011657521
121167,0.08556286
22017,0.010361959
130492,0.0060080476
947,0.015253449
110609,0.010155297
59815,0.013185208
48624,0.0077495244
122866,0.56393015
85517,0.12248076
96093,0.08996311
90490,0.019302823
132568,0.46737728
21091,0.011541318
64525,0.053656235
43407,0.089286625
135092,0.012692317
72773,0.015912237
125616,0.025080489
149075,0.007810089
23485,0.54014647
86875,0.099622615
140223,0.23498516
28986,0.010985031
74997,0.11297314
130856,0.014414587
2136,0.12922181
91395,0.009040801
99808,0.086293615
16928,0.016839972
55239,0.022149336
97118,0.018547384
87514,0.17566456
76927,0.011007148
20294,0.095030986
82763,0.011011405
123043,0.50526094
58124,0.013223039
349,0.018865027
70551,0.2582464
129252,0.011508518
7669,0.08340721
43431,0.3162676
45716,0.102506086
41940,0.0386552
12420,0.69288534
101802,0.012010032
14904,0.16117135
35549,0.08196613
36241,0.012559447
97598,0.12484831
147564,0.051393654
145433,0.007198425
78177,0.03619602
51046,0.19661652
75485,0.09048171
80479,0.0820874
78207,0.16907637
8839,0.0073337364
104284,0.012287394
62168,0.088406354
113237,0.013771033
88016,0.064313695
90174,0.09675296
78470,0.020190163
73726,0.025480827
29609,0.008106825
16592,0.043203693
87430,0.011260111
38474,0.025204053
38324,0.010935126
17448,0.0069774375
60444,0.018044826
80977,0.061050322
22164,0.013910822
58038,0.062466923
102727,0.028194845
68120,0.13483499
22521,0.0071496638
111002,0.13261355
60645,0.014057625
56535,0.008760911
78070,0.06521002
14899,0.6089367
8746,0.36507204
126999,0.009427758
74631,0.16914456
57400,0.012643639
5522,0.007998139
42486,0.0070800544
48952,0.032876283
133142,0.015835132
5542,0.04848221
91587,0.009487662
21895,0.009870409
130223,0.07190847
125724,0.022742108
87678,0.06964398
76391,0.021646181
87064,0.011106139
66489,0.02875283
23665,0.08128714
126765,0.010862815
7968,0.011839295
129196,0.15224016
31665,0.008073042
111887,0.029471973
42829,0.032611273
32904,0.075269714
24802,0.106569566
92097,0.051014602
105743,0.010862862
140654,0.1087063
142937,0.026060328
27993,0.012385295
39655,0.07447309
84890,0.01714502
23292,0.009257284
78533,0.009502255
38883,0.08362189
79231,0.026283782
11949,0.008839097
65931,0.04783774
115270,0.011027952
119871,0.013319331
79645,0.09128236
17882,0.30451348
67749,0.028280947
49512,0.0060682837
14399,0.009176965
129527,0.011472409
107717,0.2482724
46297,0.008319354
9987,0.0128852
108703,0.0173539
35341,0.37148827
124808,0.10781945
22246,0.0066468185
134984,0.006720846
35606,0.028201582
140861,0.014784158
119605,0.06396588
63098,0.01735224
116906,0.017142965
122871,0.04992462
98103,0.015166904
50488,0.08416673
5995,0.14557336
149045,0.19113797
17700,0.05521494
60685,0.036645275
44801,0.07568635
35102,0.022283796
24958,0.02173339
83669,0.14247003
139513,0.08761006
43899,0.013199455
36807,0.009962328
72095,0.018526256
1223,0.014546197
47320,0.28728384
129900,0.015795922
97580,0.48974964
143831,0.030355778
113898,0.010234043
77595,0.065074936
142345,0.0071236882
107420,0.17601469
107896,0.010274376
55192,0.010677626
99369,0.012365969
71947,0.0063567334
78364,0.012032102
117047,0.0068757623
81862,0.014974147
86808,0.083340414
78321,0.06978067
29056,0.0064925835
132925,0.008867805
75412,0.016275324
2655,0.013898033
51842,0.010688266
93269,0.3672219
26218,0.03568568
11693,0.08726899
113849,0.0089746835
82409,0.09394436
28280,0.0084328065
52004,0.5139764
113992,0.011474296
847,0.052054092
97152,0.14926527
39284,0.012644936
89385,0.007116238
28729,0.00833118
45042,0.018381827
128169,0.007053845
16484,0.017830309
85712,0.01736755
55051,0.02735738
73775,0.011672165
88619,0.05379133
29986,0.015538562
23263,0.4327175
136473,0.13327947
98142,0.12788078
10532,0.019634636
31571,0.008894083
32309,0.006085725
69845,0.062843315
55853,0.124426976
113740,0.011925423
29059,0.048142616
61531,0.014685919
111136,0.0162185
30881,0.019211348
62325,0.24702388
38395,0.039543234
73224,0.021234406
45063,0.16904747
85327,0.0060034133
86084,0.052855086
138295,0.031108147
149161,0.17784438
895,0.0120176785
145309,0.18520777
137039,0.05035441
139996,0.0071223294
2460,0.13019356
111470,0.015211848
145400,0.018875951
62753,0.01816882
133517,0.08591966
120848,0.05173584
67752,0.3175559
116194,0.041499726
79697,0.37389886
9523,0.045183428
4350,0.022374531
119910,0.3381365
106196,0.044443004
4315,0.12888114
72432,0.025361616
22536,0.012845087
61698,0.021456711
10645,0.038287826
147949,0.04168018
139603,0.03468831
23019,0.009920084
63869,0.2651802
133580,0.4896976
48200,0.025300486
119836,0.013773299
39541,0.013409721
149239,0.006595752
105029,0.53200626
118342,0.31148982
59622,0.02212544
19628,0.30012378
54478,0.24560438
39255,0.05748443
69467,0.008884101
31530,0.014356605
2595,0.013632603
116605,0.23564284
64278,0.01088221
94590,0.011018178
24476,0.43994573
22170,0.018174225
24272,0.04070474
1938,0.020682862
88059,0.08114415
92417,0.010159861
141704,0.09413724
61541,0.041279744
142845,0.0076345615
133066,0.06487568
125476,0.014286955
51105,0.0063369186
44614,0.008686462
20576,0.009895172
639,0.011332785
32554,0.009082595
48727,0.0148968715
103557,0.013180561
83116,0.06754989
112350,0.01088472
68041,0.054721043
48318,0.11381244
58696,0.06720054
30285,0.009421326
104067,0.024289366
13315,0.015298035
16859,0.0901291
116779,0.0073214234
62899,0.01798007
56791,0.050935633
53604,0.41695982
116470,0.015066847
89835,0.07559357
108464,0.016828418
108932,0.0067799543
83677,0.011874055
131921,0.019978298
144977,0.036439735
137887,0.0066036955
117081,0.014316904
127038,0.3646736
42308,0.05758805
122986,0.11730713
18022,0.017967025
35061,0.0066527966
92220,0.015352894
106757,0.016919117
10711,0.11876433
68532,0.014440936
94814,0.009379086
5073,0.0069911843
40844,0.0097072115
22832,0.017612481
77718,0.098828144
129490,0.009115752
81709,0.05506025
146741,0.016628385
143634,0.044395633
70830,0.017702686
132784,0.045754284
30170,0.03703527
62615,0.006975105
22821,0.008413379
8832,0.03776864
146007,0.052714363
134065,0.028441796
140593,0.007467154
65245,0.030997757
66449,0.00914173
11840,0.022311319
60477,0.11857355
68094,0.037080254
44823,0.011262669
14234,0.40740716
33731,0.007826708
149620,0.08300972
17221,0.0063407905
98922,0.0073473356
146247,0.017794186
40027,0.008028804
99018,0.016901946
64366,0.1815417
98107,0.015675733
118575,0.03425908
30476,0.018304154
133838,0.0084987655
86887,0.013478905
116229,0.017317735
30077,0.006851966
141270,0.008039772
86445,0.17414902
89787,0.010443691
126834,0.008635368
105508,0.010784638
13244,0.015011751
83139,0.07234531
28621,0.01529817
20448,0.02363563
110788,0.006686527
89090,0.008053797
14650,0.057378586
114268,0.169249
14042,0.018739957
148771,0.009643844
71548,0.07039975
7344,0.08568415
66628,0.048521686
145394,0.043934207
51277,0.0093272915
3078,0.018893233
39864,0.01955989
7138,0.13180831
48490,0.007858442
88790,0.041568045
21264,0.031006513
83131,0.121493764
48907,0.0068594073
140278,0.08087817
5434,0.006039407
143219,0.011641802
102885,0.06727277
49840,0.025864296
80024,0.10033147
30360,0.34165272
43474,0.012508115
59294,0.020580389
44366,0.024287062
21235,0.0109266965
73675,0.014828298
48978,0.095513046
63863,0.33593732
53606,0.3317538
103807,0.008096073
92681,0.19301336
9381,0.010256082
100688,0.06698391
109713,0.039556738
110208,0.008177427
44153,0.023965474
119170,0.011692023
110138,0.12202313
81967,0.029352933
20714,0.12053096
85742,0.014314266
1715,0.027229952
61965,0.018131867
62976,0.0066171256
56712,0.5937464
120354,0.0070859534
104961,0.0063304063
20206,0.016156897
31212,0.039743192
39784,0.007227024
104828,0.07515262
106011,0.044061318
124461,0.022006404
9105,0.010211281
31740,0.02558109
46698,0.0110884365
133291,0.011123581
34406,0.014031668
104382,0.014791848
49859,0.043594554
103632,0.0059966794
110375,0.009376636
46014,0.012073545
132832,0.007434028
17463,0.020351125
44863,0.009194267
61566,0.012603983
17086,0.026678503
112883,0.009905665
93594,0.6499361
131540,0.011059699
11271,0.007945741
135384,0.0076068407
90160,0.0068457383
141766,0.0149976285
121069,0.04015524
47305,0.00907797
91608,0.0064579193
58531,0.21199234
31850,0.29664683
98067,0.039070718
96043,0.0077306577
74639,0.022715254
51421,0.024833713
138571,0.020007009
64936,0.020655643
8232,0.09398427
35704,0.011647712
41568,0.0073454827
69995,0.021602271
71146,0.009080702
92257,0.15906641
52955,0.28098318
66580,0.08065296
110587,0.03010766
65206,0.012366092
80691,0.010872483
66606,0.00936284
147362,0.02408237
59268,0.0073917154
20173,0.024029743
16014,0.13527294
46382,0.76078206
75529,0.040859196
57480,0.06047472
74363,0.10090578
14412,0.016972505
78886,0.043183424
49212,0.08306772
35014,0.06347882
86386,0.011299745
20553,0.36016083
4903,0.07638321
50930,0.00993852
100373,0.025430044
6855,0.031667896
23233,0.00866288
129053,0.08166034
97746,0.007333
35470,0.2886573
84289,0.011769914
8195,0.035251737
20779,0.009969996
9825,0.09142495
50476,0.12353661
95066,0.08505681
49052,0.008571786
147466,0.016985437
142606,0.009883639
138773,0.019698331
88214,0.014017604
5781,0.020385377
108179,0.015787005
59958,0.064010315
45941,0.009017761
92059,0.0068489523
50913,0.010578281
83518,0.2831087
146969,0.03561431
52150,0.029914984
57090,0.010344424
99854,0.01269729
134072,0.007033422
129225,0.44429624
10581,0.009895386
37152,0.029060643
101626,0.014636046
70653,0.02232795
72329,0.021510143
41697,0.010853126
37740,0.01241475
83959,0.010576351
8562,0.008260962
36311,0.010066248
52082,0.011445034
38328,0.0069420096
122208,0.007899728
26828,0.01703998
62814,0.022960313
101973,0.11079613
7870,0.08130756
96367,0.039196048
139898,0.02394476
56147,0.6198123
13667,0.05083096
38827,0.35871613
51181,0.034063216
58884,0.041624058
148591,0.009740744
47533,0.031004576
30162,0.010053332
144882,0.014764258
3333,0.0064080795
68858,0.008365488
98317,0.015146028
47030,0.011664126
93917,0.4006455
69044,0.03921921
52583,0.22229159
130722,0.012174018
27651,0.016534781
69926,0.012993256
142936,0.014545384
116636,0.07127578
120484,0.09095672
29618,0.018220115
45399,0.069265984
8653,0.051182322
70964,0.10017521
142645,0.05922639
1052,0.12044856
123096,0.007915106
121714,0.01146798
71598,0.015163292
146769,0.009610038
98196,0.012178973
56227,0.034063436
45980,0.01028737
14406,0.0300406
101227,0.009076177
59597,0.039951332
103841,0.0204788
61600,0.063786015
110888,0.0072689345
2086,0.037210837
130116,0.010916626
123823,0.042400043
28354,0.34502465
95789,0.035881907
43935,0.19255237
27521,0.023299
112828,0.006669756
79055,0.34042305
60868,0.011468062
93137,0.009182208
91305,0.012019355
38008,0.13900323
87296,0.014102073
133380,0.06506129
79757,0.006665536
99064,0.010980318
140386,0.05081781
70521,0.007204299
82361,0.014171581
16729,0.007042843
7730,0.012679585
99686,0.102297835
368,0.04131552
15277,0.015264475
124073,0.0064499145
76127,0.010179964
93103,0.008478406
116208,0.010741292
11955,0.011656549
104623,0.018121844
116534,0.016116282
50656,0.017194597
33572,0.011589078
35868,0.006613272
149069,0.0064092847
123209,0.0072463937
37146,0.009660435
61114,0.015450875
52078,0.0071345796
56398,0.013581645
108165,0.19228958
31437,0.013010658
114126,0.0059925993
93796,0.077246845
105667,0.1888228
71091,0.009123559
32627,0.013804306
7299,0.0074928016
24633,0.05359826
111075,0.059316743
70385,0.09787271
145292,0.010619635
25889,0.032231323
70042,0.03152466
115819,0.04177705
127057,0.009789033
88166,0.016460113
55475,0.11003146
134600,0.20591617
104366,0.022609778
98258,0.04529372
139548,0.07500934
107584,0.027063482
45583,0.120621115
76260,0.007841404
37484,0.017287632
141505,0.0076149665
97155,0.013387476
84011,0.037873562
41251,0.006644114
41625,0.03920695
82270,0.32868147
97807,0.04045555
40997,0.005949154
101026,0.09409784
105085,0.088819556
139449,0.0090659335
95705,0.15026888
121922,0.012828524
25156,0.015146283
101434,0.013402297
119446,0.21164133
108777,0.008165033
105512,0.02555212
14468,0.01538016
125630,0.18671478
22876,0.41418156
140577,0.07289226
38240,0.049767036
75757,0.008318496
63587,0.015060549
120962,0.01102309
47672,0.2106224
72800,0.010144896
37090,0.020933673
105537,0.016027644
23236,0.006774344
14455,0.008112564
86422,0.019058084
23254,0.012236554
58544,0.00876521
117071,0.08150385
146151,0.5086161
26761,0.013608623
18104,0.01296521
105119,0.014474486
147383,0.008289497
56231,0.028408702
59908,0.010160628
99968,0.3266761
14845,0.008256286
69013,0.012686069
63374,0.1628802
135828,0.008064925
90530,0.092630565
96834,0.094500005
148906,0.0067725503
27971,0.0099529065
45582,0.011880585
61621,0.0399105
116216,0.1511796
84581,0.016355556
99130,0.06648038
135172,0.008256423
97975,0.013000338
149853,0.008773965
113507,0.007188899
3707,0.013321644
136526,0.020915313
82186,0.28885373
80382,0.021824708
81318,0.22457579
71677,0.007849681
56086,0.010237173
64912,0.092833124
43688,0.025314739
97177,0.012877609
52993,0.007673456
116442,0.10146816
56869,0.016164152
136670,0.05364862
49066,0.014118777
32947,0.04386892
59113,0.047560066
58819,0.015074256
84555,0.015642416
44737,0.026559226
81428,0.7199999
27829,0.035178035
124547,0.015621952
140887,0.009556176
142128,0.49698466
66634,0.21258919
119038,0.010735279
108050,0.18616593
22975,0.008036175
140312,0.020610692
52958,0.009804112
47166,0.022361737
60729,0.009813064
51821,0.011950993
136159,0.027112277
16666,0.019048503
36056,0.013422949
128458,0.0082585355
127846,0.008402132
92719,0.038277976
130423,0.011962767
59361,0.56516916
88928,0.46306455
49135,0.009769805
71791,0.06404332
21180,0.008902322
16144,0.01735215
26794,0.24248461
92564,0.04822166
51023,0.3269794
62186,0.03593361
88920,0.076084025
145141,0.011373359
43259,0.02021702
84674,0.014595788
70512,0.008437764
41689,0.03150191
68637,0.03484534
46313,0.01824288
77683,0.075209394
73721,0.09950964
134532,0.046149768
56715,0.09992805
147595,0.012367181
119381,0.012911299
144474,0.067410976
3176,0.012027948
66382,0.014838701
7519,0.027060375
65939,0.013901327
68217,0.0062514297
92293,0.03413252
112081,0.12875651
94658,0.04106311
53170,0.007832161
97624,0.0068003396
86001,0.008761566
83386,0.019906333
50909,0.024942167
109272,0.009364548
25444,0.010375346
111284,0.020275012
125893,0.011727506
145607,0.011751892
74735,0.0069748606
10489,0.009183101
96277,0.012053819
29000,0.16791888
148136,0.0075516067
132697,0.08884345
1892,0.015149748
102334,0.010727306
126960,0.62266994
141368,0.0061031072
58055,0.011718131
120997,0.02733568
77152,0.4169455
116799,0.032976236
52779,0.04005736
139192,0.008525246
21667,0.032768916
24281,0.007661298
61467,0.014357995
85293,0.0106647145
81987,0.017195474
12864,0.013485671
143483,0.03555976
139636,0.0070150397
141595,0.037203893
106584,0.019756557
8764,0.009084883
56123,0.050638203
147196,0.1311694
65111,0.014414892
58845,0.012621134
27433,0.009183896
113288,0.012771075
21496,0.01714486
62404,0.077963054
32784,0.06688574
56099,0.039046407
107409,0.005853681
114177,0.010501482
15114,0.010891787
144322,0.016312132
79164,0.12348618
16027,0.05546467
89522,0.006532562
97777,0.096380845
131526,0.032262165
83110,0.68923503
54286,0.032412246
17143,0.011968421
143797,0.017814808
141628,0.032025773
50343,0.45803857
105111,0.074401215
110730,0.04446423
116582,0.17220065
58585,0.010799406
32075,0.012733045
61796,0.009877081
129154,0.0993689
55035,0.028257713
131754,0.011466391
66387,0.033760346
6077,0.01105814
122052,0.04068177
10983,0.006641748
48295,0.012400504
145810,0.12634733
123861,0.026425542
144125,0.010826146
48039,0.01224507
52528,0.03424009
4349,0.47798887
138515,0.013259717
57493,0.009633725
7320,0.011074567
11684,0.009712567
79872,0.01008852
76528,0.03595465
145312,0.011154401
7145,0.006671307
99555,0.13036877
29576,0.13955379
144746,0.09268836
44639,0.011865464
84115,0.012166943
49549,0.008855353
18565,0.011633207
148130,0.044999126
88151,0.07779382
102716,0.010887832
100976,0.010542875
65212,0.13369055
89604,0.006586429
133733,0.011516875
42268,0.15921402
53049,0.03246877
39124,0.029031986
54507,0.00820868
103910,0.08120217
51269,0.011691367
93110,0.016220424
123795,0.00941596
48152,0.105535015
34339,0.0108843455
80639,0.00854368
123534,0.013123327
142566,0.029395593
122945,0.015977103
68093,0.0067050476
68431,0.0074705794
35702,0.0074669737
120667,0.11471867
113263,0.18012929
143914,0.010905629
68187,0.022573905
92271,0.09545555
23768,0.006604331
136313,0.04065817
101892,0.036790777
70272,0.010914186
135784,0.036470342
54421,0.013063614
35680,0.029718762
55606,0.54429156
125166,0.01119842
148778,0.043738082
105051,0.049667682
132772,0.082824685
149401,0.012845728
91998,0.007926939
94232,0.08556648
2303,0.015997283
144456,0.019756667
117896,0.11883876
20756,0.0074149477
123427,0.01449434
98541,0.52365935
139541,0.009074196
124476,0.00893833
109960,0.02045099
56887,0.005441633
28057,0.008533447
132774,0.10852805
86281,0.012085262
133150,0.013851476
1884,0.023245096
48264,0.054583646
31343,0.012174161
24090,0.010525838
93936,0.009486103
35887,0.016816303
127408,0.020307194
123174,0.0070059877
89938,0.030758811
109675,0.047441635
92978,0.026345773
14108,0.0096146045
50581,0.021532834
26355,0.013132031
31619,0.085027605
111201,0.010045381
126831,0.015154274
133223,0.06606838
56568,0.007160297
5229,0.010716842
73696,0.011124713
10415,0.5782812
124429,0.016039515
99848,0.010446974
69729,0.09171717
148383,0.35246998
96372,0.031437498
136219,0.039290838
69808,0.00906568
69005,0.06332034
90151,0.038504004
60398,0.009544048
80644,0.20476419
99088,0.012368684
107048,0.006296251
140217,0.020544726
11419,0.015314608
79027,0.46554852
99133,0.016096665
96787,0.067500666
144267,0.011865458
31158,0.03429515
40877,0.0071813883
52466,0.04591894
135284,0.025841111
16333,0.019264957
26831,0.014088614
33830,0.035718266
124812,0.084272124
39974,0.009430288
65147,0.0071322666
21757,0.06675471
114313,0.013273674
59630,0.009103601
86481,0.07085007
54494,0.08405443
130937,0.039871875
81871,0.04079682
49043,0.0062632686
88988,0.013295164
38671,0.05342335
40119,0.015572094
112046,0.08946499
62077,0.021049513
32759,0.013143562
29057,0.03804878
141934,0.04737913
113343,0.035870593
112397,0.070190065
29507,0.0083687445
149965,0.07525358
90910,0.018175464
119371,0.1990735
13168,0.038363677
59977,0.30340022
6553,0.19855314
62174,0.0089720255
733,0.021956485
66352,0.026501242
57929,0.012633143
98262,0.005570707
141674,0.26620623
120134,0.03962179
15232,0.20882764
134646,0.009880751
55997,0.05042439
139961,0.018356264
88150,0.019696852
21691,0.061906338
119334,0.029016692
127317,0.01628622
4792,0.01673298
67618,0.1063451
98381,0.015437129
71161,0.022196887
19668,0.01879942
97809,0.012680116
142731,0.023145702
65696,0.18221064
127497,0.020292997
115512,0.0148342345
116793,0.008703922
76678,0.079674795
87463,0.04365622
15971,0.011222501
43885,0.015536879
4293,0.48882738
80023,0.014249152
56291,0.010255918
111122,0.044523172
42598,0.010733673
94788,0.009793268
92342,0.014408965
132092,0.009593613
11118,0.08834759
43178,0.02477236
16246,0.011498759
81279,0.012591689
42270,0.07744262
138504,0.011659032
39218,0.008336515
82365,0.30258733
114400,0.025071757
3765,0.17391858
56039,0.012074188
90497,0.2658799
3023,0.008837734
37177,0.15483649
23277,0.061384045
25814,0.24614197
82607,0.017098993
22119,0.01270687
112817,0.20157912
54220,0.09859709
74439,0.07639727
33452,0.014198438
121418,0.061468896
71505,0.013729291
124945,0.017268078
35794,0.03541653
26973,0.0931511
125206,0.01477223
86674,0.014909431
48311,0.03055483
100830,0.018605582
46066,0.08279542
61959,0.018359369
119999,0.022855854
37345,0.010640095
12697,0.01161889
66337,0.04939182
128121,0.02831845
40034,0.016068913
98774,0.024317147
126419,0.011786037
57262,0.0075288555
101272,0.02543206
74985,0.15824918
123360,0.01505297
130087,0.010219685
140995,0.005783478
67794,0.093090475
44877,0.67686373
51644,0.009186178
131511,0.2566821
19086,0.008002162
90229,0.010696709
137743,0.08120358
68058,0.04320177
44461,0.46539545
67610,0.02711758
17052,0.032738574
72996,0.014793252
77571,0.02272024
46544,0.18398044
148957,0.020017814
10777,0.010661838
12336,0.04317835
37336,0.05021127
139812,0.012984055
26987,0.03399184
30744,0.25788495
148473,0.0132727325
10294,0.013289855
55258,0.07206789
145966,0.022599384
50928,0.099541865
29575,0.036605388
71980,0.013792394
99809,0.01484778
129747,0.0068942364
144373,0.08108128
109322,0.010754356
60037,0.21785022
148288,0.22231121
75068,0.060156297
137134,0.016950639
31907,0.03174212
41785,0.15424396
147258,0.009780707
139854,0.0152235245
127232,0.050309632
106590,0.20619391
89119,0.2581745
31005,0.21858478
100114,0.045138992
89354,0.09211677
121943,0.0116202915
76781,0.054798964
87612,0.02511911
82967,0.07651535
40487,0.006520439
3146,0.0070417123
71182,0.020178746
44565,0.112212524
125795,0.009950695
13167,0.014753886
6212,0.047715805
147649,0.023572158
23919,0.007576327
114677,0.02944624
78078,0.014292054
101282,0.10043719
19200,0.063431606
144399,0.10214736
118267,0.12380104
144110,0.030841991
119835,0.122756764
118389,0.04103805
43091,0.0070308014
25278,0.14972559
63593,0.04065788
15286,0.021645525
78507,0.050050557
73584,0.007288574
41832,0.0086314995
591,0.019892558
57892,0.023446025
9062,0.025579764
55667,0.05031793
70958,0.22903922
132745,0.011274389
20171,0.019491132
86208,0.007803053
140574,0.09281712
105519,0.0081736725
58943,0.11852887
22815,0.021965006
92094,0.0065015587
32827,0.023298869
138342,0.014681385
97822,0.017711801
136414,0.10143803
146492,0.03869946
144288,0.013022666
132462,0.32725596
130653,0.022353064
97511,0.01667603
100954,0.010771892
65590,0.024626188
102249,0.06284928
39105,0.0081301555
24851,0.13541202
92907,0.012077915
100054,0.02297456
106530,0.02943083
103371,0.013044465
33592,0.58616877
104410,0.015856884
143609,0.108868465
37065,0.076029554
72244,0.0999731
3127,0.08683202
74138,0.01679266
114409,0.07567812
114522,0.16504537
9747,0.011185349
56514,0.007476475
95603,0.05419929
22445,0.016366107
89409,0.037887055
38633,0.011019405
9400,0.014027171
93600,0.2246418
118052,0.06344671
69843,0.07893771
46553,0.07355819
17994,0.06995118
119938,0.44304654
100142,0.015120407
89832,0.10840888
31077,0.66373223
129408,0.034012362
47604,0.07048838
73934,0.008105571
86767,0.028481774
120459,0.0056181876
94911,0.06745678
49697,0.12336078
81256,0.0069807814
93427,0.42714036
72586,0.008123014
72192,0.014781721
53590,0.010018558
20844,0.00872272
41671,0.16946264
24022,0.04048228
128393,0.09188979
84718,0.010371783
61564,0.007627372
123113,0.007920248
68271,0.023621835
83247,0.018684791
9203,0.011177751
58008,0.03204859
67397,0.034378044
16140,0.026794933
24123,0.044835996
29875,0.049875315
12154,0.051688608
83450,0.018066756
29653,0.020927835
105858,0.03015283
48231,0.06926597
133146,0.112005286
52554,0.0074329237
72038,0.013005026
81962,0.14986852
143267,0.013859216
129511,0.010722864
135220,0.018306298
30974,0.048169106
107119,0.18693858
94235,0.008174692
33675,0.0071063233
74957,0.016198903
25041,0.00598384
12208,0.09581635
95954,0.015099041
56666,0.042550314
5112,0.007993986
122189,0.059860177
79518,0.014300857
136721,0.34651813
83354,0.06372817
39692,0.020216355
113903,0.11085146
80379,0.19532935
63289,0.0106450105
146541,0.029792398
134441,0.012413084
32792,0.015367282
139981,0.035530213
15627,0.08595637
104687,0.08674561
110049,0.010873518
81477,0.1174794
57352,0.016074892
149476,0.014813753
87498,0.043689836
41319,0.04564975
64536,0.046704955
13115,0.010496518
133508,0.3219661
73518,0.012439697
89546,0.056397546
133774,0.070516266
106532,0.021587014
36937,0.18044928
121535,0.007482691
10127,0.051016085
123857,0.014722596
55358,0.03773557
2434,0.016540878
36857,0.0141155375
110574,0.0126107745
85254,0.007584969
141478,0.0728681
86339,0.10179374
3414,0.22075015
93216,0.008956551
111146,0.029345931
43338,0.02179866
105778,0.01747377
47546,0.01052856
60653,0.01953861
112650,0.011893008
118010,0.011387463
149271,0.011149006
52058,0.011160925
91444,0.0077688205
5083,0.023682116
39831,0.029298455
15626,0.093405105
106654,0.020370455
54184,0.030429194
27636,0.012781371
93497,0.23997593
144867,0.028842531
85494,0.015494619
98487,0.021817375
24296,0.012949878
130170,0.2061952
9480,0.23866509
86405,0.35399118
19612,0.06482603
128299,0.06028289
72366,0.29524776
118503,0.15422828
144039,0.19774066
33857,0.009885142
114929,0.03713318
63903,0.009723966
45368,0.041708242
113627,0.017777026
146403,0.31086844
82605,0.05391388
80764,0.11993296
28353,0.24060479
9607,0.010728804
40917,0.11402849
94259,0.04567612
93481,0.0072450936
19968,0.10845883
140733,0.020716842
77005,0.10644876
91327,0.010950122
37720,0.0065663885
15796,0.018094536
120769,0.05429408
12394,0.007321739
48881,0.298667
135680,0.010117051
32483,0.34574205
7410,0.09330513
40842,0.07112026
75648,0.019786056
111742,0.021007165
27737,0.021738049
8747,0.012799674
104784,0.031580042
79504,0.17118713
38053,0.0068172906
137256,0.0085348915
53043,0.011522505
39017,0.011621852
77795,0.0135029
57760,0.1009916
32020,0.009418019
124387,0.012830307
24474,0.012775812
86646,0.57065773
70735,0.012271034
44843,0.015416474
58499,0.10237495
138742,0.010090348
46759,0.10866644
19029,0.049928542
57741,0.012925589
133319,0.010916055
88560,0.010024008
135103,0.2057365
135507,0.02786119
54022,0.010574269
23736,0.033733103
17111,0.006380913
117552,0.21864985
116635,0.064434566
87311,0.010744945
87721,0.015618124
116660,0.0079925265
52535,0.023636483
58260,0.008641723
38531,0.068190515
69565,0.014401206
12260,0.013319733
56721,0.048955545
92928,0.014510343
68516,0.10626949
55387,0.049982473
148986,0.11095393
115103,0.013589313
49104,0.031202653
118811,0.06237698
57179,0.03640674
28185,0.029907238
126853,0.08693259
132870,0.021712136
60144,0.010341218
19744,0.008291579
114674,0.083377615
87649,0.03023872
114023,0.008990822
142984,0.009994185
21956,0.01595543
23403,0.015070582
81662,0.034892976
68129,0.034800075
65984,0.006063195
82033,0.29978475
73604,0.011889108
3174,0.35438967
41527,0.043323137
13761,0.008503142
50272,0.02447912
1727,0.19582266
144780,0.00986061
59933,0.020759184
69509,0.047772974
50398,0.07694105
147657,0.06713466
100600,0.019375246
92800,0.017088946
137665,0.047144942
123485,0.011906936
37147,0.015380781
64245,0.28168035
144016,0.035175677
117271,0.21966119
139349,0.027325125
126898,0.12734433
83658,0.0066178152
128295,0.09283142
5782,0.013301708
69765,0.014915279
141284,0.009593106
76046,0.013305633
1491,0.07987744
118521,0.0060739773
42111,0.007049569
74224,0.0090907095
10955,0.10211955
115820,0.07332582
6879,0.034725793
40614,0.045334388
17429,0.009680483
60219,0.087206475
22244,0.061378095
32714,0.006327606
84792,0.0086189415
147230,0.047393236
146649,0.02327387
69704,0.011987375
26790,0.033400424
15890,0.46874437
61171,0.015379581
25840,0.008713106
41666,0.009578326
148277,0.020738905
110588,0.015417667
134539,0.010351086
64706,0.03988964
126385,0.0714981
107174,0.012943128
103508,0.010422744
148943,0.01319671
38592,0.011359545
73577,0.024631651
45529,0.010986792
108975,0.44632548
107350,0.006616746
143100,0.45643663
22361,0.04366226
10425,0.05095787
110290,0.2350151
63277,0.048483934
76306,0.14965159
116161,0.060461983
76734,0.022030678
57033,0.0120625105
49204,0.16740344
19096,0.041613355
68626,0.011417693
148789,0.014468739
54965,0.75885856
147337,0.014566055
82309,0.013765476
103741,0.40362632
42448,0.009002791
138004,0.10359521
67078,0.6002879
52473,0.034927774
59148,0.013967901
77105,0.00834861
133970,0.009656723
104587,0.00599081
20820,0.016636964
146050,0.017197208
37313,0.05820399
138446,0.016531324
48407,0.485654
70432,0.02192133
147492,0.042875025
112840,0.006507913
16230,0.087949716
25977,0.0061426493
117590,0.029264374
70951,0.07588273
115935,0.047567777
22356,0.025477298
50580,0.013532562
133992,0.009080823
24610,0.16716717
88740,0.42209956
47221,0.01918566
90792,0.017481271
84331,0.034699492
141931,0.016697992
75074,0.007685076
88678,0.22304267
8224,0.008656666
43898,0.0056151403
454,0.48781344
38716,0.006542614
82720,0.057377294
135988,0.0456309
19702,0.013421421
49198,0.053649623
35399,0.12101312
30238,0.020497331
22579,0.6165096
131596,0.04821574
78959,0.09212925
104883,0.07320747
112595,0.013940895
125480,0.03447909
120589,0.1494482
143722,0.06097183
115845,0.007372893
33866,0.026614722
33582,0.05909809
134101,0.10881906
3953,0.01822017
81067,0.07351086
121195,0.5598748
141689,0.018616093
119073,0.13776292
68504,0.087901935
52864,0.09533219
89200,0.06476732
63488,0.073261686
64690,0.05782857
29243,0.009924586
86690,0.015733402
52539,0.03691282
40900,0.033689752
67834,0.011790292
62056,0.026541788
135232,0.05025923
47850,0.015338499
52632,0.011275182
46491,0.15731204
49270,0.012221176
94189,0.050502677
41015,0.01795289
134032,0.009365871
135036,0.017548218
23432,0.043523155
58248,0.009370455
95489,0.14627014
42646,0.007594012
29990,0.016027952
97874,0.15456702
63771,0.011029345
15677,0.6841961
6148,0.016696356
109149,0.012662839
69596,0.15100658
52861,0.028864684
39758,0.012554741
52593,0.02403721
87079,0.13306339
34824,0.010202604
73735,0.026580889
79222,0.053628698
31286,0.0095347
51204,0.012587224
43262,0.027688082
14883,0.0087527
33312,0.009663113
41212,0.02553388
80820,0.012601824
28108,0.020408224
45283,0.014640647
52278,0.08395436
72631,0.008238813
137818,0.07299558
61699,0.029467411
25643,0.010780661
96775,0.013929632
118438,0.016114656
46245,0.036585823
77815,0.008699656
1203,0.02838328
21150,0.010351628
42812,0.05500789
90709,0.06692829
28191,0.0066023916
5018,0.3940022
61486,0.10302718
5227,0.25144893
137821,0.045462072
15338,0.10661266
52990,0.0156898
67088,0.061832264
128056,0.03251787
110420,0.010361368
43270,0.02079192
64948,0.044969358
38958,0.017732993
62105,0.048849657
22481,0.03688364
108541,0.03043902
18586,0.29404026
90314,0.017925711
41291,0.011013555
24849,0.09190283
15067,0.1541547
77822,0.70764905
66643,0.054673754
129119,0.0117326025
96188,0.016804324
46863,0.25235218
44518,0.020290064
103470,0.007333382
52810,0.039963778
134325,0.007320938
132751,0.029590605
13892,0.020120787
37829,0.09484559
76785,0.019068776
77484,0.01343566
17779,0.021157322
35205,0.5847757
87704,0.0066869576
20132,0.08020182
17575,0.050185855
95684,0.06877274
86456,0.075998895
70531,0.030542089
105398,0.011117766
20565,0.021176819
129666,0.03940977
61869,0.01886753
62963,0.021146359
137503,0.01000041
4326,0.010358449
122179,0.04624832
78187,0.11287999
70383,0.015643297
13754,0.06675027
129125,0.19795892
71290,0.010966924
51322,0.027940152
101385,0.02119086
27067,0.058305286
34518,0.016322233
66202,0.018569136
16498,0.14316964
111080,0.022789018
116127,0.119837694
31751,0.015799955
93436,0.017443743
117323,0.033312056
134556,0.010563633
8411,0.013137867
65452,0.018553393
139456,0.026371656
19782,0.014111789
89098,0.030408427
124346,0.013904084
48171,0.076498486
12677,0.019059114
84108,0.0072862217
37694,0.26052544
26099,0.0106108105
97738,0.0060909884
126783,0.096309066
87706,0.044962727
77444,0.021891914
3415,0.006257639
38969,0.061146677
105611,0.66053224
111617,0.019096885
106725,0.008262852
18605,0.09364157
33002,0.06573259
90255,0.010911617
59801,0.016809927
6471,0.040191535
19262,0.081814595
77396,0.009412447
65698,0.01289157
24282,0.006615803
95470,0.11880508
101159,0.01878075
54701,0.027727937
9145,0.019400084
4675,0.021935549
11564,0.0854022
56827,0.055840872
4216,0.026050083
11862,0.0059609697
55625,0.010108902
14667,0.1943124
110535,0.015909951
13397,0.17975026
20116,0.11897552
32854,0.012753399
80983,0.023400424
55069,0.10766199
138637,0.0067018117
61557,0.010342175
26910,0.44517568
38513,0.07600056
21922,0.0075751436
73672,0.0058703343
83294,0.011313813
51041,0.095315665
59972,0.058326107
56450,0.13451643
144477,0.12218041
22926,0.15960121
13684,0.009308284
110919,0.007181328
35147,0.009294588
780,0.009270776
114442,0.007276963
63779,0.01322462
124968,0.08646533
42397,0.009992614
12466,0.022045547
33122,0.01347834
106685,0.013054304
11822,0.0066883387
94737,0.0063897376
60353,0.58376414
134803,0.025280066
117744,0.20592867
141047,0.04313336
25315,0.011010637
121857,0.013867736
142904,0.3754204
70302,0.09067335
17433,0.015412529
138674,0.028935967
48595,0.010236083
113880,0.3114467
112295,0.061304603
105885,0.008017191
5110,0.010903541
78383,0.07582199
88957,0.013630545
69363,0.0065561286
72003,0.008950242
6992,0.011662747
120464,0.0106792785
136862,0.0066014626
16201,0.014087986
69329,0.010880809
118454,0.13632236
58521,0.011110565
80097,0.021188648
12801,0.009461542
125114,0.015685786
71958,0.09372443
53877,0.53545463
115780,0.012431376
97390,0.027041927
17294,0.05825399
142584,0.007988153
133047,0.007390176
67962,0.011912945
27309,0.037707776
95820,0.018983243
106149,0.07691644
71318,0.14736609
106053,0.08912496
11350,0.02016153
69457,0.011679038
109178,0.007842576
147516,0.12403943
2946,0.011161004
6512,0.015743323
130783,0.012994357
107149,0.020122098
38260,0.010904004
135915,0.16862798
60159,0.07046111
17842,0.032633934
65062,0.007337556
103896,0.0660719
25665,0.0077607636
58164,0.10514708
26050,0.048427973
28106,0.01264336
26015,0.05480266
3794,0.010036878
66122,0.48961413
88986,0.012241206
145945,0.007874665
41973,0.05863004
90267,0.026853712
94881,0.0073562367
41495,0.014797283
88534,0.049352936
26267,0.014441065
114709,0.017201576
12675,0.005720643
146056,0.098525025
30657,0.28471714
19259,0.09999605
80879,0.29183564
128889,0.0059726504
36107,0.097417586
56312,0.029871289
78273,0.008170917
3205,0.03127523
134358,0.008720003
2321,0.087875366
108041,0.015470472
83698,0.015295485
54488,0.048270606
4647,0.0061950656
23454,0.012548199
94614,0.052417587
21055,0.0066085146
90273,0.08411562
66795,0.02048052
141311,0.12087231
64052,0.013831696
27169,0.007554945
106132,0.064077914
45969,0.015420932
106119,0.008187522
59752,0.012674763
99652,0.04871755
71171,0.022788594
79720,0.022356525
94341,0.010283918
128441,0.013522305
111329,0.031790007
123532,0.09135239
126924,0.08483947
55944,0.12046436
19076,0.010150893
147198,0.09926203
78985,0.0069909072
31976,0.012937439
50894,0.030485764
113756,0.021493657
121639,0.018395033
83898,0.019555008
17837,0.026922496
96180,0.012316746
27603,0.006677564
109891,0.006513961
48423,0.013782571
40009,0.07375189
44220,0.07877455
141149,0.42089385
1555,0.006538357
85322,0.07321631
119249,0.01632431
28511,0.020226233
110254,0.049152665
60836,0.006899756
54297,0.011401267
43396,0.0656408
46550,0.0073407865
118918,0.09859266
113943,0.07430471
7461,0.025919704
132427,0.027563361
62699,0.009794244
82415,0.011484648
121398,0.09386264
66472,0.010062267
19446,0.016042901
129835,0.010236835
61248,0.40522093
51866,0.021685196
128157,0.0778412
141095,0.09346339
56266,0.0116308555
95923,0.02799417
10297,0.09187023
89315,0.028731957
28468,0.033369586
120856,0.009370795
35975,0.033202935
38741,0.087360516
48459,0.07509307
31640,0.010396504
53255,0.006689583
112199,0.028491164
11442,0.008717258
110379,0.04535354
57616,0.13545084
36332,0.054988943
134777,0.07897788
146181,0.008015007
65593,0.03189621
118197,0.023372697
66549,0.2748834
19104,0.29436406
72813,0.008736071
94899,0.019362988
14829,0.21977851
75360,0.024615664
40522,0.032753713
9184,0.018514378
51048,0.01025644
49692,0.044219762
65318,0.081227794
119828,0.016808374
28909,0.014511358
61720,0.006579843
55107,0.0073033585
148734,0.011055387
134339,0.28841746
60388,0.014971825
57755,0.042518545
59326,0.078797966
95355,0.11762478
112153,0.009781949
59731,0.13915728
24887,0.021420807
21693,0.06817411
82779,0.032206383
69286,0.15496595
129626,0.03668254
116754,0.0151190795
61320,0.013885628
107654,0.012774314
124796,0.12452891
32504,0.03773598
44910,0.008697514
6876,0.011809692
44414,0.020151867
125375,0.08937635
94710,0.08504677
48235,0.31541175
99229,0.09883322
35804,0.035580687
17866,0.0913199
127891,0.38740733
130595,0.061539516
67564,0.008790552
31394,0.0813411
83587,0.013852114
37330,0.015887981
133521,0.019060673
96163,0.024970142
39991,0.008258325
16454,0.017551351
108214,0.013254933
120272,0.02026189
13975,0.7595519
70725,0.030483214
141167,0.008707004
51844,0.011346101
112688,0.008081967
59162,0.04825027
132794,0.009892392
105871,0.0328414
16073,0.009869045
107553,0.014853836
86465,0.03638199
68323,0.008668766
21527,0.3421964
148493,0.006481228
74713,0.027674483
84219,0.010955107
90149,0.013589032
63527,0.0098235505
7515,0.02210333
3675,0.03558684
123600,0.017541217
67319,0.018594746
110357,0.106136106
73761,0.00563829
45841,0.04177428
90799,0.010311701
108337,0.0924095
35349,0.18279164
34728,0.010127605
59047,0.15281686
144263,0.07188913
99452,0.10413252
15743,0.028788388
135030,0.01046881
85339,0.029431613
17179,0.07313671
85372,0.35970482
6725,0.02537243
64721,0.007140896
67716,0.022927148
34177,0.18918864
37908,0.009220354
6147,0.009923419
132591,0.06524696
61658,0.13204534
44600,0.09449838
62805,0.656877
139467,0.011015031
2157,0.013948324
110471,0.5562048
141407,0.026125489
43209,0.008770336
106863,0.019881718
24452,0.011125249
103438,0.01099522
56579,0.08208424
13914,0.10566734
118792,0.0075562685
108605,0.017675145
38562,0.13070928
68546,0.032184053
75194,0.0069707204
114693,0.011719026
35963,0.008847476
117331,0.012129691
113270,0.04510259
45336,0.05646262
135171,0.008761844
142114,0.017289715
105658,0.008696811
10660,0.0102826655
148630,0.037727028
39377,0.018166719
97212,0.060882542
93379,0.0112328185
102105,0.0065180887
148203,0.059251036
92514,0.016393358
43916,0.012704836
36287,0.11253981
4741,0.08029686
100207,0.013922586
17644,0.00788514
109036,0.10654274
131507,0.011345534
89285,0.38881588
69849,0.013380297
72838,0.399249
146958,0.02005364
98273,0.039564718
114413,0.0060182856
55852,0.028176786
21614,0.52233493
108277,0.09615668
68114,0.0058099222
20514,0.010648174
35651,0.01604229
141513,0.38675737
23048,0.34492654
41922,0.07253303
72886,0.014865038
27727,0.0183058
109280,0.010758517
141848,0.0069061397
121065,0.14204329
146163,0.0102337
21885,0.010198758
117625,0.030073294
12041,0.022935092
103646,0.005944869
14367,0.0060574473
103904,0.007843433
111988,0.013315121
34917,0.067604855
119839,0.0072032106
72077,0.05464797
104810,0.040005814
87027,0.027088674
23591,0.060375884
118876,0.05541709
134734,0.0068873772
121493,0.09429465
81877,0.008396898
108294,0.273813
39371,0.09012976
142202,0.010431886
143546,0.092042625
95484,0.16620658
148602,0.013456009
48830,0.14530312
3957,0.006371792
142024,0.009220162
102478,0.016894326
59081,0.07541518
118609,0.012364414
101579,0.030362083
38702,0.01144619
2182,0.037988678
128010,0.017853236
110116,0.008059933
70319,0.05482354
4341,0.023193737
33923,0.09546588
93044,0.15615246
37708,0.098322615
7862,0.046681162
141421,0.023522345
9782,0.06295362
92103,0.041675605
134268,0.011659224
131314,0.07657988
109376,0.09839248
39119,0.029225875
46705,0.007059599
125147,0.02117678
35960,0.7535923
30414,0.012568741
122023,0.031536657
26136,0.08059694
86253,0.012741793
94496,0.0079024155
23463,0.013053394
95065,0.284632
75885,0.01811628
62427,0.036632948
86916,0.21755885
36897,0.0065030497
4396,0.011606952
147289,0.054944966
87787,0.029902326
5210,0.014241886
115013,0.017321404
4759,0.06785787
115095,0.29990682
42232,0.01203962
31189,0.016426329
15707,0.0072790263
120892,0.5381219
110348,0.33944634
39316,0.009375962
20027,0.02151826
10377,0.02079694
106425,0.026036527
48832,0.2876893
134561,0.010584422
32823,0.16986611
136131,0.013665831
106396,0.025382115
94864,0.009488101
126333,0.010781805
44174,0.08425517
130285,0.01207474
11604,0.1014795
124856,0.013089282
130554,0.010429316
26290,0.1066691
58589,0.011207685
88641,0.037468262
88801,0.013006538
54348,0.0149639305
92854,0.12133378
44501,0.038456213
147014,0.008777134
85272,0.22740884
13611,0.047715675
113373,0.35086012
64112,0.018592032
84806,0.52333885
131405,0.29979745
34775,0.026044574
18391,0.00646045
66052,0.014838241
75182,0.20801876
42218,0.012225275
52398,0.041100282
19871,0.014932575
56218,0.015339327
29294,0.010864603
7533,0.011977525
80974,0.014915091
107663,0.010088496
18743,0.019290213
108235,0.009593496
16891,0.058107216
71468,0.06001839
20716,0.040514473
19696,0.010407494
36874,0.014381938
19108,0.0819313
135395,0.02847347
83180,0.036667544
1217,0.034975212
72161,0.08139542
93136,0.009008791
132366,0.032738082
139405,0.25356516
44930,0.08670508
123690,0.024793876
28346,0.30406386
55356,0.6418475
43176,0.3326932
27125,0.01596748
6154,0.007280919
50430,0.09725373
132668,0.046626918
31377,0.013025516
78650,0.06287367
62294,0.010150634
98674,0.008043838
29765,0.021746777
52514,0.57531536
79912,0.010586519
54410,0.047839586
122668,0.009984668
122735,0.08750035
616,0.007053959
50323,0.09076057
59609,0.021671189
6683,0.08947818
148449,0.16373385
19716,0.020927561
132218,0.024635844
115674,0.03250301
76397,0.007051051
130095,0.30580458
14492,0.013267551
134599,0.13882838
98790,0.051540878
20980,0.09618303
67324,0.06808103
49365,0.010983296
59375,0.006263379
68497,0.021454534
105841,0.012861302
50623,0.036631703
53206,0.019586788
30679,0.17132469
140261,0.017071454
83601,0.011882791
56510,0.17721017
51160,0.00839227
44857,0.0071840505
98597,0.059774976
136010,0.009229235
59748,0.0072695715
149179,0.018132763
128076,0.045149084
104743,0.006661099
80026,0.46996704
77354,0.21927351
88664,0.011095419
110014,0.022001492
144265,0.08786689
146039,0.008943663
42122,0.08375151
75970,0.09784267
14172,0.015572021
34496,0.24897553
7607,0.016185656
31861,0.012296077
5937,0.06695769
84347,0.013215476
122364,0.015899168
35371,0.05973924
72555,0.45002127
68942,0.35936382
108545,0.006222115
106050,0.012037844
96265,0.04284533
32541,0.01582889
73283,0.070391186
72407,0.011278068
18049,0.013571748
29402,0.008385983
83742,0.040610023
8486,0.02706686
87947,0.05591921
72413,0.008364713
92137,0.020692088
148606,0.10104704
143468,0.24994852
139438,0.064577766
29901,0.09093248
95195,0.01518412
109633,0.053296782
6371,0.23466381
40779,0.0144679975
90781,0.02304751
69571,0.013429506
134987,0.21008815
1510,0.01288904
123276,0.47493604
34208,0.2507374
119689,0.07060001
127638,0.038301025
7205,0.033800695
106031,0.09469483
115410,0.024038423
38267,0.3681141
129478,0.047248814
130720,0.23764804
39714,0.051391527
77847,0.252541
49439,0.0077623315
111693,0.0118999975
75882,0.027580434
109313,0.030878244
41749,0.08453502
122963,0.01624332
107724,0.14521793
77896,0.014312456
83296,0.3166855
41639,0.0074091274
47245,0.011257933
38158,0.006153071
101326,0.027119335
23122,0.3112451
83607,0.009651279
118915,0.012324829
127243,0.024417972
37342,0.47579244
120290,0.014012966
138138,0.006344832
121123,0.013687824
75525,0.055077747
131134,0.036270157
32449,0.042647414
57679,0.009721652
19707,0.19905591
137065,0.008363471
25144,0.26864493
134472,0.025216924
19055,0.020024644
83157,0.013657934
32076,0.009170342
93500,0.051547594
92921,0.01792933
111413,0.048242986
5279,0.010181065
122834,0.0068847653
145326,0.030061182
90549,0.11114241
126793,0.035477236
32934,0.006336294
73008,0.05950008
84222,0.019135468
124746,0.01031411
55295,0.0214899
25799,0.007054814
93874,0.01944647
83555,0.054725766
63406,0.03046087
65392,0.10503297
80509,0.010601084
110081,0.09686905
80967,0.017257877
10535,0.009637133
596,0.008411657
89423,0.025592823
42618,0.11022525
147057,0.048118617
42945,0.043405112
94657,0.18756437
11443,0.009115756
73486,0.0066853263
23954,0.008551928
61841,0.008565924
125161,0.14591393
43287,0.00811033
110846,0.0109283095
87888,0.051019855
148320,0.06423574
102876,0.011655811
146086,0.29395926
100074,0.046212487
78314,0.024035566
51268,0.03833795
11721,0.08824489
40065,0.019224133
9842,0.021218773
67260,0.02521635
98393,0.2669344
57134,0.025073836
97413,0.13875133
126611,0.012889167
72016,0.006016628
21174,0.097840436
138623,0.0076898267
16855,0.31398207
19657,0.010616324
73033,0.030062264
143823,0.36699742
28903,0.23713304
42753,0.011215281
78798,0.0732782
96622,0.006730741
26534,0.34978226
26241,0.016703835
139957,0.010827193
110316,0.0077875736
125870,0.037413616
67549,0.0064307773
118860,0.14342949
15027,0.038141146
18550,0.090901464
143059,0.2938931
5687,0.01976237
141785,0.3323596
91839,0.0419703
28125,0.006539621
36422,0.031563275
950,0.006357146
24183,0.26586118
72798,0.06939873
91654,0.0991726
89397,0.014805551
33345,0.013170073
27091,0.015842224
60764,0.008113377
40864,0.4959023
148465,0.057623323
6832,0.4867346
126344,0.00705051
136809,0.33336315
112251,0.015997028
27482,0.018456787
98569,0.4136314
22400,0.046762533
24517,0.06018128
100622,0.0155564295
143057,0.016723739
128730,0.19431052
130640,0.012087539
121724,0.24144702
43125,0.029760653
136669,0.0074840193
70174,0.022565547
91134,0.6923711
118961,0.32822144
79363,0.036968615
68847,0.20170447
28745,0.03867362
28489,0.2510838
31646,0.011726731
43926,0.09336472
63617,0.03037801
51299,0.01966685
137811,0.3544833
75495,0.018603384
98880,0.018246507
1259,0.0060574473
25205,0.0076667275
108106,0.14088033
5378,0.027992563
53355,0.009202485
24243,0.009800022
96236,0.41186526
32875,0.027654372
146847,0.015575917
36912,0.0131453425
119032,0.014847689
41506,0.037844103
6920,0.10750581
126821,0.015929196
123262,0.018821344
129263,0.033887338
140203,0.010909416
117213,0.011190033
110824,0.0119859185
32885,0.007345729
303,0.011708619
56043,0.103525564
26596,0.012036722
100997,0.013885628
138443,0.32194358
42148,0.008778461
52319,0.108421445
10458,0.010280948
37477,0.08273841
141072,0.44987863
69260,0.011297487
17234,0.011405526
121120,0.28176555
9713,0.040687073
11928,0.007274177
100147,0.018560518
40016,0.042553693
116150,0.01622499
30075,0.096257724
16152,0.012614379
108136,0.14793922
70658,0.015911512
81147,0.0064655477
137714,0.016808374
36698,0.032013685
102017,0.021608159
115162,0.051214185
26543,0.021011619
78345,0.05826178
135605,0.02944116
77878,0.006646632
16620,0.036233924
144341,0.18098225
63283,0.020402296
35310,0.0152731445
16166,0.005984901
42481,0.0062655513
116105,0.014383613
14095,0.070200615
146326,0.037859507
58348,0.00900685
54662,0.017544815
38989,0.010231364
34088,0.09869547
84235,0.6316529
35634,0.010951181
113709,0.04665373
55299,0.016444273
62081,0.051543407
146191,0.05435305
59567,0.03522172
104729,0.0074579283
73690,0.021305082
141515,0.017007545
68244,0.04878268
147334,0.08629785
112444,0.033465333
118233,0.08791197
17898,0.008540438
40527,0.0066588307
92138,0.021433221
113941,0.5053165
20092,0.018783499
70005,0.024310365
68822,0.007513148
75470,0.03907481
53937,0.009336429
42709,0.0127647575
118128,0.017485391
140441,0.037795484
12829,0.02173932
108761,0.02003317
48281,0.016078748
123891,0.028114436
144948,0.023082623
35559,0.104611844
23065,0.007491493
30083,0.052095722
660,0.017999733
14923,0.092077255
119404,0.049790207
104988,0.012427443
148595,0.016896907
35983,0.0119034685
6362,0.05360171
116195,0.5225167
75831,0.012384852
128282,0.0880495
149291,0.009537821
133351,0.012074347
11531,0.02529072
55140,0.008500316
78069,0.023469448
72771,0.021381814
119356,0.08083995
14913,0.022780849
102386,0.012383843
133553,0.012687962
81746,0.034670517
21028,0.013998789
41339,0.006082283
137268,0.07710339
93906,0.00779544
122494,0.03878555
111361,0.114743665
86503,0.19984585
51122,0.19897257
98685,0.015438391
14410,0.03904418
49178,0.0579043
67117,0.011096371
67525,0.014699282
126264,0.010277988
28686,0.00833676
114783,0.086886674
56135,0.018726118
74577,0.07426749
93126,0.33597213
113021,0.030342082
9773,0.107310556
32584,0.52111983
9460,0.53592277
67841,0.37702706
6991,0.041021664
19624,0.023891678
70673,0.14741811
116962,0.04931104
120129,0.00832945
108022,0.02161326
120327,0.011435182
102494,0.013875322
82281,0.13680048
117999,0.050368924
77507,0.015251264
55228,0.008497741
30954,0.010912611
122081,0.016886115
60740,0.037741408
23570,0.17351587
141001,0.0076539502
119424,0.04726863
102770,0.036263674
143055,0.54960614
125100,0.66597563
40080,0.2914616
124012,0.30509627
4101,0.008116064
77182,0.06515904
9242,0.033991773
72280,0.01263288
116548,0.060437195
148788,0.014467991
67391,0.023426794
26478,0.01323793
121203,0.009837373
138534,0.058175854
145732,0.20144725
60042,0.008061408
98504,0.012420872
79513,0.010094441
66994,0.011872415
43490,0.5407302
89526,0.006364023
19234,0.012385662
38924,0.029028788
47257,0.014141075
50677,0.08528856
81042,0.0077977497
121791,0.6390065
8815,0.22358494
103444,0.090439335
32093,0.010833742
62176,0.05071403
16896,0.06270529
5925,0.010151856
29019,0.0075184046
35423,0.13414222
74528,0.09431844
34606,0.007023169
103803,0.11454585
119626,0.21075062
47929,0.24621329
145808,0.0717911
115562,0.10346193
64806,0.018259462
60043,0.01585404
82830,0.010312835
51399,0.009979504
60977,0.0052887388
93828,0.032283623
81211,0.045628898
12813,0.05662664
91467,0.045558255
86587,0.011439311
127481,0.025672963
11011,0.038258348
25604,0.010405471
79199,0.10231189
52621,0.01792699
38057,0.53879946
139713,0.115860626
125132,0.012876299
148735,0.03612551
45353,0.012803952
32201,0.019665454
133976,0.03821826
86531,0.041685347
9174,0.41570675
124232,0.60038877
129226,0.09568047
36309,0.008287201
86593,0.0075068497
4667,0.007956539
123260,0.088525265
63829,0.040161297
58870,0.018389085
120664,0.014068679
88491,0.007913556
33522,0.20932858
5135,0.027198637
127282,0.012899443
58465,0.0065742354
35455,0.015838359
96226,0.18019602
50416,0.011327913
136051,0.052881267
101049,0.029082676
37833,0.14643243
79185,0.062265437
48086,0.47836244
93461,0.546712
3002,0.009367534
70677,0.06736986
128537,0.011328891
134725,0.011845433
86023,0.013091451
116805,0.06066511
132583,0.0307085
105711,0.010745797
61048,0.029771322
135353,0.072666265
49194,0.4329301
107793,0.0071051964
5314,0.011014994
93503,0.00867166
17605,0.011720942
13307,0.1049996
88848,0.050108526
30460,0.030808194
32705,0.034398112
5548,0.053292565
38711,0.43455637
111655,0.015406726
125260,0.027485944
58438,0.03519546
10818,0.024493208
29388,0.07948652
98236,0.43346757
52008,0.054596778
97920,0.011104782
82373,0.008764349
45612,0.018505104
18627,0.006808428
129638,0.013828197
59892,0.34287006
71296,0.03365629
139435,0.049822696
113059,0.06722048
142176,0.018241433
141860,0.065087765
2512,0.03064487
10121,0.56377935
102208,0.0071167266
75920,0.55036694
93971,0.015619004
84170,0.011464554
144483,0.013038592
140844,0.017425535
48546,0.010882061
128115,0.0060412055
130118,0.020265548
124042,0.4113192
110757,0.013136951
91495,0.033773497
110719,0.015888346
110162,0.018950153
26193,0.02716472
77844,0.03641728
129718,0.008481164
75958,0.089069135
16869,0.053535867
137856,0.01826855
76674,0.0106492555
55124,0.09931724
109656,0.012368368
13823,0.014469697
2050,0.008670836
26407,0.020907655
78178,0.38147688
38644,0.018972525
66252,0.05585772
93214,0.03388815
75195,0.16970557
132014,0.019908458
113221,0.007996871
87325,0.023420392
117872,0.27264845
140979,0.046452463
89541,0.009420418
17131,0.52408123
3391,0.010101362
89399,0.008360663
32814,0.23145087
133448,0.3006104
18111,0.035766434
95966,0.014286936
135762,0.018923672
68191,0.011420422
64210,0.5799497
116243,0.59801334
99528,0.020341877
50258,0.0069916416
132225,0.45998436
119520,0.012556651
133777,0.043262783
92,0.00898931
42297,0.017965091
119795,0.10508794
70342,0.008060092
50576,0.02963361
70067,0.47871304
25185,0.017909048
99396,0.007888412
89120,0.021035299
135478,0.0097269
15316,0.029535566
14804,0.012405434
5573,0.010798902
81615,0.0059893164
141977,0.014937785
105453,0.014389239
111644,0.11860399
13284,0.007520878
37661,0.005599998
127355,0.15517649
41353,0.02310734
92215,0.56172574
119785,0.008288791
85025,0.0061809896
60851,0.013459529
132273,0.074611016
98035,0.11126813
105464,0.40264294
31839,0.08888946
10910,0.021240044
20476,0.028821476
22747,0.017850026
70911,0.024415946
74736,0.02337807
65026,0.00739894
110188,0.008870391
20677,0.0073917825
6178,0.023461685
36659,0.010979235
48910,0.04694712
91039,0.018320197
122344,0.018868301
118615,0.06989082
21157,0.0062471917
19718,0.009182104
99722,0.008062926
115370,0.006212151
10269,0.09112965
11535,0.12040065
143349,0.16868883
43503,0.007832227
117416,0.012212469
134104,0.009135811
108743,0.016650598
91498,0.020405686
50981,0.5012589
78944,0.42775202
1095,0.0082058115
63152,0.012536246
133711,0.8047321
6899,0.009694943
117041,0.07075857
145308,0.2345752
93561,0.009516605
67044,0.12737536
46202,0.6945555
99792,0.11803823
97530,0.6742291
124748,0.038587786
38264,0.19315217
115453,0.10102072
71546,0.0110051595
22659,0.008918736
74232,0.025147324
73566,0.024113337
115075,0.038505338
33980,0.30942428
141429,0.035542373
74546,0.006864333
70467,0.012761764
105048,0.024456095
16542,0.014114402
67502,0.09302543
23549,0.148645
22494,0.15854469
28583,0.012432008
86037,0.012842064
40803,0.5866477
95510,0.016810637
37867,0.040873047
70114,0.38224116
13687,0.013401705
79037,0.0090553025
75072,0.042864237
82966,0.009398608
55408,0.035518195
85349,0.038516477
110641,0.07228272
90719,0.011881739
83945,0.032290723
149031,0.0071479646
23128,0.009741099
94866,0.00815206
19202,0.013093268
15801,0.011805125
138885,0.0096351905
30039,0.43862048
6843,0.5420874
17232,0.16706109
98207,0.008860398
40129,0.61733925
106651,0.022788068
39564,0.020779772
30450,0.009523821
34299,0.016477538
69718,0.016626412
57537,0.046326227
47548,0.26683465
130822,0.20643145
135792,0.015408246
142628,0.0068160286
132728,0.011410757
143276,0.053775433
43591,0.10558542
113298,0.016516592
31631,0.08398273
6505,0.012998583
37453,0.014027968
17704,0.31519517
29100,0.017835913
100105,0.008626078
28121,0.0061674924
110853,0.07260594
136619,0.022752825
62377,0.2856077
44095,0.01870831
25855,0.012936062
90750,0.05386484
120619,0.012261332
119152,0.008222442
23141,0.032830663
137748,0.015978746
62311,0.07913206
130491,0.03393991
75503,0.010713885
93902,0.12970376
78490,0.0088987965
35148,0.035207897
6510,0.01999398
106271,0.012964619
147665,0.17797308
7825,0.011642668
92743,0.06698784
77565,0.014145104
5999,0.08015101
148838,0.00661293
36928,0.009618787
12083,0.012794843
26820,0.09696168
4008,0.6153598
143833,0.059320394
137151,0.07875263
109731,0.010921338
136737,0.011371723
5017,0.0061291186
96979,0.013463011
127607,0.028589705
140808,0.067847736
130386,0.028786961
103080,0.013267457
146636,0.010027818
34024,0.123817995
23407,0.009668979
5662,0.13294531
116445,0.061634086
58333,0.010606957
83288,0.009636373
12573,0.016127294
114277,0.015759874
12631,0.014698503
147922,0.30325043
99923,0.014295151
124209,0.080327414
140976,0.011299314
25371,0.0506147
80260,0.05457746
77987,0.06012284
107128,0.014828263
61760,0.008237824
81566,0.032838613
12060,0.01076373
95357,0.02831402
85009,0.039799314
122852,0.010831035
64167,0.027600573
80761,0.010008717
17500,0.17495579
101207,0.010126109
83213,0.02063181
111141,0.29594657
2373,0.014794203
47635,0.01362154
2877,0.013785112
116323,0.011018355
145420,0.05951053
32546,0.07685938
75749,0.017034695
107911,0.04704902
10836,0.013891557
44515,0.01123837
47736,0.19346319
96206,0.025797682
92956,0.012377523
23568,0.016808374
138639,0.014665819
60602,0.012645145
73890,0.028809851
122320,0.013103871
84413,0.017691279
9238,0.01100174
3443,0.01117469
92476,0.060056258
73466,0.006809937
35850,0.5511927
119266,0.03658996
123919,0.007560632
89869,0.04412805
84958,0.009834224
108005,0.010901582
10022,0.2818393
87093,0.012845426
52549,0.011569404
41356,0.011671429
23682,0.02733568
25022,0.0646198
79974,0.012763789
87347,0.014441221
80420,0.043413445
51309,0.017149473
122249,0.0064141573
65768,0.016495267
107739,0.031357102
93905,0.010173009
115624,0.016042698
87866,0.015630055
109827,0.033855412
125889,0.016168263
119205,0.08265073
97389,0.15959103
65942,0.07588006
71639,0.016412621
58259,0.014731922
28492,0.009495166
47694,0.014615807
97938,0.015303911
18975,0.011847945
40366,0.009610591
131539,0.037863016
89952,0.041809008
79006,0.0934378
62162,0.0062859724
108999,0.009416035
119966,0.14790714
83175,0.0732529
22878,0.009588917
147908,0.015582506
123478,0.02109798
23874,0.011927215
133799,0.022596741
57740,0.012255305
95455,0.011287925
49001,0.04880758
41311,0.0442372
10472,0.10019087
116346,0.011644913
53964,0.018021483
18911,0.07172574
3269,0.254894
141462,0.018857077
103254,0.007118789
127271,0.09931888
114403,0.019093059
90808,0.010931238
25561,0.02252663
19679,0.05079746
119181,0.09190539
99005,0.012400463
148685,0.46120188
68820,0.15907647
135594,0.016369516
21713,0.015198031
1408,0.026752716
104298,0.03791337
87320,0.06952585
90752,0.023412043
90189,0.07158814
96248,0.46386382
1732,0.038038902
90883,0.010542672
44867,0.012348946
18506,0.031836692
130531,0.014735597
142931,0.030433927
1740,0.1691882
17618,0.10628316
89864,0.06510721
82896,0.009701877
61972,0.6239042
82994,0.047959518
91099,0.02258018
25505,0.014392113
16275,0.043508768
117319,0.010896919
134281,0.0125396
42014,0.025343293
34242,0.5482557
106136,0.014356296
16679,0.006619477
137726,0.0067957835
77950,0.046782453
132042,0.015253212
69698,0.012383196
143595,0.08619227
19372,0.010865142
72249,0.104096584
139272,0.021369297
35749,0.014823359
90793,0.08953048
29346,0.18763007
125185,0.023248969
93728,0.030508801
98609,0.012870174
94778,0.010979578
143400,0.015388726
994,0.03391404
87534,0.27973482
53198,0.0066220583
49099,0.018509198
103439,0.008751135
68881,0.0062860767
92705,0.020533135
61951,0.010144906
48112,0.03678111
140892,0.008336909
92025,0.009687489
18362,0.02236781
90783,0.046370994
17619,0.10475224
90477,0.007843114
68163,0.014655975
92398,0.041901857
69289,0.020248834
43507,0.021038191
7765,0.011568674
84095,0.06090141
36911,0.095492534
82067,0.03259564
33948,0.059781868
112770,0.090406336
127182,0.019876495
29755,0.09078194
84286,0.31213233
102175,0.09863345
110957,0.113112725
36030,0.00851633
118543,0.015763745
61873,0.013095068
8780,0.005913196
84403,0.2072215
21475,0.012160917
131016,0.011152414
47113,0.01334962
111351,0.32334659
70922,0.032316137
77338,0.015545252
134724,0.016531836
75416,0.019513747
129636,0.013793548
104933,0.014950378
52935,0.012365556
104527,0.016048985
27376,0.03626259
121752,0.011375064
68029,0.034569114
53233,0.11231026
101625,0.012802314
118584,0.011173473
48942,0.10794499
100242,0.012108209
145004,0.011633393
22806,0.035760466
86357,0.07869852
131858,0.13588345
128088,0.029231552
99735,0.01450694
67283,0.12812209
71600,0.055692993
137312,0.043738723
72548,0.5707413
33530,0.02530055
121838,0.011067264
52075,0.00967361
67266,0.0110976845
72678,0.0184467
54480,0.0065298947
129432,0.009145601
76372,0.27207077
21354,0.0108438805
139846,0.011978845
80818,0.20481849
98940,0.0628768
83976,0.007859599
137182,0.05649889
34017,0.0064316425
67057,0.012753206
112582,0.017065797
104300,0.010642094
77679,0.04737121
119889,0.039775304
107326,0.010336276
27061,0.011375128
133405,0.014376807
25570,0.53673166
95873,0.012577557
140764,0.05171802
115139,0.021764085
30293,0.016427591
33595,0.124026604
112968,0.010549344
11821,0.013467331
112788,0.076655515
95434,0.07010052
59903,0.049224634
77470,0.045241073
45501,0.011679637
63371,0.015605981
74727,0.07489783
43792,0.012161202
51998,0.06958109
84332,0.008504285
535,0.013369431
25107,0.030234281
20134,0.01490252
9045,0.00945518
53451,0.008023367
90850,0.0122634405
23034,0.09345921
26102,0.09019982
137117,0.013753183
102765,0.5362147
138084,0.01175598
105857,0.0112396
141829,0.018018449
144664,0.028034078
75778,0.014741636
81624,0.060804244
123187,0.6592452
105240,0.008766176
148110,0.043227807
38818,0.0071742963
91849,0.01677657
148369,0.042105637
133231,0.027562933
69135,0.029824413
108884,0.06876365
42555,0.010889455
148756,0.017033458
34580,0.026988884
6094,0.07929042
120902,0.011235695
60810,0.17749429
93129,0.0074687656
145974,0.014822205
132580,0.016420528
9375,0.19038753
76348,0.010226386
132497,0.017012313
82277,0.008597219
68893,0.092473365
60769,0.013360088
78815,0.14925793
104077,0.033607963
5332,0.27898207
29281,0.028209593
32450,0.01200338
75689,0.018340863
113723,0.01094307
16949,0.01646128
120715,0.014846091
32059,0.32893834
18266,0.0094139585
148761,0.14597444
80305,0.010836154
79416,0.0076555363
67129,0.0078794835
94437,0.047049906
107467,0.037947614
85568,0.71087974
100578,0.022140568
125582,0.011444478
129867,0.1670699
51387,0.019511433
147450,0.038719438
74028,0.015014367
42365,0.013101318
34278,0.013475697
111389,0.014560901
4688,0.07645341
145282,0.02647112
84055,0.032954857
149395,0.013279328
80240,0.008862195
114885,0.006192066
39860,0.020525206
58197,0.041507844
134998,0.10195499
87271,0.0069436706
88610,0.012048886
123999,0.14499663
21275,0.00820627
71077,0.024275532
22767,0.057863828
133257,0.021037837
149939,0.08084118
99976,0.042753294
88542,0.010193647
93326,0.066337235
119566,0.016784718
138600,0.035049897
101929,0.081324905
34255,0.017372798
16045,0.015051322
35856,0.042959657
114989,0.018083839
2383,0.015032861
123617,0.010391433
126347,0.07156722
66503,0.029379526
112644,0.0068782023
90504,0.020419272
14368,0.23890576
76086,0.045807756
62694,0.07158605
61013,0.012875524
103039,0.01219596
84898,0.012475341
1357,0.019660972
80007,0.015999265
38800,0.063617565
1663,0.16826618
104386,0.007126424
57944,0.010525823
73546,0.006427862
59690,0.01864249
8732,0.0068244585
146380,0.009514942
67314,0.076580435
23580,0.030466096
83402,0.018588113
61273,0.06934107
59508,0.08150385
105892,0.015865078
57320,0.01505386
120750,0.09389713
103615,0.0917156
122621,0.28434622
29144,0.29867685
50452,0.05871423
108447,0.008655202
149458,0.041541923
51200,0.008147023
81574,0.030943586
16956,0.034402214
22408,0.0058482857
277,0.0067098388
89097,0.012169362
30529,0.28821936
71469,0.010978118
22324,0.093047
105559,0.01767584
61097,0.0076521537
122496,0.013797278
46761,0.08088825
34636,0.006268759
131060,0.11864516
70768,0.029940395
119022,0.019887544
118936,0.02052938
149019,0.016024455
97591,0.010676847
135494,0.11558576
1221,0.01752236
127405,0.014439029
99515,0.008659241
49724,0.014733015
54454,0.010744287
39458,0.07927566
115753,0.014833189
32346,0.4562525
20112,0.00827654
27327,0.10845883
123981,0.08681813
126707,0.15225519
74271,0.096130885
28422,0.45687258
40305,0.02735103
55968,0.021668592
63377,0.08507427
66494,0.011245876
108261,0.009104232
111294,0.038925894
78139,0.0076920576
71431,0.016532015
73079,0.009931692
15392,0.022897195
27597,0.0065289885
142855,0.007878656
65853,0.035779454
7890,0.27191165
94352,0.061904475
138811,0.029566845
48957,0.033911105
70547,0.04535506
16186,0.4764664
121603,0.012423235
39491,0.007818248
125770,0.016433
124147,0.051588196
68418,0.009112819
39362,0.05739481
113417,0.063508
45609,0.062388886
97318,0.03986184
120735,0.06562115
22617,0.020462517
121471,0.019243773
101290,0.014629686
137574,0.018538134
26460,0.13938105
26410,0.012703814
29055,0.07992533
106248,0.01867311
81204,0.028557932
49174,0.46652976
145425,0.018608281
87819,0.011889283
13173,0.0098823
93272,0.0067725317
21342,0.017248249
94026,0.012469397
108886,0.07034488
95648,0.3328275
125324,0.015021915
80531,0.35912126
89112,0.020261662
126187,0.01417098
32488,0.1974052
60184,0.16341351
83858,0.018313043
29039,0.15321144
143512,0.016548807
12048,0.14264102
105584,0.024906902
40936,0.033416215
23012,0.009221888
101593,0.013350291
93386,0.05270814
89147,0.022560893
72976,0.01786487
44833,0.13176389
25948,0.008292759
63969,0.011062807
106968,0.01943155
5892,0.009406105
77869,0.008704293
70241,0.058050606
114307,0.01919217
129040,0.017629873
10788,0.24420458
135985,0.0063298666
17906,0.013568275
50127,0.010482269
73169,0.07079344
74489,0.015810257
46308,0.049559433
40831,0.110392295
140883,0.0073057236
111184,0.100000314
74314,0.057227302
141774,0.007603091
12290,0.020336894
149635,0.018245596
87114,0.012552193
130818,0.045029167
44466,0.006520287
19581,0.1145212
14983,0.017493797
20488,0.008889061
130800,0.04228601
101012,0.17188361
74629,0.08735795
10427,0.017072389
110109,0.008467558
132957,0.008890582
107826,0.06797601
36265,0.087004796
58681,0.40008688
44426,0.012419649
25598,0.055690404
47829,0.025561705
85511,0.025118379
57885,0.01222254
90909,0.32584515
74974,0.018691888
119670,0.038116258
92867,0.008104069
115815,0.17393455
45766,0.07678745
20407,0.19306985
139782,0.007988494
122600,0.057441067
131779,0.077339515
582,0.41248628
121582,0.19322942
127113,0.033066962
5081,0.011328559
34752,0.009816382
128825,0.023127686
134941,0.24553853
56654,0.0070554186
132449,0.0069105434
114154,0.086501084
118065,0.008298349
91135,0.63922983
36284,0.007670545
2392,0.016769372
83252,0.040164728
126075,0.033530705
48022,0.103920415
75047,0.010834095
82664,0.017046267
102789,0.12638637
118025,0.17080154
73941,0.048239104
99541,0.04191708
140488,0.009238785
128003,0.017764185
102314,0.0069251964
79280,0.07443875
107888,0.013270921
17928,0.059884258
7142,0.010967586
8540,0.010994572
17460,0.020251194
141097,0.014616563
88219,0.009595068
143275,0.73421544
136500,0.09809702
56818,0.0103133265
64243,0.029731786
119659,0.076141365
115826,0.016326215
134656,0.040338203
45678,0.0695701
96913,0.04979051
116049,0.01908576
51713,0.0992518
9341,0.03812418
22522,0.098073274
31874,0.009065428
14866,0.024018671
7415,0.0059861694
114973,0.0065243966
144794,0.070279375
110306,0.02221235
132776,0.023978898
62947,0.0106797675
139301,0.013356889
105305,0.032150302
40655,0.26279327
116972,0.007715463
87702,0.017852442
32721,0.07670572
2276,0.17109261
22761,0.008449405
69294,0.038084168
81717,0.009186586
51703,0.079504564
29501,0.037087567
81739,0.011041002
59879,0.13134387
19026,0.22084853
53847,0.012666292
44188,0.26171166
75184,0.051137082
141161,0.04593596
69189,0.0067203306
141257,0.010854171
146944,0.010893153
63658,0.02106439
34181,0.03200467
81563,0.010058548
111546,0.010431959
3822,0.06425638
107083,0.10781858
141114,0.0070974194
72336,0.024660984
26331,0.02948237
37145,0.4369266
102689,0.010074757
55366,0.01139352
128669,0.055852953
2257,0.010443016
32733,0.055793516
93940,0.016115526
121059,0.313812
148641,0.07327343
27970,0.009104444
57103,0.05486658
69644,0.021292215
124905,0.0113983285
31964,0.01354709
11886,0.007878425
122043,0.012883217
109140,0.014003416
45620,0.01537115
5169,0.015530767
99303,0.04651376
141776,0.008913729
270,0.0070597464
58211,0.008800247
105209,0.013154135
77342,0.44764435
69465,0.08300981
98828,0.008451555
14471,0.00897002
130549,0.015197147
123432,0.03336622
122363,0.05668851
135333,0.08827106
32538,0.025603805
21793,0.034865715
130662,0.062386435
125053,0.019997334
29409,0.017565317
16285,0.14835328
28431,0.0072999718
60671,0.05310262
64658,0.05884351
76831,0.06879366
21031,0.009754612
84478,0.25495642
47815,0.0074091274
15872,0.0057034055
72297,0.015175959
66827,0.21525253
11992,0.012057613
38153,0.012538218
113932,0.015597734
26496,0.0091399895
76666,0.2834045
34001,0.01907989
80856,0.031469718
39202,0.042651873
84679,0.008267585
62933,0.028295916
23475,0.09096613
84008,0.021398928
86457,0.017313963
16291,0.13869488
22596,0.009946913
45300,0.010456073
47124,0.007588142
21358,0.022467555
2908,0.03904017
5903,0.065477125
30021,0.013263286
3273,0.04946882
58848,0.027439712
100654,0.00920816
62506,0.026879536
119065,0.06058928
126210,0.027151782
77691,0.3419097
147855,0.03941201
123686,0.046306565
31703,0.013516098
7753,0.012915615
23125,0.017784521
148382,0.057845633
129590,0.08255837
92935,0.013925146
99144,0.014235047
2476,0.011987635
9110,0.071766
21473,0.03369885
115995,0.014161411
20918,0.019469261
62743,0.023133667
121757,0.011614597
19913,0.021508036
23440,0.048288114
121494,0.1041848
41325,0.46507213
81582,0.011936306
10028,0.011076934
115634,0.040607348
132910,0.057270475
37096,0.43718874
10286,0.008560904
47822,0.21175057
109743,0.013986551
61181,0.015222923
50194,0.017231816
20963,0.031026337
112597,0.006321178
93142,0.05714343
104105,0.08304339
81785,0.11918372
49428,0.10498894
57625,0.0056880047
10627,0.012400492
83661,0.0120084025
112353,0.0847642
48068,0.016701195
42153,0.011012423
66060,0.046036616
106742,0.007976294
682,0.006188029
105690,0.22474556
71256,0.0076002926
83632,0.019940542
86459,0.21942465
4594,0.01213273
136163,0.17908207
40626,0.57949895
55959,0.14235468
46486,0.019498816
29071,0.12856372
63067,0.052249555
146733,0.04420836
61188,0.058835477
63577,0.014837077
16126,0.012471093
114813,0.10172191
57432,0.009948181
70721,0.051746197
87092,0.011955735
9412,0.00865251
65764,0.0055577755
139309,0.14446743
86021,0.067707
71942,0.013462549
116289,0.014592511
144240,0.14338976
25122,0.09780692
84829,0.4171033
116421,0.0087419
13821,0.009950102
125997,0.06384367
33653,0.018149963
93799,0.017589873
112771,0.08454057
95099,0.113668896
20549,0.0283617
131470,0.07922502
114068,0.0066191694
76150,0.035007115
72179,0.0106192585
108490,0.007192078
15951,0.0070554186
69551,0.030543352
33209,0.0076854187
70758,0.031285375
88026,0.011323994
4031,0.010279764
69623,0.010042209
1200,0.007076626
109114,0.15339546
36378,0.48522812
74150,0.023293497
51689,0.015529477
98444,0.013756992
94543,0.062027257
58354,0.014008413
122712,0.023217198
72204,0.011276292
137608,0.36904413
47194,0.11971554
37385,0.27373272
143141,0.02187544
39435,0.10404461
25613,0.062055316
8054,0.034590516
124571,0.027358351
128787,0.01066391
41541,0.013237121
22513,0.039497737
32992,0.06830304
64294,0.008701566
49103,0.018384445
142929,0.0132901035
148920,0.009194702
146414,0.53342545
62759,0.5745891
87812,0.14487286
79836,0.10092235
107429,0.017486693
61560,0.036118828
61577,0.06499353
80501,0.009980602
94668,0.016823675
143131,0.13569267
83602,0.02244198
95858,0.017414395
40813,0.31204736
9540,0.1345632
57197,0.48587924
141343,0.024889661
97252,0.046852324
121232,0.0076785698
131868,0.075913005
91657,0.01841527
11388,0.026005745
65074,0.1851145
8809,0.018997248
2569,0.035685614
20332,0.6498746
17628,0.012606607
74377,0.035017774
68500,0.40581003
78817,0.017914912
50527,0.12822947
55766,0.01058203
130895,0.15671107
123599,0.015750004
105644,0.018210359
122935,0.1076584
35884,0.009186821
56029,0.009917101
71689,0.034708958
82868,0.030154865
23272,0.19609952
147218,0.008136168
111831,0.014843742
17255,0.037672423
123923,0.015657725
1440,0.015125009
98709,0.014243574
3456,0.00973114
109358,0.016223468
13373,0.5538206
104934,0.012823725
149497,0.023333995
91340,0.011446243
96562,0.2264921
122228,0.045045942
25293,0.020422347
97451,0.017115204
42980,0.01018202
40298,0.019900147
85395,0.009010741
32421,0.019959467
28266,0.015640441
51468,0.011680073
137510,0.035461735
75026,0.020104729
18124,0.015183665
39429,0.019552877
54927,0.018722363
144069,0.09305575
52895,0.1377409
32691,0.028230064
66832,0.0152506335
135611,0.015913812
131243,0.06646609
86163,0.014845367
118139,0.038856167
68953,0.03639989
139644,0.012945528
99457,0.010353753
87327,0.70298445
81486,0.012314501
781,0.24237578
12072,0.6963348
82498,0.012320632
65220,0.04752758
60726,0.031221706
17773,0.012457676
30458,0.012836292
40010,0.011649238
27282,0.09671698
94932,0.63931715
43296,0.09307724
48848,0.006689083
146302,0.0897356
9759,0.0073111653
84962,0.008440042
132293,0.026975675
125802,0.056743994
86239,0.06505752
53795,0.010592559
52112,0.020195568
64432,0.04386651
62109,0.017530618
90241,0.010561416
133653,0.006012489
148490,0.05842935
884,0.010457267
41268,0.010218045
98784,0.007665066
142073,0.17100343
73195,0.11244317
60709,0.10474482
76146,0.06916482
109243,0.07731674
63666,0.022861201
25796,0.047721773
105812,0.022065522
112260,0.0131125
18274,0.12289082
141699,0.03085444
15032,0.101566575
121319,0.39331618
83872,0.6544716
21964,0.034569766
31825,0.0085002845
88559,0.007106609
122817,0.0069711134
125467,0.1787012
80605,0.018108435
114071,0.020371918
140685,0.025051262
47767,0.053890318
82187,0.367802
25000,0.0850987
136645,0.0343108
141092,0.027162893
122354,0.16876107
130886,0.04030875
125392,0.052706845
145680,0.027160203
123271,0.057340026
15329,0.033982147
83674,0.092448495
25471,0.01130161
118519,0.1445488
9169,0.06262604
84282,0.018463526
23173,0.03453287
98428,0.5207664
116276,0.0469359
109426,0.049957845
13335,0.05634832
77416,0.01867565
49628,0.012650742
126845,0.03362504
16870,0.152571
69158,0.011559239
105034,0.015548091
686,0.040739626
89981,0.058182083
30435,0.092687376
24938,0.007110436
23947,0.028027916
142981,0.033067886
45665,0.1082057
142223,0.050666496
105269,0.035275232
35655,0.009463418
122127,0.016564164
128437,0.33331525
81402,0.015205655
44749,0.012072624
74352,0.12679489
10781,0.25790688
34338,0.013467978
53226,0.35062447
3055,0.0774631
30142,0.072781496
81819,0.014050706
57887,0.08167271
142027,0.3052998
67510,0.12245143
69338,0.6402077
16164,0.010143727
78389,0.010911268
102086,0.022319896
98160,0.032635145
73145,0.06291376
5969,0.010586903
113927,0.012791482
121175,0.13636751
138291,0.08737114
125704,0.061882854
127832,0.015362168
30179,0.010165477
44642,0.010062239
73328,0.06265215
63595,0.033893347
143321,0.015565903
76793,0.088698916
134275,0.0339193
87374,0.12299717
136565,0.017461684
99526,0.005993164
37977,0.011615589
2134,0.22417465
125010,0.021095976
19192,0.01646602
5895,0.20479456
140470,0.038635045
28643,0.014034863
20828,0.015282978
38212,0.013179842
96146,0.10466009
79066,0.012700692
85870,0.0444263
113109,0.23942928
110125,0.009674464
143750,0.047655843
89748,0.017648455
31880,0.0060846754
85845,0.11852165
14578,0.019453501
5702,0.37457284
126772,0.020071877
18276,0.01609027
19000,0.085782714
46031,0.064759396
47024,0.019252492
59628,0.08767457
110289,0.018167846
104630,0.014487544
39637,0.027025051
148346,0.011039226
126653,0.010597273
20722,0.0065858397
48305,0.015149249
36077,0.01386501
50850,0.079749234
22444,0.07634129
137620,0.12117331
141211,0.045375854
9465,0.06367225
124045,0.0112568885
2499,0.007068964
37570,0.08278561
66175,0.2430224
79093,0.15523513
13202,0.5093474
131975,0.05097527
74495,0.14383188
77060,0.028788539
63266,0.152817
84455,0.007630986
62454,0.008813429
127998,0.315842
61383,0.0474573
79864,0.01088454
22693,0.011765489
19759,0.06453824
143674,0.07324912
107917,0.106686614
30787,0.0127000455
38937,0.06276595
119969,0.06084345
136029,0.0837326
65166,0.007253127
3341,0.100399606
113087,0.011747789
147838,0.008507505
2898,0.011779452
26062,0.3682792
18668,0.018835345
129508,0.026095886
30790,0.05946492
58892,0.04373855
36055,0.14997146
135886,0.012844356
62155,0.075713515
9163,0.10145242
143455,0.08539924
144049,0.118706495
63884,0.027779303
20903,0.016239129
62621,0.113173865
50497,0.62640303
57138,0.09101939
135825,0.00910684
46650,0.07034247
57905,0.04165275
77030,0.09907935
46372,0.03231551
113299,0.007401427
102113,0.026286565
73904,0.015482331
24268,0.014893457
25674,0.009929563
108807,0.5157791
42770,0.00973604
1813,0.0088815745
72257,0.011085973
44197,0.038510192
33858,0.014147504
138879,0.07169489
130454,0.020404788
38604,0.0061214636
9670,0.006355676
142557,0.038473267
134536,0.007009857
22107,0.2908285
129682,0.017044198
46985,0.08078197
24162,0.09914766
58897,0.040089358
100731,0.007502893
99356,0.011541654
784,0.013480617
83125,0.66842055
99062,0.014352907
14173,0.040157244
42920,0.6004798
66481,0.03643518
31197,0.058346417
20951,0.03635065
102294,0.31022722
125488,0.016063916
40416,0.1009978
74323,0.01181154
84481,0.01547765
134400,0.5112821
78198,0.0071913702
81346,0.0072120414
85164,0.020649904
31097,0.0074741575
53212,0.030253824
61809,0.032635335
75054,0.058323525
11183,0.05347744
127422,0.012693913
87808,0.013498296
147102,0.008237301
138133,0.01385313
102812,0.013716409
33467,0.04386141
136202,0.06998346
42636,0.0386386
19789,0.012393247
36685,0.006149106
48983,0.05393327
133493,0.02429789
105384,0.0077222413
102025,0.040430848
47488,0.34689826
77161,0.0168709
6566,0.1334956
104112,0.010214447
33011,0.0071146684
77876,0.09322231
54520,0.30585638
124444,0.057300787
98846,0.012359576
114544,0.009814163
75998,0.02238437
22373,0.040122863
62995,0.073894046
29667,0.012214155
85492,0.028113946
87983,0.00973036
96150,0.011291657
79115,0.016808689
16503,0.0079417685
115421,0.051622666
15671,0.015913581
68926,0.06404885
147139,0.04405629
31669,0.09970521
86634,0.019892996
51106,0.0123722665
128887,0.013921185
46639,0.013115129
10357,0.08106553
37572,0.01905011
71379,0.006662314
69923,0.06261189
32399,0.015752858
30264,0.009129833
97238,0.0116194375
127643,0.03396043
44651,0.33064914
135620,0.008085354
124531,0.024696052
142974,0.058277372
130598,0.10377818
51483,0.010141281
16370,0.042872004
143695,0.021836601
49719,0.42747515
36143,0.006492977
52328,0.008304252
123387,0.047945622
4316,0.17986341
148565,0.007218777
118112,0.58524156
109077,0.014195468
28864,0.31898084
37223,0.016657235
24228,0.29849485
56274,0.00926561
45809,0.06160881
137210,0.007930922
131644,0.0063955076
143579,0.23646022
115154,0.0533077
82114,0.035945106
136282,0.6257432
39615,0.0059894784
139967,0.0980851
134830,0.33581844
102672,0.051815625
94565,0.0074495575
6350,0.16704027
106150,0.046105288
80170,0.022568421
65168,0.12172808
47519,0.005594122
26350,0.010386128
139998,0.032664906
28100,0.015803218
1297,0.4482278
26958,0.036368683
42022,0.019257976
79396,0.012944145
62447,0.06355844
144821,0.20643044
36484,0.009224093
71193,0.009969031
35923,0.10884944
35044,0.015986329
106995,0.012050413
99267,0.006925515
13184,0.014232122
3621,0.0071712504
74201,0.048364397
134002,0.012148423
10561,0.014268092
36813,0.03450812
112726,0.0137057435
114357,0.04423978
95539,0.17910238
8681,0.021553684
16760,0.08455184
38878,0.036348235
114697,0.008699833
9608,0.59899086
102379,0.033825964
51472,0.042561293
48170,0.033408407
35013,0.031768322
44767,0.009984918
72721,0.03845324
143987,0.020513618
32960,0.058508597
33285,0.013925284
101133,0.023129508
70605,0.010149686
77776,0.02082619
111963,0.04066598
11528,0.118342385
74807,0.013958657
56746,0.026680194
73030,0.008466805
121515,0.034982424
35441,0.0061509428
104608,0.07074046
142779,0.013264572
68594,0.04171837
96232,0.008421853
14327,0.007147359
38370,0.01000602
53387,0.11702146
77188,0.047262527
67051,0.096720226
102670,0.008939839
14544,0.012500019
40922,0.011701361
8268,0.02457739
132824,0.011865783
29847,0.006512607
33069,0.06796904
71713,0.09720928
55293,0.010518297
90838,0.18340093
80429,0.051465534
22979,0.053563386
82725,0.015515471
52253,0.33840308
132384,0.015522022
77417,0.09936775
5894,0.030503355
57451,0.023203732
125659,0.024617914
113750,0.01799366
18269,0.008739404
115201,0.005950477
92516,0.016482856
81742,0.015665274
52996,0.031074384
109435,0.0075410074
123016,0.012650742
38473,0.029998137
113038,0.0109792
102205,0.017355917
123736,0.014581256
143555,0.022574339
144997,0.17246085
14041,0.018376738
19977,0.014762116
96380,0.01031598
87029,0.15977319
90636,0.006471965
133164,0.023604086
25711,0.19661006
114393,0.028218534
57735,0.031595994
93473,0.067832425
27717,0.21859679
113518,0.012259814
45577,0.013560037
143784,0.016910886
78324,0.019023988
19836,0.013101681
124846,0.15914127
39597,0.011295553
3059,0.48893175
132217,0.0074702753
50388,0.013975179
74437,0.050964627
54183,0.03365878
15729,0.03987717
92527,0.006412991
119111,0.0075535765
60880,0.020184403
61356,0.0061991476
63322,0.011240606
75145,0.02437972
140572,0.056261797
139366,0.0236587
18658,0.024617188
111322,0.112739064
141297,0.010451737
61150,0.033332236
13388,0.019725744
78729,0.10779599
132118,0.019689107
56189,0.0113723455
91234,0.25802332
51564,0.01455118
85267,0.017107729
136471,0.02410378
76616,0.44485378
23156,0.08937449
9627,0.40088892
106858,0.22443807
133404,0.014481261
81722,0.0070489678
113463,0.008550913
99327,0.019277604
127195,0.043780614
49490,0.012807323
8367,0.08020736
130447,0.18817247
88604,0.039614975
87695,0.0105690425
43358,0.06124007
126206,0.063444145
142818,0.011102557
79538,0.015538017
62993,0.010256281
134087,0.020813711
110331,0.59142417
122954,0.016700413
4548,0.08383307
20919,0.01207234
103079,0.014417411
15497,0.013951019
41372,0.13565466
24329,0.062689446
122730,0.016519893
87180,0.12050236
5391,0.0681266
89402,0.0073141004
68023,0.4384205
128112,0.021697666
67746,0.36837703
71715,0.37931022
10366,0.010443691
46800,0.021199599
128184,0.12015766
102781,0.0105006285
129895,0.02409904
57633,0.11720531
15779,0.010179666
88174,0.013597312
81980,0.066036955
81886,0.05480593
147584,0.023547072
11530,0.075252734
60561,0.010262909
28227,0.027895601
35977,0.091177
12632,0.016605258
78330,0.009337986
142987,0.0683238
110147,0.0064852023
59070,0.0061880387
52845,0.01581897
13575,0.096998535
131657,0.007545677
35134,0.034835912
55426,0.046768717
68392,0.055823144
94152,0.099071935
60843,0.06919215
67793,0.025336163
144491,0.1414713
96530,0.05677086
51185,0.011206411
2477,0.34868234
75439,0.066066064
74785,0.030023132
32124,0.05136035
138280,0.018827884
136302,0.101031914
73274,0.0083891405
2958,0.0755538
148646,0.06387167
63620,0.01953406
43828,0.008233247
1559,0.011112583
133375,0.014409331
95728,0.016872196
50178,0.006842971
141803,0.01769162
59428,0.01916233
38681,0.040427055
77788,0.02475492
109339,0.07333632
14890,0.072022505
16846,0.025556136
20310,0.020325208
73931,0.23388053
102156,0.006599518
34119,0.010327865
111183,0.013182969
35277,0.0911691
67281,0.019014563
52699,0.0064009395
70939,0.12890065
25822,0.050408226
95102,0.031272594
33995,0.6832221
113363,0.07189929
100182,0.041393727
9224,0.03335366
79855,0.011905482
49260,0.08966999
98111,0.027431693
144753,0.014909235
31042,0.21630973
100311,0.14849459
76093,0.19763513
66615,0.32442445
142427,0.022640398
48056,0.20244062
64674,0.07393869
35841,0.031082409
47949,0.01509349
85062,0.5723401
138614,0.02891386
104054,0.010375004
88632,0.083185345
53465,0.5523351
45903,0.012693627
101411,0.0072106346
33100,0.029986318
61542,0.005925713
120531,0.010602765
144537,0.04110023
50838,0.5266766
106107,0.0257247
149369,0.50889915
114769,0.051202424
145577,0.077135295
29374,0.019723134
138819,0.06431043
25230,0.00999176
45345,0.015509806
94014,0.008994524
78881,0.09588532
14075,0.11924493
11555,0.17474543
5033,0.011691075
46050,0.015832659
52107,0.06789404
121559,0.035732638
96231,0.023757402
57805,0.005469477
23159,0.007607612
113312,0.07955149
91823,0.09721158
59247,0.060038816
49106,0.009411011
10259,0.0061779707
82183,0.014706397
89322,0.012926245
41988,0.022169603
73124,0.14415802
32230,0.0071379854
14949,0.106862664
119003,0.010275879
127124,0.006052942
3991,0.0059870062
83887,0.11837372
22357,0.02146025
39938,0.0080589
98648,0.027727667
106019,0.0113680465
125780,0.029723885
113689,0.007838707
96013,0.024529705
51240,0.017294267
118129,0.00738519
5287,0.24460539
9469,0.0118768355
108593,0.029377019
58538,0.04441859
126559,0.04963374
128880,0.005979029
89786,0.008506058
69868,0.01173503
92968,0.4067338
137661,0.007293679
18801,0.009534573
33803,0.0128202485
128776,0.043307394
112030,0.0073828655
48336,0.019114861
67227,0.091568895
57697,0.027918426
49680,0.11143775
125712,0.013026889
82463,0.085861
106202,0.039251227
90731,0.006238509
130533,0.5210772
89070,0.008638908
44676,0.012530499
16139,0.22868374
65346,0.014242408
83885,0.0066481475
126657,0.03161125
36045,0.007868714
38595,0.027980447
47420,0.086827144
57675,0.012241524
132234,0.066600986
108390,0.022598647
74791,0.007923322
25359,0.19282737
61339,0.014847529
145522,0.018832708
54009,0.010072793
86331,0.017866703
51660,0.20767875
115864,0.01159629
111545,0.10661577
107341,0.019134974
138299,0.15303007
140331,0.0467232
26397,0.013918502
25630,0.009282741
6443,0.019051496
128615,0.018495796
5072,0.018837797
115460,0.010819724
28637,0.060396846
116044,0.023775341
81933,0.054551095
107559,0.042334113
46049,0.24588123
4053,0.013282377
138007,0.01053746
60208,0.04893527
62770,0.006066109
97942,0.08387498
23491,0.10222208
67851,0.016969467
118182,0.30307037
34066,0.013530042
129088,0.006252511
79490,0.62937886
77761,0.005787902
18618,0.054702893
146869,0.12363956
135873,0.014381248
91593,0.10862925
9106,0.029436935
101672,0.0068004588
70368,0.012010349
137569,0.015381726
18140,0.012672447
93741,0.08403606
114523,0.019244408
115406,0.016413676
44889,0.01586417
106629,0.16907047
122024,0.20575039
8240,0.009268473
75077,0.070954286
139455,0.048536714
60751,0.025144398
55322,0.6420247
42892,0.046432585
39877,0.26621085
29385,0.010598453
69319,0.022614399
113474,0.011011535
135876,0.008485011
59408,0.010638058
18767,0.012871336
70986,0.053649504
130026,0.008093734
32502,0.010149288
72894,0.026800456
6659,0.22136895
72749,0.011589434
30962,0.083993204
5251,0.25273252
51779,0.042953767
20750,0.07178688
82570,0.00888663
136036,0.01654994
66087,0.015646521
126131,0.0131376935
131394,0.007918135
6974,0.043330837
108951,0.015303761
2377,0.037327733
148247,0.009456533
87966,0.014730995
119178,0.1352289
112021,0.046054345
82072,0.03899023
96519,0.023783162
65894,0.10794992
116351,0.006266799
84479,0.00644795
45307,0.047476396
62418,0.010969231
90780,0.035596743
12214,0.016412174
117936,0.098870195
140968,0.010843302
39455,0.006494595
100059,0.031098641
7470,0.010922368
92225,0.06385999
141605,0.009819725
138755,0.010766178
39920,0.012587645
17088,0.011582624
30612,0.27732566
57220,0.012464494
13437,0.05100901
58766,0.024287136
48375,0.06740856
140491,0.021002375
21947,0.014258672
48681,0.017098151
137774,0.007914253
56428,0.010642812
16690,0.027707677
75748,0.0150661245
127252,0.02141862
106848,0.016471243
132976,0.016805269
92999,0.07023771
147292,0.13801815
105410,0.22422436
5222,0.083277054
145243,0.038619906
39323,0.01065971
7781,0.11177052
116808,0.018751781
102356,0.012086196
128619,0.012700872
62170,0.011260965
14508,0.27709886
147081,0.06687113
94065,0.009440962
23879,0.035998967
49044,0.15176392
120689,0.00875035
71342,0.19864957
10925,0.012368136
59448,0.008175311
137328,0.015031873
101976,0.02118415
149906,0.0069082924
32469,0.0117327515
60453,0.57382166
98599,0.012355945
129567,0.06175471
105368,0.050435167
35698,0.040143277
70837,0.018533349
10843,0.011673364
9823,0.09217661
136520,0.1000074
85387,0.1578345
60425,0.012586508
83996,0.0063688857
72794,0.022479448
58673,0.3342653
1243,0.008711998
111562,0.12515642
1247,0.053589292
54930,0.006799811
67346,0.014951045
138259,0.013666455
7433,0.019940998
118305,0.028992796
129326,0.057656188
55955,0.011800046
47960,0.015657326
79749,0.028489074
38295,0.06645287
2012,0.024743134
42246,0.25698295
47832,0.044909008
79336,0.024010153
30699,0.0507303
132703,0.009068453
93896,0.046345722
532,0.008051496
120552,0.056391317
97941,0.0122774895
54336,0.010858401
37498,0.013335954
115156,0.010061052
74424,0.6368531
38051,0.010732074
63753,0.038533892
8194,0.09436395
123056,0.02970507
112165,0.046568602
126948,0.012110559
94200,0.45238984
42807,0.071738996
132095,0.014089786
25707,0.059986115
116604,0.020175716
100761,0.4837377
41880,0.010430252
28123,0.013440953
103971,0.018899301
32225,0.009365348
121160,0.01736789
132073,0.5159255
73839,0.009987483
26255,0.07381605
40947,0.009563152
67623,0.01750686
70016,0.016137594
134870,0.028504841
9562,0.33136055
75917,0.19324829
63167,0.012376053
67939,0.008153969
114573,0.035150394
11574,0.02767351
98165,0.11406497
52361,0.009436442
10917,0.01114856
85832,0.0066401344
111440,0.070941985
61714,0.07082014
98865,0.022320732
56753,0.036700245
88535,0.28342038
1648,0.022747153
149381,0.075053036
25142,0.0138975615
11797,0.015217734
1590,0.062119666
115395,0.093098156
39222,0.009086313
7542,0.51556003
97529,0.05506353
57439,0.12376971
10662,0.015497185
13969,0.17552312
35305,0.36676827
39025,0.010838638
73167,0.023266012
69602,0.49959633
24586,0.009698625
117302,0.18286963
57172,0.0115584275
36028,0.023005567
2411,0.3797314
63151,0.007993366
2322,0.01637466
43449,0.014013368
40191,0.008594375
87539,0.03994514
87901,0.096802555
74110,0.015466943
46935,0.025467834
61392,0.013554452
46906,0.019519271
54687,0.0071277395
98614,0.03907788
61161,0.015419832
143270,0.0074222195
49566,0.541873
136344,0.15557882
142677,0.085104264
71178,0.013310805
27859,0.08734401
118512,0.03879814
69236,0.063087896
106623,0.536966
3954,0.04509589
114575,0.084662914
63805,0.08929461
53815,0.010556085
132638,0.016184175
75737,0.6733023
97698,0.01991649
133949,0.022559453
96916,0.0114299385
93795,0.03882758
34223,0.08663961
15435,0.075121805
126778,0.018010542
41529,0.019527217
85868,0.38807568
13757,0.009218425
106070,0.046321247
40239,0.23475076
122782,0.006300814
135693,0.0062699798
4975,0.031991586
24862,0.05820977
102544,0.06620438
83474,0.09932645
12322,0.043196376
82030,0.020418942
147490,0.278758
49629,0.014247202
79497,0.028065389
97814,0.037754778
106021,0.08703586
38591,0.054313973
35972,0.015612656
133880,0.0807575
23892,0.06488285
122873,0.04742317
14689,0.009046275
38352,0.00819469
120995,0.044446386
149749,0.015754683
106251,0.0071361237
144783,0.08395615
80512,0.089535534
84645,0.034357842
141268,0.013387759
6733,0.0071558985
6867,0.007665795
101239,0.05609714
111271,0.016421437
1700,0.021483894
33706,0.009476354
58733,0.009063017
118275,0.009110679
4805,0.03810854
145379,0.105253525
112383,0.02445135
21777,0.03257546
139568,0.08677608
68024,0.010574365
17502,0.0098033715
110667,0.06973757
50908,0.01582177
72712,0.06636957
453,0.045305483
67570,0.0085148
20050,0.008620204
124245,0.009662954
71166,0.015057967
12021,0.045259263
37047,0.012354979
3764,0.045064744
134867,0.010687448
132407,0.022721812
146927,0.0071914657
19150,0.015720198
29843,0.0063224
1541,0.015293631
81231,0.082502045
113909,0.2537828
96004,0.6837993
66902,0.16713096
71084,0.016414708
100685,0.075112805
90148,0.01780815
91795,0.03950723
53748,0.020667443
22053,0.065102614
74466,0.07116108
32797,0.092663154
95660,0.112381734
63681,0.015652822
145008,0.015550464
115426,0.04838906
75041,0.017532878
25749,0.007873234
57687,0.12834857
141490,0.026242174
36304,0.03220217
122427,0.011417037
38774,0.014966553
90178,0.09891201
133348,0.09831256
98022,0.009797824
92952,0.00837688
76803,0.35279348
142819,0.14897047
70188,0.09545238
37210,0.026957428
54766,0.051648572
92739,0.014058147
134479,0.00948255
134058,0.09987194
110654,0.021983728
132069,0.07703002
115802,0.011750673
26842,0.0087946085
50227,0.30424234
118779,0.51277006
22527,0.0068355664
68902,0.015401317
14055,0.0086094495
5897,0.013707948
85088,0.008073309
95643,0.48128876
83779,0.0071461955
59494,0.007124194
33355,0.008947354
30580,0.035421774
118578,0.014719573
143166,0.01273317
32942,0.14304917
96227,0.0383601
13304,0.014348436
106772,0.21186532
106140,0.058386073
59106,0.027866742
25487,0.032632265
139844,0.04471857
145984,0.0110595785
70980,0.010520153
136832,0.02705543
116586,0.42383
6109,0.010496764
112386,0.01466555
148357,0.013297097
105548,0.5018967
119186,0.006373857
54907,0.010503641
60125,0.01450264
134688,0.02871219
43724,0.022486785
11413,0.0147212595
50864,0.038599826
68221,0.103417575
68660,0.015983298
130557,0.0075982534
85973,0.006396547
73958,0.043543536
88671,0.07614606
115055,0.06419389
14976,0.043843888
725,0.02073205
18748,0.2573302
4549,0.031145377
86993,0.0060464186
17311,0.014050291
19563,0.019535014
95542,0.015131737
139321,0.009722267
47649,0.06960018
78702,0.00708594
117618,0.009514021
133077,0.010967151
1027,0.01384003
373,0.0059416774
119850,0.023996124
122165,0.032553677
26077,0.08320197
47732,0.077696756
90124,0.08147528
91571,0.029203884
117598,0.060130384
82076,0.007339932
4678,0.60557437
111262,0.05434102
16053,0.09925924
25281,0.013914642
41613,0.013598924
5325,0.06932272
55226,0.006776163
10356,0.017309818
43168,0.006032027
13625,0.04614009
93066,0.09045161
89469,0.008700812
45844,0.0387559
121729,0.02589089
128164,0.09332192
111171,0.03991422
35237,0.008457915
34909,0.018085292
50785,0.031586576
5048,0.01104547
142988,0.011568319
26791,0.00919233
72241,0.006682762
65551,0.020858219
109856,0.015984183
141226,0.020526836
15740,0.100681596
111434,0.031532455
149941,0.08634175
131480,0.008049052
9910,0.040185492
105499,0.09766824
52116,0.02042128
19290,0.012963368
36859,0.0055716867
33370,0.21669763
7528,0.4523455
68266,0.032424323
89610,0.025286447
82094,0.014044618
112042,0.019438375
40839,0.00962519
34609,0.04715043
2704,0.4629729
9114,0.0065086125
148925,0.0060690944
75321,0.021793911
113609,0.018329384
82554,0.06704686
89071,0.14520328
142586,0.044990193
3761,0.015654352
113822,0.018033663
43082,0.025161419
144751,0.015369722
114747,0.008054685
29470,0.74183553
132705,0.012762708
96077,0.009286175
146991,0.100892045
51436,0.0819367
76452,0.22070247
100145,0.006306689
66372,0.0133141745
124049,0.008370173
127318,0.0092813205
8957,0.1036365
5771,0.013301252
1595,0.009440078
4568,0.010681214
122937,0.0060567786
2420,0.015515654
134783,0.0072573824
13751,0.2019697
55570,0.019506723
114255,0.012130937
28370,0.016928574
31778,0.026607443
16338,0.013901902
140949,0.030602342
128690,0.110280804
85262,0.012390313
21065,0.012637623
124930,0.011888151
89022,0.01776033
47040,0.02115593
30034,0.6472622
143884,0.011024884
63267,0.014820046
56000,0.0103443125
14874,0.0415078
103152,0.011616853
54453,0.009926971
80987,0.020467589
47970,0.007724171
70839,0.013497032
96701,0.03368858
87106,0.0088584805
15702,0.06713207
64088,0.31737217
61498,0.029526314
5810,0.020416215
111137,0.02125991
7630,0.40567628
133942,0.0120674325
63189,0.01671379
44427,0.13201578
124589,0.006561346
98050,0.0061151166
60311,0.04531956
57279,0.03262883
10441,0.009520943
59470,0.073636465
17989,0.10241224
39191,0.007218801
61812,0.7373303
84471,0.011048929
96669,0.013913621
115311,0.015952945
110830,0.008001999
107855,0.030198049
5472,0.107745074
120950,0.18248552
30386,0.0195872
83651,0.014867468
65342,0.45693946
114909,0.017790753
122350,0.031501148
45880,0.08163377
49939,0.03507104
106872,0.46169898
17286,0.013398175
2917,0.08121018
86100,0.037452172
110363,0.013973057
32226,0.025633045
116702,0.01207073
12936,0.0076311664
38421,0.012838935
22212,0.2234602
147497,0.08788494
105339,0.007100653
51646,0.00956065
46621,0.043646872
79690,0.042403284
931,0.011455992
70134,0.011354357
57535,0.013415469
112461,0.013727206
26749,0.011284248
16240,0.09859779
21324,0.0191723
117198,0.17207366
28120,0.025625806
52824,0.01180494
106423,0.14205845
125165,0.027757583
79984,0.050789054
64825,0.010463526
1644,0.056991976
149012,0.028531969
132901,0.023054264
93252,0.3363827
99559,0.020843226
66281,0.017193655
93333,0.10470182
8999,0.012642734
24609,0.01075529
93924,0.01994577
34468,0.011984491
103871,0.063279346
113002,0.03660551
26556,0.009469334
110809,0.0805436
85425,0.055993598
85734,0.013628007
125692,0.0090860715
113825,0.02642363
26208,0.36060345
45073,0.039093908
93652,0.013629378
90041,0.0357646
119904,0.12429531
46779,0.07367648
56319,0.102359965
123492,0.011680353
2294,0.09494976
134075,0.015783146
52987,0.009830487
101147,0.021241102
110236,0.035768524
43836,0.018145459
68987,0.027526021
64863,0.08297952
146923,0.08059432
43276,0.009929942
64155,0.5971491
95253,0.49682954
71659,0.10388413
97361,0.043297
95327,0.011834481
141254,0.09528711
73564,0.21318753
447,0.017213326
84786,0.016326047
31492,0.014684944
83705,0.015373929
143631,0.012211877
53529,0.4934325
45333,0.08280666
127651,0.018087683
121278,0.022034945
94283,0.041866418
20515,0.029641777
33213,0.032356802
47010,0.0053962176
101921,0.014287668
111249,0.0091607375
29633,0.013931813
102333,0.015948461
109700,0.011042465
30524,0.010591405
40538,0.011288867
116693,0.0286666
3227,0.030926604
84648,0.010133544
66039,0.052669406
20707,0.006534013
21933,0.034896348
78350,0.015652785
21741,0.017328085
14506,0.006470064
31866,0.010703913
39990,0.007312003
55057,0.0071027004
105468,0.5893621
141827,0.024535656
80491,0.1863293
102070,0.4177747
148828,0.012795746
139569,0.02907629
14253,0.009293873
19326,0.10899167
48144,0.06543243
99851,0.094770685
36454,0.024050822
122625,0.011778964
83158,0.010942554
74825,0.01270943
15202,0.015236604
4673,0.05153329
127396,0.07124643
51771,0.006034143
124205,0.032856204
46755,0.14434117
111297,0.014366231
92164,0.38034603
99822,0.011714337
41913,0.015907563
124126,0.018423706
20912,0.010090068
126771,0.06551291
19721,0.02340897
9860,0.08186567
139794,0.08869368
31177,0.15250704
64118,0.31478074
137937,0.015390273
91177,0.06607623
82306,0.04555449
141374,0.006744661
75467,0.31539702
50021,0.034607343
45916,0.009577064
29394,0.0102762375
125184,0.006550876
28463,0.01556006
146728,0.024337163
139968,0.011541839
114382,0.005994485
79142,0.032249134
139269,0.20198011
97813,0.4281612
14309,0.023757752
91456,0.79421115
30797,0.010755858
71265,0.0076327557
129249,0.030233461
80483,0.038086936
147794,0.012027477
70861,0.07179322
27913,0.38486308
22590,0.008420742
104226,0.016702564
142491,0.012457536
11729,0.10797823
13074,0.012048608
132330,0.01696688
74704,0.109709546
108227,0.174998
76559,0.012258336
86838,0.011716115
92021,0.02963554
38385,0.065489404
4410,0.01476747
120717,0.06296223
32496,0.012774501
77803,0.034848735
110737,0.052371956
13028,0.12529235
8375,0.010268495
57617,0.0144703835
49685,0.048825655
17290,0.016459897
38073,0.20121424
103411,0.07606715
135644,0.010606887
63601,0.013029672
16194,0.013450262
12581,0.014077605
16314,0.06926999
97966,0.018017514
31934,0.2724289
35593,0.024274183
14806,0.03311412
40616,0.01165896
49953,0.033247292
79361,0.12201285
99362,0.031085037
115260,0.008052803
94948,0.01899038
65254,0.015174397
12013,0.01298213
140120,0.0119493045
36918,0.0059629963
55384,0.0660529
115747,0.05631441
78050,0.012157984
60103,0.05675793
8124,0.0062061604
28069,0.022057878
49478,0.08580351
72401,0.022182299
14821,0.012366126
54502,0.07797754
130470,0.015442723
133211,0.034935925
36067,0.015633792
45114,0.068274185
108549,0.02157463
18169,0.8216477
120392,0.015602342
111421,0.011942556
103540,0.019953009
134157,0.010235401
34418,0.013298817
33683,0.054026626
105397,0.11417595
18706,0.077375144
31220,0.018659288
94360,0.0493558
140050,0.2156294
18592,0.07316645
33571,0.008866522
57858,0.31888714
101623,0.13100371
48958,0.007553198
101515,0.010140759
5964,0.009699908
56406,0.013071
83824,0.05862315
13002,0.008922433
65361,0.012783874
73432,0.035535973
13884,0.010609029
103044,0.08000509
105999,0.025838532
139314,0.005950477
3578,0.011426825
139060,0.016811771
138034,0.010699809
2578,0.4777241
46598,0.016936725
76471,0.010606877
107673,0.0108551225
102422,0.055491194
74326,0.24577387
95014,0.08242186
28162,0.21764766
45098,0.097934596
54093,0.07490962
44487,0.14724886
11702,0.00881632
115560,0.019173771
70307,0.018086363
27762,0.03560863
125849,0.23674724
7559,0.007531966
19144,0.7596827
84710,0.0068944064
29333,0.07681552
84945,0.010550883
58748,0.102452815
52321,0.48935935
78105,0.020881183
70990,0.05689799
130066,0.0071594836
6634,0.017955538
90593,0.016388506
84361,0.07766116
62944,0.10118004
149173,0.045260426
23513,0.36440292
26221,0.64090854
4956,0.03566892
13998,0.070536815
99665,0.066203915
70104,0.11049716
144498,0.014421139
8389,0.061924677
41107,0.0968993
89563,0.09189972
75810,0.012814987
101962,0.1091592
106394,0.013677019
89170,0.4400365
137019,0.08661543
98836,0.00629223
102450,0.019201849
30174,0.08417426
129927,0.017066045
140118,0.02192841
84646,0.017139519
52597,0.010171578
102498,0.010504757
127736,0.25875488
101422,0.0670434
46752,0.007242672
125357,0.028807536
120422,0.042986937
3011,0.23829551
25731,0.091699414
24237,0.018083313
111776,0.012104428
107382,0.05469844
50701,0.006222743
135674,0.008260074
30826,0.04194341
94713,0.084717415
93396,0.049206138
33940,0.027720792
142424,0.012213804
101984,0.09083674
56082,0.0072679813
96354,0.09469455
23035,0.026977347
45030,0.011481924
120349,0.024594132
33329,0.06394772
47149,0.061751846
88291,0.006245576
127152,0.0061134654
131516,0.006549961
147878,0.01984042
76450,0.04379046
100802,0.022227138
75940,0.05570394
47272,0.012083878
65141,0.021407004
100332,0.014416144
2410,0.052556902
69753,0.20795952
144315,0.008015686
139607,0.0093735
105980,0.07344311
15752,0.034168757
26859,0.16111863
86477,0.014380686
57634,0.019746646
39744,0.33916438
116830,0.046616197
142234,0.043192066
84305,0.0068144696
48484,0.015810072
33253,0.103654444
118774,0.006251631
35783,0.039376155
21097,0.030630684
64997,0.022043552
93088,0.014099594
113559,0.41442403
109486,0.03370016
25999,0.010055952
110129,0.013361879
76615,0.21846978
97092,0.034511495
47254,0.014049637
143480,0.0078578815
68303,0.013612586
36495,0.13308805
16459,0.01096755
148926,0.031175341
127853,0.006906709
16437,0.0066836355
49180,0.05136336
95898,0.009550474
62950,0.06391378
140523,0.01932143
137953,0.022380874
1079,0.028197903
54258,0.006544617
110212,0.04209927
87944,0.007368612
108788,0.2331134
10691,0.28465578
81948,0.016133925
32083,0.010965129
136170,0.011207426
114404,0.011472301
47067,0.22412759
37067,0.02855711
54483,0.25436652
91565,0.014107278
88074,0.013721196
48173,0.011095262
140325,0.0115756765
121449,0.11258445
81846,0.30942586
112279,0.010940372
106171,0.03187084
21068,0.05408618
78097,0.012326507
102062,0.0359931
29292,0.018911563
2665,0.067412704
100476,0.0288677
123952,0.080210224
3879,0.02025851
89924,0.09532907
142972,0.014161943
132656,0.011219602
96831,0.014168143
32941,0.09475786
95029,0.038568977
98225,0.019424947
115871,0.32821202
16044,0.505799
21900,0.10994788
7756,0.044504575
30406,0.01789913
86346,0.01190329
33138,0.03693443
30441,0.007482698
11720,0.06966517
104428,0.043106657
121897,0.05294311
143603,0.012047308
6262,0.012691152
83552,0.013059576
13081,0.0133961
13841,0.015006528
57429,0.37054583
61243,0.16659468
140288,0.08429517
282,0.22882162
105059,0.0099236155
133440,0.046704892
41416,0.5308123
107096,0.53517365
1269,0.0077261114
75434,0.024822162
29428,0.060413238
78580,0.012957848
38713,0.030537289
124577,0.33259636
16711,0.011754135
65059,0.010051406
27120,0.046329375
109502,0.01229342
110651,0.010746719
47396,0.03829735
73575,0.11032738
58219,0.041853443
26748,0.008859891
116999,0.017391497
84724,0.037292138
106892,0.007882238
53021,0.03803375
104945,0.013322903
145653,0.5397868
129086,0.013657831
69225,0.035726413
92299,0.0077893063
81970,0.022937335
52695,0.0109689105
21537,0.08535446
40700,0.008209169
49299,0.12257684
28785,0.018113637
16513,0.006069396
77185,0.0074599446
122748,0.008276579
108300,0.10149759
41030,0.025512068
63020,0.0077453135
144119,0.015486728
40213,0.44912165
91768,0.057967033
25232,0.073686965
73214,0.5899632
3947,0.15112053
117601,0.009882468
46120,0.016297454
6589,0.01526226
134884,0.75195
76286,0.010046733
62571,0.021041753
31946,0.009423618
251,0.0134043405
54389,0.0074344254
145361,0.009809854
132031,0.01177316
85107,0.04653609
56176,0.09094379
114755,0.010909616
134497,0.021613821
135948,0.07784263
113902,0.01297286
7181,0.19028959
131817,0.014486122
17113,0.0122696115
77517,0.008422769
64910,0.020332392
9781,0.011170834
135042,0.00960992
103589,0.039966833
4545,0.06782547
29466,0.032765076
125209,0.6186758
33455,0.04032843
135246,0.0070899604
139088,0.053084437
37506,0.016992373
8370,0.03992037
116618,0.13768663
110370,0.01144619
115217,0.010101634
39901,0.010557894
125521,0.1030814
145671,0.11292316
81240,0.016747216
53866,0.102005474
141223,0.034422774
86513,0.010103741
89867,0.02441382
88010,0.205295
124365,0.013673275
64038,0.006509442
99874,0.10756427
81988,0.008159223
75978,0.08967098
101631,0.065080516
102702,0.18418036
81351,0.19046381
51971,0.0063070925
122617,0.03340994
148266,0.031011581
149128,0.025624907
46248,0.008937089
82050,0.048822694
109059,0.012773732
133627,0.07593618
104055,0.031520933
4243,0.010844545
77665,0.022669792
64850,0.16031997
23542,0.04847967
110127,0.015820092
11507,0.60719895
92279,0.11250284
92605,0.0071596424
59828,0.018949986
147475,0.0097401505
89424,0.0063105244
145069,0.08654917
125667,0.0064757434
5918,0.020459805
18852,0.013471647
97748,0.048921414
25726,0.022418136
137947,0.007007029
20989,0.0099626
12591,0.064393975
19825,0.007515516
143927,0.20230965
96835,0.03442423
115610,0.0074023237
4380,0.013608233
140007,0.048446286
142540,0.029524053
117369,0.008977297
27766,0.010016705
113515,0.011261745
65553,0.049064893
82534,0.0077468595
140295,0.030923914
88666,0.021785323
23183,0.01277414
91499,0.043043695
65683,0.006080017
125684,0.011805436
22360,0.020493072
86476,0.036151472
96409,0.018148424
143404,0.3460074
18316,0.018526906
8171,0.014558698
37158,0.066203356
24794,0.054014403
23274,0.10657456
125199,0.04274669
122897,0.010304545
133350,0.015043307
106257,0.03235673
92334,0.0061400793
86612,0.008228724
131462,0.018113837
117986,0.022476317
84892,0.016197938
18817,0.07467683
82125,0.009714805
95817,0.012506596
95430,0.01034582
93768,0.44581944
25450,0.026742633
88722,0.033563416
130003,0.017383987
80624,0.0274732
21865,0.013544044
5863,0.1164451
60770,0.022711607
94381,0.2594821
39464,0.09210702
96922,0.095003195
141188,0.10998265
43491,0.014699096
129260,0.014395205
89269,0.07585741
6400,0.11860564
147308,0.11680858
41053,0.081271395
85344,0.0068940893
26542,0.10705398
135089,0.02272305
124754,0.053041693
16135,0.02181594
114057,0.010890282
93221,0.010091864
144710,0.02164342
44771,0.007154018
94956,0.03490568
143583,0.08327771
34207,0.014749478
62758,0.108288586
113278,0.021311546
103336,0.020041658
31647,0.33989727
56413,0.01367278
105466,0.09216957
4926,0.012940295
61284,0.057896063
15693,0.07063719
102452,0.011248342
99116,0.013789352
56809,0.12690216
24847,0.012371031
36856,0.007772493
18428,0.009980003
148056,0.010026583
46545,0.014882512
43267,0.021957837
8624,0.022633012
53986,0.108583614
119341,0.014745841
20498,0.16782665
3470,0.017038321
58341,0.019780962
28285,0.0067266906
116431,0.011386089
83606,0.0075968555
92773,0.11095064
35461,0.52235633
19592,0.0122520095
76270,0.047551792
102087,0.029488904
43524,0.010546911
35502,0.007573667
117254,0.031163441
128378,0.009648969
18937,0.0068878895
49764,0.5059373
146732,0.018897511
1456,0.06421373
3371,0.12549376
4420,0.011674074
115280,0.006094254
9095,0.030954232
114470,0.1675536
52637,0.012201407
78033,0.031175341
53702,0.0065426887
138231,0.009856407
126971,0.011764359
25852,0.05978396
119481,0.008563665
58605,0.06257254
145324,0.017595436
146730,0.037699237
30316,0.015153326
120310,0.12636597
118278,0.12063757
130909,0.1798232
110961,0.012275744
148141,0.007239837
73641,0.04045649
101953,0.015844647
35840,0.014906686
142964,0.022639537
96531,0.04794281
127499,0.0076202257
14341,0.5824336
31632,0.013084189
37604,0.010492893
13356,0.015010397
56526,0.011845025
105315,0.010262334
98605,0.14536257
82833,0.120428585
140688,0.012600756
77569,0.32569167
16962,0.011901696
111956,0.010140702
75146,0.014307068
28953,0.25978634
143393,0.018389417
48933,0.008745276
108051,0.09480788
29204,0.008270436
84705,0.011409946
78172,0.07722939
146506,0.03429586
125652,0.0071983393
71353,0.008023819
44360,0.20559232
95600,0.06328688
60368,0.075858995
126571,0.013217535
18620,0.020038793
121413,0.15265869
49412,0.053585287
114158,0.015535004
136423,0.066101864
134921,0.012647831
109599,0.007321496
138020,0.114998125
45799,0.015140353
74774,0.014029649
12044,0.0071291407
28401,0.011137794
114133,0.024326727
124859,0.011160457
95599,0.013746865
92635,0.009490038
147227,0.101920485
104094,0.01455244
71841,0.016937193
99504,0.026299655
124902,0.0076065646
53071,0.020708399
134714,0.033287656
127782,0.01279465
93047,0.015005259
17956,0.011488708
114166,0.012962184
86479,0.013601214
13120,0.02169412
463,0.41112173
31350,0.56816006
38503,0.013824146
25727,0.11407041
132944,0.015509827
18641,0.18655631
79015,0.012817014
113506,0.03602381
26644,0.00998612
137366,0.42704722
149592,0.0072635617
58747,0.008660759
34265,0.007592719
78308,0.0118386075
42402,0.009998371
74172,0.025469527
41097,0.12064174
48272,0.006197658
87613,0.26118624
95671,0.014642265
53892,0.01464978
64700,0.04294292
951,0.012294907
78633,0.028590692
41156,0.018372532
30305,0.022169618
99271,0.022022573
51815,0.016649114
22835,0.033105273
144479,0.4821928
13946,0.010124847
146985,0.04161718
149697,0.009810465
111708,0.021472499
87899,0.04579576
93945,0.012670269
131722,0.008908285
111360,0.047497023
135364,0.011515654
16523,0.02190437
62888,0.009693849
111264,0.15216069
79687,0.014551495
88131,0.18260898
53745,0.19272792
130405,0.016539963
74417,0.011659642
19350,0.007822363
65151,0.0070797363
33,0.008325088
105089,0.6918319
14828,0.030745571
23387,0.019759398
127197,0.015508613
148709,0.032651447
21476,0.014096579
32737,0.033801045
69774,0.008329206
40444,0.032231126
73829,0.013846676
97971,0.08706718
32697,0.08440248
24997,0.017542876
91040,0.007939049
98055,0.08145314
13000,0.011117776
139228,0.060957916
43110,0.014934468
89180,0.03904256
23347,0.015107021
81265,0.011201509
47691,0.01271763
59342,0.014298296
42432,0.008633009
34888,0.20798711
98656,0.050814774
26986,0.016955424
105780,0.06468787
80258,0.023406882
140438,0.012669303
89042,0.022139309
91194,0.013619062
47278,0.5071558
113410,0.56870633
117312,0.09622525
43238,0.038449917
1353,0.0386283
13213,0.1017969
144914,0.42390352
119610,0.67115444
110118,0.022248693
107537,0.030599995
138251,0.23459645
130862,0.014913949
87862,0.008361597
52984,0.010999909
705,0.016378686
50251,0.047147896
122953,0.013513739
47579,0.0061766645
145026,0.013899941
110002,0.043591343
95551,0.0144677665
140242,0.025771925
130083,0.080967896
19752,0.018840317
47756,0.01031468
110466,0.009851512
39907,0.45832816
67770,0.0115086045
37857,0.017643364
63935,0.1092895
66699,0.008413563
135420,0.062426712
97044,0.058011368
27246,0.24928139
97783,0.085829675
108720,0.022120915
141501,0.033179443
27680,0.16579024
7896,0.09944726
76412,0.05977868
99460,0.036754083
80675,0.108156785
49640,0.011509804
64127,0.014112366
36552,0.0115931975
62861,0.021300513
90069,0.43755475
49214,0.10078881
53190,0.019432146
143660,0.010779578
118018,0.008803812
46547,0.34609497
6609,0.31385484
37951,0.032995462
13601,0.029536337
111667,0.007873655
26233,0.100369245
66631,0.01300393
102852,0.038107894
139365,0.010736372
5350,0.012339766
90203,0.46080634
13570,0.016397163
35849,0.062798776
3844,0.18498084
38675,0.05496636
32145,0.075280204
65524,0.070055485
105921,0.037413865
33502,0.10001807
37421,0.0073941615
146128,0.02513021
108508,0.040159274
18216,0.030471083
94955,0.09073274
8493,0.011029548
134572,0.031754825
77572,0.014410022
90094,0.03116203
21899,0.014334854
137318,0.0062789046
109990,0.04125289
137677,0.014060587
31231,0.017845595
77223,0.056872074
47247,0.3104702
36187,0.006300814
32856,0.028961582
112663,0.019574683
130946,0.014219792
131853,0.49730185
29608,0.07297577
50137,0.015213955
12665,0.28060877
64221,0.0260094
31154,0.08911461
11200,0.011162094
88439,0.20664656
143954,0.055640433
127698,0.09807339
46666,0.103536166
142018,0.079032645
94383,0.015424017
126339,0.047514446
29081,0.011299665
51806,0.010965884
44631,0.009806353
2550,0.034913246
84841,0.094434716
13746,0.04887961
22094,0.118041806
114819,0.16838202
112283,0.07529486
82696,0.085489444
46564,0.6413302
103989,0.09708686
123411,0.0533966
45758,0.011081583
81070,0.09808383
110669,0.048561096
128535,0.59095955
62467,0.045590673
61012,0.016977493
1039,0.09962729
146129,0.036388896
114498,0.008886802
128416,0.008209674
7378,0.14302644
129767,0.007380979
141988,0.0112804985
146231,0.023592928
140415,0.020517685
105813,0.04898131
16137,0.018310364
85991,0.021710489
721,0.019351283
47685,0.01056828
25175,0.01721235
96176,0.022118509
79602,0.00932027
72650,0.30310076
1416,0.007152206
8640,0.006171799
133986,0.009981299
3378,0.03655481
5373,0.05700419
91061,0.102990374
15896,0.10870271
19275,0.086121485
119704,0.049000546
88954,0.039077226
89895,0.31847274
90417,0.0073212604
49648,0.011595815
14033,0.006817246
84234,0.095230535
125642,0.008188676
72978,0.009819461
139643,0.012735046
14236,0.03635107
112942,0.00845317
105669,0.007759556
124239,0.008327533
128722,0.0115223145
107189,0.013899523
52343,0.31840044
64448,0.07668551
95100,0.25661176
81261,0.6979894
34231,0.6919725
89162,0.012085358
113450,0.011833723
100049,0.21809131
35864,0.012229848
63258,0.012405702
73036,0.008629875
62345,0.009699701
49278,0.065463446
114045,0.01042781
75153,0.02490619
35204,0.019061502
23221,0.045405366
55882,0.19128802
44176,0.016372895
136786,0.018286774
67063,0.010832843
130721,0.007621664
69480,0.05388627
7009,0.06728022
129450,0.013144175
4044,0.008016054
66446,0.0068055326
72656,0.009429999
24900,0.00704357
70087,0.15932001
125149,0.19998306
131874,0.08461781
106861,0.047226965
15196,0.008065951
125964,0.09087347
45939,0.101476885
105823,0.027709033
128670,0.041542016
55309,0.010639056
57639,0.015335533
119077,0.012689378
36154,0.025532264
87796,0.1223492
14632,0.16317724
116522,0.010322476
106567,0.023262544
84692,0.005950477
148614,0.014941358
51422,0.011812564
76765,0.02237887
106187,0.50439584
93657,0.10792993
47699,0.018542018
23245,0.009831629
101329,0.33376598
124083,0.008525201
28080,0.009634085
64662,0.036941413
84097,0.092192866
45179,0.013927438
69354,0.017164035
32304,0.14695781
116920,0.018260064
136559,0.17137717
118273,0.038794465
70009,0.21803267
26535,0.077649854
101406,0.014257104
123447,0.009927585
98221,0.013133626
129625,0.011892347
26616,0.42902815
135878,0.17704067
56525,0.049280547
134820,0.03398395
135835,0.05164126
129926,0.07210517
119102,0.016813064
16205,0.009233096
71089,0.113142185
18793,0.073462814
98264,0.016336864
103909,0.096912555
119588,0.14784525
5248,0.07910244
49383,0.018109044
23721,0.037477568
124853,0.33688492
27855,0.0066149603
130677,0.09953913
5416,0.071897805
83644,0.023340685
99431,0.04543763
142494,0.032658376
148921,0.010419837
73878,0.09612168
119746,0.16888708
115608,0.07179754
82420,0.10252204
4653,0.032791164
7252,0.0067172213
36656,0.027815685
5681,0.1049906
23070,0.0161044
124828,0.008162153
7752,0.026765026
91329,0.014280692
65442,0.03591189
17018,0.013254909
1597,0.019783502
128892,0.15467949
4223,0.044951588
14020,0.008705963
129175,0.059869133
16951,0.045685556
105956,0.032246225
68437,0.37374294
118965,0.027593968
85865,0.040358745
85633,0.008598829
147012,0.4260741
9957,0.011870078
98566,0.008029241
6313,0.03312471
63578,0.03763708
14289,0.033521242
130920,0.024787756
144093,0.01156398
77716,0.04840108
113568,0.011832418
95315,0.0640268
140037,0.09054181
111142,0.22446844
65213,0.056047436
15170,0.0147402715
95153,0.027665813
88955,0.019857276
70403,0.066212334
99156,0.20076379
6927,0.08757072
49287,0.7364129
25472,0.016986106
95389,0.5990941
14421,0.012199194
7591,0.0075043878
5572,0.03124746
63973,0.010212202
18563,0.011160378
42096,0.013574875
98136,0.031724446
15587,0.009073956
8992,0.03431815
20237,0.43594414
9364,0.054465953
16797,0.045075342
25778,0.040554985
24535,0.010172524
1241,0.041603338
72213,0.016670385
89126,0.057899848
18473,0.12391431
10084,0.007118146
65216,0.022384776
75251,0.009423324
24250,0.0901858
135718,0.0063955076
71532,0.011067614
10279,0.039752837
47753,0.025351977
2546,0.06381226
82244,0.02703677
39027,0.019048698
104570,0.010355385
33778,0.018352192
55974,0.007665726
107479,0.08637134
137548,0.24600214
84810,0.11143408
27264,0.015974937
30525,0.081894316
117158,0.019150987
107010,0.012982644
106624,0.0066046407
148858,0.011294691
128969,0.37185457
11941,0.06839311
102152,0.013493559
81058,0.006982203
114469,0.012999997
79461,0.036673855
32590,0.009726827
20938,0.043887418
18351,0.021268886
37209,0.012427466
134150,0.012065687
37925,0.33994946
96792,0.08498303
131009,0.052549943
83747,0.0076676155
31111,0.0762379
119400,0.0060259947
51007,0.018829241
35119,0.020486334
104303,0.29648757
41424,0.025863329
55861,0.042784538
145541,0.03347802
139884,0.0069380924
44018,0.019930832
5154,0.088070884
71965,0.019263348
61190,0.01765358
68137,0.024113147
37881,0.013715216
126225,0.029391091
86859,0.006266603
98875,0.013067488
129093,0.012499478
25669,0.059755437
118057,0.012210283
65878,0.008391167
137784,0.008577689
50373,0.013868029
90107,0.008972305
4570,0.31482175
90054,0.035571445
11009,0.020425634
41571,0.021380423
20441,0.09891515
87303,0.0068359715
68383,0.02274074
40890,0.30647847
49142,0.03374892
45285,0.022501301
55467,0.009423777
12754,0.014829914
133254,0.008072993
65021,0.16702971
34342,0.015173115
103686,0.18079238
110389,0.024671998
53612,0.017374517
6136,0.03394488
67320,0.011950097
55154,0.011393268
21273,0.015633387
90826,0.026045663
95952,0.28115213
107207,0.005950477
73453,0.40832955
86143,0.0064500733
47563,0.01682942
135570,0.09953616
102648,0.011169233
102732,0.013965516
124508,0.013197778
104684,0.032130018
145484,0.03020635
102401,0.011436319
70723,0.033200573
19040,0.18994704
80421,0.3310903
129588,0.046798117
29952,0.013690752
58824,0.029417284
88022,0.022012535
56979,0.02688414
4764,0.030387314
82263,0.010353377
94544,0.026948668
103142,0.06776375
101764,0.048301425
132200,0.010581061
18468,0.008934872
18851,0.018359026
23317,0.018147647
90722,0.1162679
137271,0.03765292
72724,0.099384606
67477,0.013989866
144088,0.025943937
108187,0.021447796
117599,0.031191885
31517,0.08205685
94938,0.075475514
99876,0.05733714
52002,0.16591245
130046,0.05479667
23287,0.009025981
138606,0.013426922
147535,0.35297173
66660,0.01408629
6793,0.024387185
132581,0.09301242
23841,0.012027624
92900,0.056233104
38162,0.028047347
118011,0.25565425
1544,0.015575712
5655,0.018340813
110071,0.080368675
82233,0.08097616
129708,0.024982115
74463,0.011059177
77084,0.1428516
79026,0.041656956
127710,0.017227562
51315,0.040855795
96187,0.016029606
129769,0.007451927
74722,0.018496908
126547,0.3534629
89110,0.015894124
24975,0.10677884
58051,0.08877486
47653,0.012017486
69981,0.0071443585
99703,0.025536496
84034,0.00850309
104131,0.011246045
36041,0.07494578
4515,0.022609793
135360,0.032170266
61643,0.007000059
125318,0.03165452
106583,0.08561869
135482,0.08460418
106860,0.01888836
10348,0.009808881
128556,0.007987508
136387,0.12429279
101401,0.10856371
61533,0.041265186
7081,0.007928957
45854,0.025342822
24065,0.036836937
1935,0.02674256
10764,0.008823011
70374,0.011270351
145395,0.008583708
35358,0.09962927
22283,0.012888385
45248,0.012306703
111265,0.058267754
111542,0.035288922
107596,0.0115751475
130806,0.020709215
25915,0.013005039
40886,0.00674854
136372,0.017108412
67504,0.04926559
99325,0.014459923
71539,0.012394917
122200,0.13498776
132344,0.09415956
26162,0.014621447
129466,0.13079695
144309,0.034346588
72232,0.06994927
87710,0.016725048
87251,0.009356682
135208,0.0971629
129494,0.009606135
131460,0.015331997
18604,0.012109606
57861,0.012163012
115658,0.04029563
51559,0.022662072
106602,0.009376844
15194,0.012589222
23888,0.12457839
72551,0.010298313
130840,0.07180171
45994,0.03943076
71374,0.014498244
36644,0.008960945
70767,0.23497386
19666,0.25828043
91525,0.013311062
3475,0.12275624
61055,0.010145342
48903,0.0144082885
114422,0.019812008
139457,0.013092417
67256,0.053880338
27062,0.018063419
29471,0.00848924
39924,0.016832953
28520,0.060721736
72821,0.010324415
148768,0.017654657
2931,0.021467801
142787,0.07679093
108065,0.018794239
42902,0.102324285
79317,0.07841616
66976,0.009356217
78638,0.013216639
64131,0.58328104
53620,0.039294936
42332,0.0362626
4003,0.042137865
115992,0.0075971824
100097,0.1193171
79372,0.02431565
14474,0.0611752
127426,0.11581699
66196,0.03961156
118759,0.28076822
77942,0.031367257
48352,0.008445898
134916,0.09978575
82817,0.09079125
14109,0.057421073
70579,0.6191209
53556,0.006632929
110622,0.011416919
104060,0.012668194
124441,0.105547935
103815,0.012146673
71793,0.010813174
129246,0.011512224
41688,0.012838257
137933,0.014523822
26929,0.09683366
145793,0.039162144
117006,0.049469925
68374,0.034111664
93661,0.017948896
39217,0.009667135
69917,0.015896184
120781,0.012930195
67590,0.051934693
87494,0.05199609
17793,0.019113226
13380,0.012039852
149814,0.008947954
10652,0.056407824
148590,0.5647075
31262,0.17109446
8352,0.005718384
47831,0.05836438
147403,0.06637743
83495,0.008076609
7563,0.09113989
75733,0.12433494
143003,0.017028444
25449,0.12040133
112039,0.006906415
14178,0.012867412
76954,0.011248066
8388,0.007472156
30486,0.007548699
76222,0.00920065
130628,0.027454639
57977,0.00972939
95137,0.15960911
87167,0.05083212
111373,0.015622862
78938,0.01158732
62469,0.014349738
136114,0.0058267945
33538,0.07049153
52476,0.46474096
15744,0.016155055
130504,0.06517369
13400,0.007207519
135362,0.010718111
116911,0.021213777
93361,0.029277876
137678,0.39750257
65623,0.05774649
1641,0.022227397
122649,0.019616153
115322,0.008952052
112289,0.37479448
79159,0.05098284
89007,0.06674916
88961,0.007603984
110294,0.011665094
137561,0.010070226
116716,0.082110904
29288,0.08124765
42390,0.00686316
30426,0.006562838
11418,0.20406246
73602,0.040677723
2133,0.053814948
86139,0.07641549
122120,0.00868882
46079,0.051747892
23553,0.60080427
50639,0.021421518
82473,0.11321292
108131,0.010350319
6517,0.021715797
143031,0.05521911
27536,0.021910867
664,0.0383639
128069,0.019622376
137388,0.049564466
32118,0.030607544
89208,0.04775185
78258,0.007733584
95030,0.065397106
118486,0.010462573
136130,0.02286312
9930,0.009605746
49342,0.0066226884
5624,0.0093437135
36105,0.053450644
90932,0.015119285
142475,0.005865177
126097,0.010204295
114371,0.0074620843
64934,0.03315249
135341,0.011632517
70194,0.015831105
7384,0.5018372
28483,0.0056297737
98256,0.0181782
87955,0.008233228
121260,0.01680501
125027,0.20292072
126813,0.014799751
96451,0.009885898
12655,0.0060334452
134671,0.01587207
66678,0.13980031
126456,0.012105608
38450,0.05937657
31182,0.07144839
30014,0.04821854
82087,0.42983
86074,0.008729612
23011,0.008990356
25959,0.00900685
142415,0.009620268
83022,0.22953676
107604,0.03656313
147991,0.047929842
32481,0.011186626
42976,0.008247202
8973,0.012966699
84843,0.13419382
43572,0.050636046
58800,0.09224524
12170,0.017376356
80312,0.055970322
26676,0.06892561
56720,0.029132225
129891,0.022285074
19967,0.06278445
7281,0.13444276
28318,0.011199688
124725,0.013109883
83023,0.027165925
3155,0.025124995
46939,0.16945319
75989,0.033473838
86108,0.04188756
125677,0.059473157
103258,0.005317562
32017,0.019250372
83650,0.012771104
22688,0.012978618
145000,0.17179976
62491,0.06497963
110064,0.0070820865
48880,0.0069866977
140535,0.015384781
148924,0.013968458
6665,0.6214944
90145,0.011490381
8589,0.011355042
121180,0.0068068383
141444,0.20975088
52649,0.011129557
136101,0.09320794
12334,0.12599915
141484,0.011072427
62742,0.0850218
76737,0.020074781
77790,0.00903375
64965,0.20097342
77098,0.5102887
95205,0.014346319
83549,0.06272408
83392,0.091408215
124938,0.05994103
123,0.017264033
67582,0.014436702
7628,0.06688189
53838,0.013010548
133172,0.015822334
1009,0.10583472
32099,0.010201218
40153,0.07014693
82866,0.0061009647
142885,0.010827755
103272,0.19664024
71857,0.09408402
126305,0.016623318
66141,0.02328019
140983,0.016351398
67194,0.04365014
30358,0.010369527
126085,0.010651792
110337,0.03897516
13506,0.03563814
2620,0.025114134
68729,0.006879052
76886,0.32091287
59095,0.015184805
27168,0.014625294
49008,0.059948638
39214,0.4501237
92898,0.014542261
113747,0.023358371
134868,0.013246647
120816,0.01327608
29999,0.025798827
121703,0.0076465798
105366,0.021016175
72450,0.04404656
120192,0.26473287
29543,0.13029426
120197,0.15422101
130730,0.044252798
78516,0.33036238
72212,0.01584751
28998,0.049385164
66115,0.045602657
145133,0.6103064
10101,0.019435963
31877,0.04707209
61261,0.21154869
103711,0.04566954
139887,0.010293624
15346,0.015136969
65950,0.027590329
101553,0.05830026
14509,0.010547115
50520,0.0072790263
115122,0.027628772
136660,0.37043753
125095,0.08514483
50989,0.21015629
133780,0.03980716
118242,0.53012955
148997,0.016149607
147690,0.035727028
106030,0.016390106
122492,0.01429059
76837,0.013368381
28980,0.25388545
39693,0.009164728
97705,0.037884768
29551,0.01825532
17329,0.017380005
73945,0.05019974
71288,0.21274823
107563,0.01795278
76838,0.006410047
144497,0.044359863
34398,0.36414337
82726,0.028502055
52121,0.01150066
14343,0.026540957
113679,0.017184617
31497,0.012240976
147347,0.0070992443
145824,0.2712734
84388,0.06704971
92736,0.008854252
147208,0.019215116
60669,0.07029177
108582,0.009898508
139519,0.0074989703
72643,0.029887874
135312,0.012470706
37969,0.035373915
72198,0.012303127
78047,0.058257982
76855,0.0125384005
110599,0.04954002
121236,0.012160755
90946,0.013464987
118804,0.07854597
107209,0.008701828
15534,0.19108498
80707,0.049357682
44873,0.052610386
85313,0.00849313
86874,0.01194748
140837,0.01760256
37348,0.013407917
43514,0.01530624
14101,0.1270865
2193,0.07158775
106108,0.027010461
21649,0.061512385
102495,0.08887348
34187,0.021480326
93248,0.011448435
29475,0.019425537
124970,0.047732882
62070,0.047650144
45925,0.012003448
149048,0.011950801
62239,0.022820855
62459,0.007182317
36170,0.21107587
12700,0.088951066
103133,0.008111105
83630,0.096098155
70554,0.020260062
99474,0.1579657
49885,0.017241905
149795,0.6889916
20081,0.018183619
121062,0.05429649
77611,0.045198973
127794,0.029637793
113942,0.036125563
56984,0.014384735
98039,0.032300558
113019,0.0059726504
132400,0.017321622
146455,0.043007296
112007,0.3775988
67045,0.10324313
142215,0.025245652
134557,0.13645461
110889,0.029416982
32586,0.0777866
96481,0.043970045
142997,0.09312866
80050,0.0087511195
716,0.012278844
95166,0.049966663
16558,0.15516283
72344,0.045372352
43285,0.013579972
83162,0.01724951
87461,0.022991532
81597,0.012985626
1538,0.030067334
95311,0.019491743
75608,0.0513163
82151,0.021160508
125648,0.4757844
149263,0.054688837
44094,0.12453488
20304,0.6814452
146316,0.009724687
114060,0.033218317
14803,0.22499907
50027,0.16125967
76881,0.04193857
106137,0.013562244
55953,0.026044153
3063,0.059173435
36568,0.1245941
63466,0.02800608
143251,0.0064219935
117958,0.025706429
133210,0.06510839
72404,0.11273475
121795,0.009928917
110358,0.077026576
39789,0.018739954
89770,0.012823598
10902,0.0120499525
45156,0.010985704
86486,0.009805594
77372,0.015565918
132560,0.018681955
114217,0.05918495
89091,0.011514416
93706,0.008840062
18206,0.29499462
34213,0.03455151
5563,0.016468013
9862,0.014012893
50354,0.07202343
135839,0.12779766
99799,0.01093661
33933,0.010418519
149901,0.008310539
60909,0.007509888
22281,0.014489389
77365,0.057262305
96735,0.3299519
83799,0.018674841
135940,0.0318365
130659,0.20772348
107264,0.017677719
62042,0.25989768
63998,0.076655835
112047,0.007810569
76911,0.014347735
125102,0.0112304045
147775,0.7367938
94880,0.008276638
142261,0.009959671
32903,0.008648085
70784,0.032660943
57761,0.010474265
23410,0.015544327
46018,0.1459394
102484,0.04962986
129839,0.011327358
68905,0.038343605
68014,0.03329173
55581,0.012127017
11915,0.01872416
190,0.05593403
62895,0.010848735
75050,0.23630947
107454,0.2669032
142711,0.011085791
73128,0.00895545
131758,0.18595684
55463,0.029461652
146337,0.012314855
10588,0.011347182
97104,0.005869725
4656,0.016139617
127506,0.06776504
126810,0.0126960585
100389,0.6021361
77619,0.027298626
97634,0.1239519
23834,0.013708575
20010,0.0062450697
56391,0.1977938
1913,0.10368251
93601,0.052780386
107991,0.0083753355
110205,0.013706259
123505,0.0126172425
88432,0.015515471
140468,0.009847866
5562,0.10819156
146713,0.03820022
92062,0.021553457
30908,0.009753424
44781,0.008686873
131363,0.029217592
92560,0.027790269
122098,0.12804098
24834,0.006079634
38255,0.44978282
4723,0.10335094
7092,0.025454015
41289,0.34098536
112371,0.0063836104
114011,0.013792783
30347,0.030493686
28104,0.05402091
13207,0.0067561986
81380,0.011667688
3597,0.18066064
102434,0.06400187
79240,0.023369586
6947,0.08493886
60569,0.15565692
28312,0.0059304168
119665,0.37088346
92638,0.00931381
89599,0.46243143
55851,0.2538429
60123,0.078822404
21216,0.046169557
133084,0.4058723
127923,0.23074223
93993,0.019141374
148175,0.052349538
89064,0.48038578
103089,0.32032874
18724,0.01418723
14444,0.104572326
28879,0.0060985275
27336,0.007658442
87969,0.011340673
113998,0.047360215
124766,0.011242329
13152,0.015971273
83953,0.0066849655
19781,0.017515382
118945,0.030521983
58708,0.034750495
32030,0.0730696
23581,0.04095532
11852,0.009865592
143605,0.21621484
108421,0.06444897
2621,0.013844411
45527,0.012647092
60279,0.012556781
15096,0.0056995265
128786,0.020575957
45351,0.031622127
146648,0.007899839
138394,0.0070546973
79957,0.011168843
13124,0.00579498
71874,0.012104251
94546,0.02271825
8177,0.012243692
80364,0.06291647
70242,0.033513606
143259,0.009957673
108002,0.008742636
64714,0.010547239
106497,0.009456618
112338,0.0070408056
44931,0.056401428
71036,0.025039468
59861,0.013250973
68332,0.0069247764
127044,0.061105683
39552,0.008224405
136198,0.033839896
90858,0.19470689
117813,0.0145549085
120647,0.0095591415
21872,0.51053154
115424,0.20339814
17526,0.010424258
124572,0.3713913
37457,0.13028572
41530,0.030785535
56624,0.080568396
109505,0.012185922
91076,0.0069360924
72411,0.010217813
32702,0.013373954
90757,0.012594629
34331,0.008866263
33463,0.020575099
51617,0.07113365
143651,0.11784072
67912,0.02420346
49344,0.010035792
54522,0.0077734753
46578,0.30523226
54505,0.022765232
1838,0.0058202934
69271,0.02002193
128907,0.01984765
23722,0.014579598
4892,0.009672957
117476,0.058721844
30491,0.01643183
47618,0.009904879
144611,0.019074354
72102,0.011250393
139372,0.012642442
70801,0.31280434
72675,0.20731889
65176,0.008214116
80708,0.14818768
1520,0.009106689
73530,0.05330319
50733,0.3897036
42851,0.08729133
122652,0.012402519
34719,0.018562047
145385,0.036636323
147481,0.06511402
46203,0.010107209
53327,0.048806995
60627,0.068872586
48094,0.02387343
120680,0.19055504
73917,0.051128834
12310,0.08978246
137550,0.056985714
104835,0.04899365
130344,0.019360293
863,0.044976335
137380,0.0066836355
107733,0.4307853
32618,0.057776336
136523,0.007850769
129855,0.06660452
85416,0.013085766
3360,0.011112771
15524,0.0239962
11470,0.03977047
56297,0.03594952
48185,0.008544896
142289,0.016137369
119101,0.015986042
131906,0.012189355
90200,0.03820714
83999,0.032550026
64645,0.10789851
11849,0.013338389
17557,0.21774395
121106,0.16746455
82822,0.011826917
33496,0.041596405
76496,0.018431649
64603,0.037745435
122134,0.015058082
135336,0.014411179
61317,0.074829146
26254,0.006550442
96254,0.09217365
78339,0.042404156
41497,0.0066588405
89165,0.10134824
117955,0.0070332456
94882,0.038742818
39352,0.009559688
78939,0.0074669803
59914,0.018543245
127680,0.06259044
20290,0.0535249
106634,0.060128536
101154,0.01879743
58122,0.014732503
76421,0.08401008
5415,0.13215095
53491,0.078068055
77669,0.07254175
110578,0.10456029
65704,0.025019854
10512,0.0139482515
74670,0.010542682
72639,0.014214886
79065,0.03674015
127453,0.014225421
111483,0.07506352
100781,0.07614242
119466,0.015434591
125834,0.049760617
5859,0.0136199575
8971,0.10351236
18843,0.007623645
86174,0.031073838
108711,0.1362029
3489,0.028869962
146772,0.032004606
53809,0.3056849
86665,0.06044865
68148,0.0082180565
30260,0.01248827
96938,0.0073178336
61957,0.032638766
3726,0.010065706
58273,0.04962685
103364,0.017383654
146390,0.058886386
98063,0.04579862
134749,0.013274618
113100,0.015582565
100141,0.03757148
17020,0.05016483
97409,0.018812712
39819,0.012375886
19477,0.14268763
27231,0.028471142
90462,0.07549798
71100,0.47727573
63859,0.012647092
95006,0.058133904
31501,0.090015166
47647,0.057252493
30556,0.076982655
46133,0.013674761
75712,0.07419931
23311,0.01965992
116927,0.029884977
12279,0.012718157
38501,0.013960514
57127,0.7276981
126134,0.014260288
34534,0.29931435
61060,0.011434051
100099,0.019013299
7506,0.012709675
139749,0.34125376
11586,0.010349507
129028,0.020503346
138593,0.072397985
141134,0.0580633
14565,0.0728089
11377,0.008187321
135965,0.018879246
127095,0.0073120757
12938,0.058839213
81644,0.030531524
17797,0.0113669
44686,0.051071364
145205,0.014459202
63699,0.00862245
68915,0.010736378
147422,0.013764305
119708,0.020845892
20360,0.049314044
17917,0.097937055
147928,0.01712737
69886,0.060492214
102124,0.039033927
97059,0.016313318
61866,0.0885238
63494,0.03770338
104317,0.01047899
93762,0.008259938
95148,0.043035958
133196,0.36714098
126099,0.0071368064
29645,0.08716815
124267,0.01826289
106960,0.012286514
112594,0.012840796
83864,0.0059584077
102079,0.18769188
134082,0.22002034
44352,0.04523055
31116,0.012518945
147400,0.025239374
123272,0.047762953
71575,0.010030791
107277,0.008327316
126396,0.13941772
67814,0.042801384
99522,0.10581559
101614,0.19508007
10848,0.044465363
111505,0.36630926
21925,0.1855168
25712,0.014280906
147782,0.006628934
65143,0.040570322
93509,0.061314065
64083,0.016751982
16461,0.013944915
5277,0.006342668
148969,0.019100357
139642,0.029962465
72405,0.042903963
64039,0.02059245
147772,0.008381912
54019,0.02823531
35343,0.023115937
139747,0.097300775
125603,0.048912108
28365,0.019253194
81890,0.016260184
23472,0.014620134
134581,0.4100037
37955,0.012558909
44550,0.030607073
71345,0.007301046
101727,0.013195474
105127,0.5121209
101281,0.04992683
11606,0.070678614
27101,0.014371964
86867,0.021184545
116088,0.008894961
3468,0.34647113
23207,0.007842183
79069,0.011707792
140882,0.025119903
48226,0.4147037
84529,0.010333671
43635,0.014323633
26239,0.014758841
49793,0.1601302
125487,0.03189551
141023,0.007068934
34254,0.034658335
71710,0.010646286
20051,0.051488284
13498,0.02971272
11867,0.006588423
56225,0.013869725
127840,0.012678332
43997,0.00941371
73752,0.09491939
136000,0.00682623
48428,0.04048267
18981,0.012711309
102109,0.018999564
71820,0.011396942
52470,0.059144933
17656,0.021877736
66226,0.094087124
100156,0.36710396
56989,0.016652573
43433,0.01533081
65577,0.007074425
33338,0.010252042
122686,0.107310876
85381,0.008644456
75231,0.27146152
13963,0.012344953
69230,0.030003147
107437,0.008691584
72175,0.009379072
7719,0.05959335
78387,0.011449929
5983,0.0062061604
99737,0.044378165
102950,0.018556267
123605,0.0330733
88911,0.022024369
87098,0.024844045
122195,0.09977324
110173,0.021477556
27593,0.038810004
101813,0.09419998
134767,0.008031117
94978,0.013211739
87157,0.0072743176
7020,0.012647306
48679,0.0059960573
15535,0.23831113
143642,0.013505034
79459,0.006892105
73942,0.0318686
18824,0.032252118
114851,0.011842966
23366,0.006100418
27073,0.013250045
75441,0.018441223
102074,0.07182575
15791,0.012465757
40202,0.021095976
81050,0.019848071
114966,0.02676484
149385,0.023211332
107636,0.008174906
18765,0.07698034
37292,0.48897052
60021,0.008465064
22995,0.010624245
136690,0.015510863
93713,0.37395895
135445,0.05837145
24417,0.08459345
34105,0.008975553
23087,0.0069892714
93261,0.010799177
99981,0.01654842
28776,0.007899081
118754,0.008849894
53299,0.02218252
119262,0.02163324
51424,0.24602999
63792,0.007847691
33742,0.007293809
95277,0.083710626
133434,0.007800923
106825,0.032461196
54120,0.043665215
134613,0.04042832
83992,0.077052444
8227,0.054984916
31054,0.011155643
111229,0.012484783
32223,0.09496877
44138,0.009030046
139684,0.07298392
95829,0.031135924
139304,0.032722555
80174,0.0753412
47323,0.038040247
110207,0.2858551
91103,0.010856602
145734,0.20218906
24477,0.5677285
101276,0.05323958
22380,0.018203437
100605,0.009471052
123166,0.029528512
130717,0.012318104
71306,0.13715385
134214,0.0075669214
52942,0.008452434
110459,0.009765266
147224,0.058208477
79464,0.03831586
117969,0.008296411
22751,0.06701722
32970,0.006785084
63404,0.06013288
116489,0.08679052
47012,0.029640108
19226,0.01121948
64428,0.010639599
109292,0.029052984
22236,0.010941429
41229,0.007065949
111372,0.015246459
149660,0.01640704
97095,0.43745494
2093,0.015969563
60828,0.04222239
122029,0.31450692
41186,0.006885408
88368,0.008647394
104238,0.008456956
84637,0.05170898
98396,0.008556902
103664,0.023244426
40957,0.065167025
99368,0.16746855
53615,0.022973869
132683,0.017755283
31906,0.00652275
147695,0.09244532
147063,0.026521413
78687,0.010078238
129198,0.011478082
43332,0.02120719
27163,0.018369755
16422,0.023697304
34306,0.00807358
130042,0.0060574473
108273,0.014115756
82312,0.015449236
80342,0.6640496
111300,0.021721927
107103,0.031030023
20494,0.05418443
111178,0.00868168
94343,0.017089602
37712,0.06844658
25609,0.06633495
62596,0.028175626
54951,0.022325436
103763,0.5104357
44199,0.08651333
23667,0.140258
43636,0.10217645
101085,0.023211688
98329,0.010119406
32958,0.7471449
100949,0.013564503
118536,0.00629057
26660,0.009484516
61905,0.5063875
4433,0.12209791
3037,0.007582213
85491,0.10413447
103838,0.03154828
53530,0.0060004946
65638,0.010475391
2367,0.085825875
97589,0.02161551
47845,0.006703828
134403,0.09049855
127102,0.04263655
83219,0.011716027
113277,0.29966465
146319,0.06192304
110406,0.0069520334
87959,0.016119005
24861,0.012993463
120988,0.010938437
3317,0.08349896
117911,0.05473692
29360,0.01895322
6702,0.010226208
147171,0.024306148
96908,0.014311871
28497,0.08207162
41012,0.049794294
57690,0.07221155
109955,0.008804532
107130,0.057683438
95123,0.0064253807
42947,0.01931439
134442,0.01564586
110490,0.020817185
78822,0.006539138
67722,0.06363184
146707,0.005967096
27878,0.09175048
52200,0.012854057
83431,0.008421837
94580,0.06735142
42296,0.00740871
34911,0.104438
47834,0.015378426
96283,0.016190898
94992,0.10024621
74882,0.01871509
116662,0.014905194
61183,0.034871057
124224,0.0107685495
75700,0.09313506
61125,0.17576344
123410,0.02045086
26483,0.022320291
129355,0.010625708
26798,0.03688469
70231,0.031128773
103737,0.012260219
113461,0.024016632
52423,0.012338361
134103,0.027471812
80935,0.011956861
22221,0.08740957
32361,0.08202882
106608,0.07066663
5745,0.080671966
140812,0.010860326
20830,0.013985236
20686,0.021845607
144998,0.012640497
77013,0.008529543
85697,0.012357022
10223,0.3970307
52334,0.07465087
103776,0.007778148
62825,0.040936314
42864,0.042844657
111465,0.11079251
33332,0.05930625
40081,0.0070021837
122586,0.012674553
133853,0.013025994
118027,0.009869132
83588,0.015093186
101106,0.020530071
15127,0.021231305
21395,0.021361336
104454,0.012703784
120979,0.010332628
51188,0.07326603
134383,0.0258718
111343,0.06348201
108370,0.0749462
81514,0.017004173
7915,0.043924548
78043,0.04118683
128553,0.0078924475
139373,0.020048894
149708,0.02454348
98001,0.029671477
134286,0.03688507
104387,0.008298553
28537,0.13947172
83949,0.0062774294
14685,0.0058183786
88276,0.01219658
80951,0.006167186
17716,0.01847307
82475,0.14172997
68724,0.41567716
144634,0.011329905
107859,0.12370683
116095,0.393802
112479,0.0065553556
142970,0.012363437
36026,0.012818733
48608,0.0142831085
127340,0.019406417
128142,0.04884474
89600,0.019077366
86992,0.013571888
79784,0.015006915
39548,0.16277857
122638,0.009311922
73287,0.74372804
31557,0.33305803
127789,0.012657129
88715,0.015024935
82054,0.087379776
3820,0.071773015
50276,0.014753283
49416,0.015880222
78508,0.45747763
1078,0.012919403
73062,0.021066813
57762,0.013012944
72294,0.17092012
110582,0.02469685
73957,0.08405318
36142,0.015980612
139489,0.011522255
15380,0.014850061
94190,0.021009238
96825,0.08211248
5716,0.080686614
72216,0.010982275
7867,0.090661265
13114,0.015459066
107682,0.032562997
47412,0.010534472
69892,0.0074152565
17210,0.0392781
134011,0.03999696
120051,0.009763474
35308,0.011544946
42720,0.0075600813
33079,0.05432528
40423,0.025720697
149676,0.030529458
51533,0.006625685
38452,0.012969654
101029,0.015312774
94433,0.065750554
41807,0.013331713
38199,0.03077418
60222,0.024353413
125310,0.019883247
123047,0.014146747
22859,0.36708876
34768,0.025799721
22206,0.039089978
87667,0.017749472
103381,0.035336412
26902,0.015674556
89707,0.06284044
145068,0.011150836
146981,0.014641947
117363,0.012970583
40850,0.019610725
30061,0.010175045
49971,0.008725623
12690,0.029720357
54788,0.050758112
17451,0.3486704
92563,0.6776051
80403,0.09186151
57113,0.051134724
71515,0.041917115
129856,0.007845059
81647,0.02206919
118034,0.051477678
142389,0.009310937
120774,0.009354197
111808,0.23915471
138949,0.124571696
67411,0.01645184
140151,0.014416918
52246,0.0066749384
15913,0.011722201
73467,0.011477228
3720,0.006051786
47393,0.03804084
17454,0.15081309
62833,0.072251156
129112,0.0065119714
94739,0.056248724
32852,0.034009352
20489,0.07940842
15471,0.014492869
28265,0.006081919
51544,0.014561702
67106,0.041183803
95265,0.07335748
7438,0.012441712
74290,0.0482221
121982,0.0210913
119445,0.0363343
149321,0.017786903
39844,0.071049444
123881,0.0069003277
45998,0.024927804
29919,0.010756036
97795,0.006587989
119800,0.016415238
78293,0.075618215
137422,0.015883194
33879,0.061756685
112249,0.020206502
7532,0.18708433
109712,0.1812103
60170,0.07751234
138964,0.061213516
11082,0.009595313
35329,0.015102658
74258,0.0069793435
48890,0.06253816
109327,0.03096683
31234,0.03263234
97192,0.34869304
101638,0.011412985
47898,0.0101967845
99819,0.020471193
58849,0.20170636
143415,0.010804614
75784,0.007784893
83249,0.011991138
3723,0.47885945
145456,0.007687972
81193,0.016541071
79639,0.017902525
32319,0.020134056
46566,0.009586721
5935,0.015998185
56188,0.14125338
19393,0.052988138
36480,0.007170697
121095,0.007314537
141720,0.026582927
8631,0.060328405
82579,0.2437311
38739,0.28845128
72436,0.14878534
11581,0.101768985
44806,0.02573312
126582,0.020546531
133491,0.00673981
124220,0.02627272
82298,0.170667
52933,0.010639031
148255,0.011508464
134357,0.01984247
1316,0.005942627
47927,0.037133325
71527,0.58728844
92486,0.10019567
111525,0.00877754
121183,0.0078048436
4992,0.024545591
67540,0.03439516
127434,0.012398192
50386,0.61910266
70326,0.035424642
86207,0.01635222
41501,0.012018494
19858,0.013582591
104266,0.04401827
125732,0.4475977
53403,0.0970545
102080,0.031140119
44418,0.09572049
92524,0.0598399
6943,0.13559444
87497,0.04216503
32851,0.013432064
26738,0.0352855
12040,0.010808824
91361,0.007899728
38532,0.047954403
117394,0.051794264
138374,0.012285669
28779,0.0113555025
113076,0.01867311
43569,0.25607234
121855,0.09736159
43258,0.011929138
72657,0.095172115
107903,0.007864784
108797,0.081424914
106356,0.09732432
136351,0.043978017
111695,0.014474561
135001,0.01633029
46302,0.08679732
77564,0.0072186776
139011,0.021450855
87782,0.059544817
10105,0.012122139
131270,0.011591498
71289,0.024543948
38504,0.030416507
16301,0.06805704
141384,0.22671261
85404,0.009109569
20662,0.4453179
30907,0.008830077
8436,0.019975288
70257,0.037032686
123802,0.02153308
126859,0.037949637
85763,0.013814885
75285,0.023110006
149770,0.4144674
28163,0.26223072
22775,0.009509133
127991,0.27517718
56529,0.014963398
127944,0.38481888
113331,0.0701558
33564,0.012477296
138781,0.006322049
55354,0.013378176
48477,0.013205057
35724,0.027528426
75382,0.010018312
39477,0.012560346
11045,0.091517024
23926,0.029882643
104715,0.739882
57252,0.027107814
83654,0.09896447
63999,0.043961097
21063,0.09518903
49772,0.007907886
2200,0.01218858
118155,0.3342094
128649,0.013411147
12699,0.35868144
88685,0.033328112
45564,0.0066156997
43914,0.049448974
8638,0.012018879
39970,0.024878718
139428,0.376625
107180,0.013382759
80962,0.026077805
56212,0.076274335
32581,0.015543954
62462,0.024679452
128562,0.014662849
138097,0.4262607
106951,0.013333426
36401,0.038293984
83373,0.02929794
32002,0.30213475
99101,0.2427726
110136,0.30350754
47051,0.03710948
59793,0.027080525
143102,0.012552254
31777,0.0071331575
35192,0.047539983
73457,0.016330766
117863,0.0567405
21396,0.045052208
125441,0.014476016
89305,0.022971205
85274,0.04560679
80759,0.015872167
15856,0.010062106
50142,0.022031879
108504,0.09387316
65125,0.007949294
15771,0.23399065
147294,0.010619139
86197,0.019509528
34757,0.12391076
21013,0.050551977
71031,0.011333175
89612,0.017090907
115705,0.01116082
65457,0.016082527
139991,0.05824111
10303,0.057414692
91539,0.08255014
3888,0.014582421
108344,0.49520475
28459,0.5028574
19872,0.21189286
73635,0.012334166
58262,0.011201751
81166,0.005951464
34217,0.08257254
138585,0.013448042
91231,0.031649012
28411,0.00935757
120742,0.015966544
142561,0.010713364
33555,0.013679631
56910,0.010502407
16183,0.077784926
84101,0.03285774
84834,0.013564522
51507,0.028808704
123628,0.006524202
149828,0.0613746
19160,0.010525108
80188,0.12043997
607,0.23903194
1168,0.67804086
36330,0.013450282
17813,0.013853867
66466,0.009193937
67586,0.02889666
113896,0.07793217
89280,0.029415112
73560,0.008441961
113528,0.012616916
33160,0.03361043
118378,0.04341053
17664,0.009769538
97871,0.027264683
35049,0.012009704
102383,0.006158202
36278,0.007072359
24892,0.07604167
145526,0.006512607
147700,0.011759231
44841,0.012360979
96615,0.014376531
51927,0.0757397
98899,0.07831138
85057,0.041146927
99389,0.007116848
74531,0.007291324
63510,0.010138113
59891,0.02042631
142348,0.016956154
40641,0.009689767
91902,0.0073256805
35658,0.007158534
26092,0.018408693
46013,0.021187244
12586,0.06033628
123885,0.08948762
106867,0.056363817
10323,0.3150769
38906,0.0545312
99661,0.010589492
128396,0.014647047
123797,0.013914151
100179,0.013371463
3946,0.011357189
12196,0.033067748
52156,0.01175373
102911,0.11286205
142434,0.02450871
44832,0.049070865
127129,0.037130103
100143,0.5874941
30579,0.027301602
44017,0.012624153
69651,0.7250638
5875,0.09257582
32938,0.012293019
60698,0.012711782
38728,0.02003537
55526,0.17597248
119822,0.012171134
120605,0.009686812
129536,0.23688272
76820,0.011304605
101173,0.012354845
58572,0.056145635
15682,0.1898893
132541,0.008630007
55484,0.026228556
4791,0.008128222
114926,0.07522717
123366,0.13854434
68297,0.09286387
57040,0.007650061
32155,0.012568961
110675,0.015057289
65960,0.38809758
94670,0.032953665
97841,0.01746431
22168,0.006375727
122843,0.010877729
45743,0.00635374
107339,0.014275411
133703,0.02635014
29613,0.043375097
111167,0.009055932
80289,0.11419978
93212,0.22806513
37679,0.007765755
66239,0.0077656633
98826,0.1122209
14549,0.03719084
137107,0.09563371
31370,0.02704241
94990,0.084453836
109881,0.2011882
141910,0.015214855
143146,0.014907721
105654,0.0088650845
64621,0.117861405
11757,0.03568126
9845,0.013823705
109969,0.0071251118
481,0.25980586
63428,0.0070244526
31606,0.6565628
126789,0.10433979
5787,0.019958248
106871,0.0072961333
93161,0.013593302
40020,0.006762198
60765,0.015113605
91203,0.025168462
87645,0.012771495
146023,0.15628241
81270,0.0066104056
86000,0.009410451
96725,0.014448015
41246,0.015269881
1969,0.026100872
49864,0.025633074
142274,0.061813205
13358,0.011150521
131156,0.06729642
117831,0.07593352
99009,0.046942845
6444,0.6631397
124320,0.026449852
18769,0.0100675495
121346,0.009386102
37775,0.03418922
19206,0.009898784
106849,0.080409884
35719,0.007881291
122603,0.010078501
80481,0.16569644
91535,0.01310411
138586,0.017429521
71099,0.010407208
58560,0.0110771945
17663,0.06498155
109461,0.07476379
111823,0.017660504
23705,0.009354131
141588,0.021611616
96374,0.13305096
15656,0.034401722
126431,0.011033216
144788,0.37914482
120532,0.009820671
39266,0.054935183
89128,0.012219362
97026,0.00846456
101792,0.06916486
54462,0.07746871
62119,0.01425502
51749,0.09127696
18603,0.18731797
86533,0.01747219
81489,0.011072933
136441,0.018888516
91259,0.044310685
149856,0.04426827
91310,0.03836344
25179,0.014184363
41090,0.21078841
76254,0.37187904
49983,0.023424957
9745,0.021063112
127386,0.74307793
53771,0.085372165
54420,0.026131622
149083,0.10182997
51517,0.10226828
58103,0.01622639
47611,0.57541174
24628,0.06247167
125837,0.007118809
45836,0.021912485
33054,0.015528143
121468,0.2056534
82733,0.013098598
71114,0.2870253
37434,0.011891517
101210,0.08860271
17137,0.009627221
79683,0.008059155
30161,0.03215512
72968,0.05659902
79723,0.0110674
83483,0.006594612
35427,0.0112278415
39622,0.012088876
145978,0.008780512
31766,0.010732505
127811,0.03766378
125985,0.12114746
64824,0.085874245
118490,0.008081172
24595,0.009650677
2834,0.0096000405
82060,0.008562693
119115,0.014458428
68000,0.010779309
129723,0.011001429
121566,0.015703075
9641,0.019509122
39735,0.012499761
19444,0.033528868
111247,0.060024794
83193,0.034485407
115958,0.0071031307
30956,0.006094017
139673,0.033365387
135456,0.012716523
40127,0.008905671
115369,0.014144373
37324,0.011186757
127204,0.09293666
1661,0.008541891
94267,0.015031032
64688,0.016598174
136960,0.055645417
132891,0.013351291
118435,0.0128672365
101269,0.019594427
124482,0.014154198
37565,0.013380116
42381,0.07743804
118639,0.021562057
3732,0.00832491
87668,0.027149187
79737,0.57108027
50644,0.0435649
1569,0.006489361
74606,0.016070586
23611,0.0416246
28876,0.009206412
111774,0.014756291
48437,0.012143584
137575,0.010052069
104777,0.007908889
75349,0.21746022
82171,0.007449807
120975,0.019454593
86728,0.013254335
98906,0.011464203
104195,0.00998984
114220,0.011982762
4846,0.056581203
95251,0.03334825
72776,0.04173356
129501,0.020882778
16371,0.040848847
130764,0.0182184
41263,0.056314215
101817,0.059198853
115408,0.0076193567
20809,0.01866659
17243,0.119095385
51967,0.007327421
42278,0.010141228
58069,0.018053804
5469,0.012069082
9507,0.03904771
62597,0.006669756
8448,0.005453768
119248,0.08856459
111345,0.052753072
43996,0.010616163
77095,0.0076807607
30429,0.02366203
109495,0.09006806
70268,0.09371651
134779,0.01852079
91810,0.1014477
142899,0.015497579
107548,0.074126825
106501,0.4799759
104116,0.033229705
133032,0.016428763
118800,0.0059923776
91797,0.16240339
26904,0.017744483
38699,0.049552962
30108,0.034653854
127185,0.0075907498
82408,0.10683133
421,0.18501307
89153,0.15087974
114053,0.019590374
87133,0.02025688
51619,0.0071626767
110913,0.12677649
4186,0.028440177
35233,0.010509907
116628,0.11905465
102098,0.019646134
20042,0.0055641066
78689,0.11525952
108644,0.021894926
65496,0.15837044
75291,0.020921772
139746,0.1659504
47715,0.115635656
28482,0.011236628
92156,0.0079671005
52907,0.007448207
55078,0.018843753
148760,0.015133428
17373,0.013537483
26888,0.02515617
10661,0.45490408
15369,0.106627695
114117,0.027861983
124,0.08432062
81027,0.020512957
53578,0.03706187
49862,0.0070773065
70799,0.038275275
113398,0.056590237
93743,0.1737274
22528,0.007890682
102140,0.02665497
43992,0.080422916
107948,0.015878225
117749,0.030684235
111618,0.052266855
96309,0.037914112
82539,0.06239147
58467,0.03213962
1523,0.018110089
10803,0.006338423
138720,0.06854024
18174,0.023716925
90754,0.21989235
146453,0.4622794
48891,0.0742858
103241,0.0147048775
97576,0.009546302
41073,0.015385879
19831,0.01536242
111207,0.0109535465
118023,0.071107626
45884,0.011557882
58769,0.01199529
102192,0.03832739
60972,0.00718911
52998,0.012050543
48954,0.010256789
99571,0.032280743
144335,0.010068054
33952,0.027727155
27882,0.03681761
108188,0.040157326
56423,0.015088082
52056,0.015070568
133830,0.09828297
87081,0.022831928
55431,0.029406657
38278,0.12980933
15650,0.010093245
125432,0.014219491
145699,0.019827006
18987,0.56550604
6442,0.012588719
82679,0.01377762
77622,0.021976918
134846,0.015772223
72353,0.36306274
46810,0.0167631
143850,0.030721426
72597,0.0812833
89591,0.0137724895
122947,0.026424233
30804,0.020615779
84319,0.012334067
49273,0.053336926
128961,0.00896969
32086,0.013901451
123722,0.032118905
83506,0.031775363
64132,0.21329595
44800,0.038888022
75008,0.013954241
136121,0.015949083
28548,0.0132455565
142568,0.018061364
60266,0.017597571
136976,0.007127348
2954,0.017916834
58858,0.080872834
51289,0.1469213
14011,0.06002691
21437,0.025393158
121225,0.03708542
96697,0.025139395
112918,0.015986959
66208,0.016865766
6798,0.041347392
144316,0.21822011
147940,0.35413268
64215,0.5533076
111740,0.016571218
64909,0.077732384
73670,0.009332271
53058,0.016589964
47622,0.02113469
2966,0.007284697
75126,0.109269165
95546,0.3595328
13052,0.026694503
130208,0.01099492
38468,0.0069651315
20569,0.0702849
74728,0.011922333
67915,0.008223107
83087,0.01306324
88476,0.015855707
110305,0.036104772
138141,0.012985926
81097,0.016613023
118982,0.011524417
131126,0.024862016
19089,0.012649206
91492,0.08524262
103975,0.09837306
17098,0.0074672215
80562,0.21479097
36101,0.6264767
33962,0.20156203
2302,0.020333925
100777,0.015219372
36413,0.007963313
128656,0.035623524
110023,0.027303115
124596,0.006464093
75895,0.03976414
92453,0.08426104
139288,0.1010029
59825,0.051096145
