id,laptop_ID,Company,Product,TypeName,Inches,ScreenResolution,Cpu,Ram,Memory,Gpu,OpSys,Weight,Price_euros
268,1002,Dell,Inspiron 5567,Notebook,15.6,1366x768,Intel Core i7 7500U 2.7GHz,8.0,1TB HDD,AMD Radeon R7 M445,Windows 10,2.36,749.0
347,867,Asus,X541NA (N4200/4GB/1TB/W10),Notebook,15.6,1366x768,Intel Pentium Quad Core N4200 1.1GHz,4.0,1TB HDD,Intel HD Graphics 505,Windows 10,2.0,449.0
353,966,Toshiba,Portege Z30-C-1CW,Notebook,13.3,Full HD 1920x1080,Intel Core i5 6200U 2.3GHz,8.0,256GB SSD,Intel HD Graphics 520,Windows 7,1.2,1460.0
578,767,Dell,Alienware 17,Gaming,15.6,IPS Panel 4K Ultra HD 3840x2160,Intel Core i7 7700HQ 2.8GHz,16.0,256GB SSD +  1TB HDD,Nvidia GeForce GTX 1070,Windows 10,4.42,2868.99
42,1241,Dell,Latitude E7270,Ultrabook,12.5,Full HD / Touchscreen 1920x1080,Intel Core i5 6300U 2.4GHz,8.0,256GB SSD,Intel HD Graphics 520,Windows 7,1.26,1713.37
867,376,Asus,ZenBook Flip,2 in 1 Convertible,15.6,Full HD / Touchscreen 1920x1080,Intel Core i7 7500U 2.7GHz,12.0,512GB SSD +  2TB HDD,Nvidia GeForce GT 940MX,Windows 10,2.26,1099.0
1136,60,Asus,X541UA-DM1897 (i3-6006U/4GB/256GB/FHD/Linux),Notebook,15.6,Full HD 1920x1080,Intel Core i3 6006U 2GHz,4.0,256GB SSD,Intel HD Graphics 520,Linux,2.0,415.0
609,1157,MSI,GP62M 7RDX,Gaming,15.6,Full HD 1920x1080,Intel Core i7 7700HQ 2.8GHz,8.0,128GB SSD +  1TB HDD,Nvidia GeForce GTX 1050,Windows 10,2.4,1142.8
474,110,Asus,UX430UQ-GV209R (i7-7500U/8GB/256GB/GeForce,Ultrabook,14.0,IPS Panel Full HD 1920x1080,Intel Core i7 7500U 2.7GHz,8.0,256GB SSD,Nvidia GeForce 940MX,Windows 10,1.3,1193.0
838,1263,Asus,Rog GL553VE-FY052T,Gaming,15.6,IPS Panel Full HD 1920x1080,Intel Core i7 7700HQ 2.8GHz,16.0,256GB SSD +  1TB HDD,Nvidia GeForce GTX 1050 Ti,Windows 10,2.5,1600.0
851,1243,Asus,X540SA-RBPDN09 (N3710/4GB/1TB/W10),Notebook,15.6,1366x768,Intel Pentium Quad Core N3710 1.6GHz,4.0,1TB HDD,Intel HD Graphics 405,Windows 10,2.65,309.0
904,79,Dell,Inspiron 5570,Notebook,15.6,Full HD 1920x1080,Intel Core i7 8550U 1.8GHz,8.0,128GB SSD +  1TB HDD,Intel UHD Graphics 620,Windows 10,2.02,855.0
355,957,Toshiba,Tecra A50-C-1ZV,Notebook,15.6,1366x768,Intel Core i5 6200U 2.3GHz,8.0,256GB SSD,Intel HD Graphics 520,Windows 10,2.2,1119.0
44,579,HP,15-cd005nv (A9-9420/6GB/256GB/Radeon,Notebook,15.6,IPS Panel Full HD 1920x1080,AMD A9-Series A9-9420 3GHz,6.0,256GB SSD,AMD Radeon 530,Windows 10,1.95,649.0
36,834,Toshiba,Satellite Pro,Notebook,14.0,1366x768,Intel Pentium Dual Core 4405U 2.1GHz,4.0,128GB SSD,Intel HD Graphics 510,Windows 10,1.75,499.0
971,82,Dell,Latitude 5590,Ultrabook,15.6,IPS Panel Full HD 1920x1080,Intel Core i5 8250U 1.6GHz,8.0,256GB SSD,Intel UHD Graphics 620,Windows 10,1.88,1096.16
938,159,Lenovo,Yoga 520-14IKB,2 in 1 Convertible,14.0,IPS Panel Full HD / Touchscreen 1920x1080,Intel Core i3 7100U 2.4GHz,4.0,256GB SSD,Intel HD Graphics 620,Windows 10,1.74,629.0
718,332,Acer,Aspire E5-575,Notebook,15.6,1366x768,Intel Core i5 7200U 2.5GHz,6.0,1TB HDD,Intel HD Graphics 620,Windows 10,2.23,549.0
518,617,Lenovo,Thinkpad P51,Notebook,15.6,IPS Panel 4K Ultra HD 3840x2160,Intel Xeon E3-1535M v6 3.1GHz,32.0,1TB SSD,Nvidia Quadro M2200M,Windows 10,2.5,4899.0
1126,172,Acer,Aspire A517-51G,Notebook,17.3,IPS Panel Full HD 1920x1080,Intel Core i5 8250U 1.6GHz,8.0,256GB SSD,Nvidia GeForce MX150,Windows 10,3.0,854.0
51,1097,Lenovo,Yoga Book,2 in 1 Convertible,10.1,IPS Panel Touchscreen 1920x1200,Intel Atom x5-Z8550 1.44GHz,4.0,64GB Flash Storage,Intel HD Graphics 400,Windows 10,0.69,646.27
772,717,HP,17-ak002nv (A10-9620P/6GB/2TB/Radeon,Notebook,17.3,IPS Panel Full HD 1920x1080,AMD A10-Series 9620P 2.5GHz,6.0,2TB HDD,AMD Radeon 530,Windows 10,2.71,655.01
1001,814,HP,EliteBook 820,Netbook,12.5,1366x768,Intel Core i5 7300U 2.6GHz,8.0,256GB SSD,Intel HD Graphics 620,Windows 10,1.26,1389.0
330,202,HP,Omen 17-W295,Gaming,17.3,IPS Panel Full HD 1920x1080,Intel Core i7 7700HQ 2.8GHz,16.0,256GB SSD +  1TB HDD,Nvidia GeForce GTX 1050,Windows 10,3.35,1379.0
66,405,Dell,Precision M5520,Workstation,15.6,4K Ultra HD / Touchscreen 3840x2160,Intel Core i7 7700HQ 2.8GHz,8.0,256GB SSD,Nvidia Quadro M1200,Windows 10,1.78,2712.0
829,41,Asus,X540UA-DM186 (i3-6006U/4GB/1TB/FHD/Linux),Notebook,15.6,Full HD 1920x1080,Intel Core i3 6006U 2GHz,4.0,1TB HDD,Intel HD Graphics 620,Linux,2.0,389.0
1129,741,Acer,Extensa EX2540-58KR,Notebook,15.6,1366x768,Intel Core i5 7200U 2.5GHz,4.0,500GB HDD,Intel HD Graphics 620,Windows 10,2.4,559.0
1197,983,Lenovo,IdeaPad 310-15IKB,Notebook,15.6,Full HD 1920x1080,Intel Core i5 7200U 2.5GHz,6.0,256GB SSD,Nvidia GeForce 920MX,Windows 10,2.4,695.0
171,407,Lenovo,IdeaPad 320-15IAP,Notebook,15.6,1366x768,Intel Celeron Dual Core N3350 1.1GHz,4.0,1TB HDD,Intel HD Graphics 500,Windows 10,2.2,306.0
233,323,HP,ProBook 640,Notebook,14.0,Full HD 1920x1080,Intel Core i5 7200U 2.5GHz,8.0,256GB SSD,Intel HD Graphics 620,Windows 10,1.95,980.0
205,166,Dell,Inspiron 3576,Notebook,15.6,Full HD 1920x1080,Intel Core i5 8250U 1.6GHz,8.0,256GB SSD,AMD Radeon 520,Windows 10,2.13,728.0
361,309,Asus,GL553VE-FY082T (i7-7700HQ/8GB/1TB,Gaming,15.6,Full HD 1920x1080,Intel Core i7 7700HQ 2.8GHz,8.0,128GB SSD +  1TB HDD,Nvidia GeForce GTX 1050 Ti,Windows 10,2.5,1265.0
1250,1276,Lenovo,B51-80 (i7-6500U/8GB/1008GB/Radeon,Notebook,15.6,Full HD 1920x1080,Intel Core i7 6500U 2.5GHz,8.0,1.0TB Hybrid,AMD Radeon R5 M330,Windows 7,2.32,895.0
707,910,Dell,Vostro 3568,Notebook,15.6,1366x768,Intel Core i3 6006U 2.0GHz,4.0,1TB HDD,AMD Radeon R5 M420X,Windows 10,2.18,614.0
884,919,Acer,Chromebook CB5-571-C1DZ,Notebook,15.6,IPS Panel Full HD 1920x1080,Intel Celeron Dual Core 3205U 1.5GHz,4.0,16GB Flash Storage,Intel HD Graphics,Chrome OS,2.2,359.0
1071,1258,Lenovo,IdeaPad 320-15ABR,Notebook,15.6,Full HD 1920x1080,AMD A12-Series 9720P 3.6GHz,6.0,256GB SSD,AMD Radeon 530,Windows 10,2.2,597.57
95,895,Dell,Inspiron 3552,Notebook,15.6,1366x768,Intel Pentium Quad Core N3710 1.6GHz,4.0,500GB HDD,Intel HD Graphics,Windows 10,2.2,369.0
745,1190,Asus,X553SA-XX021T (N3050/4GB/500GB/W10),Notebook,15.6,1366x768,Intel Celeron Dual Core N3050 1.6GHz,4.0,500GB HDD,Intel HD Graphics,Windows 10,2.2,369.0
899,37,Acer,Aspire 3,Notebook,15.6,1366x768,Intel Core i3 7130U 2.7GHz,4.0,1TB HDD,Intel HD Graphics 620,Linux,2.1,367.0
313,333,Asus,VivoBook S15,Ultrabook,15.6,Full HD 1920x1080,Intel Core i7 7500U 2.7GHz,8.0,256GB SSD,Nvidia GeForce 940MX,Windows 10,1.7,1049.9
1063,933,MSI,GL62M 7RD,Gaming,15.6,Full HD 1920x1080,Intel Core i5 7300HQ 2.5GHz,8.0,128GB SSD +  1TB HDD,Nvidia GeForce GTX 1050,Windows 10,2.2,1119.91
193,1066,Dell,Inspiron 5578,2 in 1 Convertible,15.6,IPS Panel Full HD / Touchscreen 1920x1080,Intel Core i5 7200U 2.7GHz,8.0,256GB SSD,Intel HD Graphics 620,Windows 10,2.3,1094.0
625,25,HP,15-BS101nv (i7-8550U/8GB/256GB/FHD/W10),Ultrabook,15.6,Full HD 1920x1080,Intel Core i7 8550U 1.8GHz,8.0,256GB SSD,Intel HD Graphics 620,Windows 10,1.91,659.0
142,429,HP,ProBook 650,Notebook,15.6,Full HD 1920x1080,Intel Core i7 7820HQ 2.9GHz,8.0,256GB SSD,Intel HD Graphics 630,Windows 10,2.31,1427.0
243,685,HP,Chromebook X360,2 in 1 Convertible,11.6,Touchscreen 1366x768,Intel Celeron Dual Core N3350 1.1GHz,8.0,64GB Flash Storage,Intel HD Graphics 500,Chrome OS,1.4,495.0
1214,341,HP,EliteBook 840,Notebook,14.0,Full HD 1920x1080,Intel Core i5 7300U 2.6GHz,8.0,256GB SSD,Intel HD Graphics 620,Windows 10,1.48,1268.0
1047,26,Dell,Inspiron 3567,Notebook,15.6,1366x768,Intel Core i3 6006U 2GHz,4.0,1TB HDD,Intel HD Graphics 520,Windows 10,2.3,418.64
648,882,Lenovo,IdeaPad 110-15ISK,Notebook,15.6,Full HD 1920x1080,Intel Core i3 6006U 2GHz,4.0,1TB HDD,AMD Radeon R5 M430,No OS,2.2,479.0
34,7,Apple,MacBook Pro,Ultrabook,15.4,IPS Panel Retina Display 2880x1800,Intel Core i7 2.2GHz,16.0,256GB Flash Storage,Intel Iris Pro Graphics,Mac OS X,2.04,2139.97
804,1100,HP,EliteBook 840,Notebook,14.0,Full HD 1920x1080,Intel Core i5 6200U 2.3GHz,4.0,500GB HDD,Intel HD Graphics 520,Windows 7,1.54,1030.99
872,555,HP,250 G6,Notebook,15.6,Full HD 1920x1080,Intel Core i3 6006U 2GHz,4.0,500GB HDD,Intel HD Graphics 520,Windows 10,1.86,397.0
1297,1166,HP,EliteBook 850,Notebook,15.6,Full HD 1920x1080,Intel Core i5 6200U 2.3GHz,8.0,256GB SSD,Intel HD Graphics 520,Windows 7,1.88,1579.0
192,720,Dell,Vostro 5568,Notebook,15.6,Full HD 1920x1080,Intel Core i5 7200U 2.5GHz,8.0,1TB HDD,Intel HD Graphics 620,Linux,1.98,726.0
451,443,HP,15-ra044nv (N3060/4GB/500GB/W10),Notebook,15.6,1366x768,Intel Celeron Dual Core N3060 1.6GHz,4.0,500GB HDD,Intel HD Graphics 400,Windows 10,2.1,347.0
894,997,Fujitsu,LifeBook A556,Notebook,15.6,1366x768,Intel Core i5 6200U 2.3GHz,4.0,256GB SSD,Intel HD Graphics 520,Windows 10,2.3,649.0
961,1051,Toshiba,Tecra Z40-C-136,Ultrabook,14.0,IPS Panel Full HD 1920x1080,Intel Core i7 6600U 2.6GHz,8.0,256GB SSD,Intel HD Graphics 520,Windows 10,1.47,1725.0
1168,762,Lenovo,Thinkpad T460,Ultrabook,14.0,Full HD 1920x1080,Intel Core i5 6200U 2.3GHz,4.0,180GB SSD,Intel HD Graphics 520,Windows 10,1.7,1096.0
966,1238,Lenovo,Thinkpad T560,Notebook,15.6,IPS Panel Full HD 1920x1080,Intel Core i7 6600U 2.6GHz,8.0,256GB SSD,Intel HD Graphics 520,Windows 10,2.3,1529.0
794,633,Mediacom,SmartBook 140,Notebook,14.0,Full HD 1920x1080,Intel Atom x5-Z8350 1.44GHz,2.0,32GB Flash Storage,Intel HD Graphics,Windows 10,1.4,239.0
763,417,Lenovo,ThinkPad P51,Workstation,15.6,Full HD 1920x1080,Intel Core i7 7700HQ 2.8GHz,8.0,512GB SSD,Nvidia Quadro M1200,Windows 10,2.67,1925.0
946,109,Lenovo,Ideapad 310-15ISK,Notebook,15.6,Full HD 1920x1080,Intel Core i3 6006U 2GHz,4.0,1TB HDD,Intel HD Graphics 520,Windows 10,1.85,414.9
1298,473,Acer,Aspire 5,Notebook,15.6,1366x768,Intel Core i3 6006U 2GHz,4.0,500GB HDD,Nvidia GeForce GTX 940MX,Windows 10,2.2,469.0
715,1147,Asus,L403NA-GA013TS (N3350/4GB/32GB/W10),Notebook,14.0,1366x768,Intel Celeron Dual Core N3350 1.1GHz,4.0,32GB Flash Storage,Intel HD Graphics 500,Windows 10,1.5,278.0
762,212,Dell,XPS 13,Ultrabook,13.3,Full HD 1920x1080,Intel Core i7 8550U 1.8GHz,8.0,256GB SSD,Intel UHD Graphics 620,Windows 10,1.2,1449.0
1101,795,MSI,GL62M (i5-7300HQ/8GB/1TB,Gaming,15.6,Full HD 1920x1080,Intel Core i5 7300HQ 2.5GHz,8.0,128GB SSD +  1TB HDD,Nvidia GeForce GTX 1050,Windows 10,2.2,1089.0
994,1004,HP,EliteBook Folio,Netbook,12.5,Full HD 1920x1080,Intel Core M 6Y75 1.2GHz,8.0,512GB SSD,Intel HD Graphics 515,Windows 10,0.97,1908.0
528,434,Dell,Latitude 5480,Ultrabook,14.0,Full HD 1920x1080,Intel Core i7 7600U 2.8GHz,8.0,256GB SSD,Intel HD Graphics 620,Linux,1.6,1099.0
926,1219,Lenovo,IdeaPad 310-15ISK,Notebook,15.6,1366x768,Intel Core i7 6500U 2.5GHz,8.0,500GB HDD,Nvidia GeForce 920MX,No OS,2.2,629.0
791,1106,HP,250 G6,Notebook,15.6,1366x768,Intel Core i3 6006U 2GHz,4.0,1TB HDD,Intel HD Graphics 520,No OS,1.86,345.99
351,963,Acer,Chromebook 14,Notebook,14.0,1366x768,Intel Celeron Dual Core N3060 1.6GHz,4.0,32GB Flash Storage,Intel HD Graphics 400,Chrome OS,1.68,349.0
166,1052,Dell,Latitude E5570,Notebook,15.6,Full HD 1920x1080,Intel Core i5 6300U 2.4GHz,8.0,256GB SSD,Intel HD Graphics 520,Windows 7,2.09,1062.95
1196,168,Acer,Aspire A315-31,Notebook,15.6,1366x768,Intel Celeron Dual Core N3350 1.1GHz,4.0,1TB HDD,Intel HD Graphics 500,Windows 10,2.1,348.0
1056,320,Dell,Inspiron 5570,Notebook,15.6,Full HD 1920x1080,Intel Core i5 8250U 1.6GHz,8.0,128GB SSD +  1TB HDD,AMD Radeon 530,Windows 10,2.33,844.0
909,200,Razer,Blade Pro,Gaming,17.3,4K Ultra HD / Touchscreen 3840x2160,Intel Core i7 7820HK 2.9GHz,32.0,1TB SSD,Nvidia GeForce GTX 1080,Windows 10,3.49,6099.0
1189,681,Lenovo,IdeaPad 320-15AST,Notebook,15.6,1366x768,AMD E-Series E2-9000 2.2GHz,4.0,128GB SSD,AMD Radeon R2 Graphics,Windows 10,2.2,349.0
654,1092,MSI,GT72VR Dominator,Gaming,17.3,Full HD 1920x1080,Intel Core i7 7700HQ 2.8GHz,16.0,256GB SSD +  1TB HDD,Nvidia GeForce GTX 1070,Windows 10,3.78,2499.0
968,670,Lenovo,IdeaPad 320-15ISK,Notebook,15.6,Full HD 1920x1080,Intel Core i5 6200U 2.3GHz,4.0,500GB HDD,Intel HD Graphics 520,Windows 10,2.2,535.0
1027,1164,HP,EliteBook 820,Ultrabook,12.5,Full HD 1920x1080,Intel Core i7 6500U 2.50GHz,8.0,256GB SSD,Intel HD Graphics 520,Windows 7,1.26,2296.95
217,759,Lenovo,N23 (N3060/4GB/128GB/W10),Netbook,11.6,Touchscreen 1366x768,Intel Celeron Dual Core N3060 1.6GHz,4.0,128GB SSD,Intel HD Graphics 400,Windows 10,1.4,475.0
1224,657,Lenovo,Thinkpad X270,Ultrabook,12.5,IPS Panel Full HD 1920x1080,Intel Core i7 7500U 2.7GHz,8.0,256GB SSD,Intel HD Graphics 620,Windows 10,1.36,1584.0
559,189,Dell,Inspiron 7773,Notebook,17.3,Full HD / Touchscreen 1920x1080,Intel Core i7 8550U 1.8GHz,16.0,512GB SSD,Nvidia GeForce 150MX,Windows 10,2.77,1549.0
136,517,Dell,XPS 13,Ultrabook,13.3,IPS Panel Full HD / Touchscreen 1920x1080,Intel Core i5 7200U 2.5GHz,8.0,128GB SSD,Intel HD Graphics 620,Windows 10,1.29,899.0
420,198,Dell,Inspiron 5379,2 in 1 Convertible,13.3,IPS Panel Full HD / Touchscreen 1920x1080,Intel Core i7 8550U 1.8GHz,8.0,1TB HDD,Intel UHD Graphics 620,Windows 10,1.62,839.0
54,498,Toshiba,Portege X30-D-10L,Ultrabook,13.3,Full HD / Touchscreen 1920x1080,Intel Core i7 7500U 2.7GHz,32.0,512GB SSD,Intel HD Graphics 620,Windows 10,1.05,2799.0
788,127,Acer,Aspire 3,Notebook,15.6,1366x768,AMD A9-Series 9420 3GHz,4.0,256GB SSD,AMD Radeon R5,Windows 10,2.1,451.0
628,765,HP,15-cb003na (i5-7300HQ/8GB/1TB,Notebook,15.6,IPS Panel Full HD 1920x1080,Intel Core i5 7300HQ 2.5GHz,8.0,128GB SSD +  1TB HDD,Nvidia GeForce GTX 1050,Windows 10,2.2,1099.0
1215,274,Lenovo,V330-15IKB (i7-8550U/8GB/256GB/FHD/W10),Notebook,15.6,Full HD 1920x1080,Intel Core i7 8550U 1.8GHz,8.0,256GB SSD,Intel UHD Graphics 620,Windows 10,2.05,880.0
396,1168,Lenovo,V110-15ISK (i3-6006U/4GB/1TB/No,Notebook,15.6,1366x768,Intel Core i3 6006U 2.0GHz,4.0,1TB HDD,Intel HD Graphics 520,No OS,1.9,339.0
1083,1320,Asus,X553SA-XX031T (N3050/4GB/500GB/W10),Notebook,15.6,1366x768,Intel Celeron Dual Core N3050 1.6GHz,4.0,500GB HDD,Intel HD Graphics,Windows 10,2.2,369.0
20,858,HP,EliteBook x360,2 in 1 Convertible,13.3,Full HD / Touchscreen 1920x1080,Intel Core i5 7200U 2.5GHz,8.0,256GB SSD,Intel HD Graphics 620,Windows 10,1.28,2277.0
1263,94,HP,Probook 430,Notebook,13.3,Full HD 1920x1080,Intel Core i7 8550U 1.8GHz,16.0,512GB SSD,Intel UHD Graphics 620,Windows 10,1.49,1197.0
258,908,Dell,Inspiron 7567,Gaming,15.6,Full HD 1920x1080,Intel Core i7 7700HQ 2.8GHz,8.0,1TB HDD,Nvidia GeForce GTX 1050Ti,Linux,2.62,929.0
159,950,Dell,Vostro 3568,Notebook,15.6,1366x768,Intel Core i3 6006U 2.0GHz,4.0,1TB HDD,Intel HD Graphics 520,Windows 10,2.18,558.6
572,959,Lenovo,IdeaPad Y700-15ACZ,Gaming,15.6,IPS Panel Full HD 1920x1080,AMD FX 8800P 2.1GHz,16.0,512GB SSD +  1TB HDD,AMD Radeon R9 M385,Windows 10,2.5,999.0
374,538,Toshiba,Satellite Pro,Notebook,15.6,IPS Panel Full HD 1920x1080,Intel Core i5 7200U 2.5GHz,8.0,500GB HDD,Intel HD Graphics 620,Windows 10,2.0,860.0
25,1142,HP,EliteBook 820,Ultrabook,12.5,1366x768,Intel Core i5 6300U 2.4GHz,8.0,256GB SSD,Intel HD Graphics 520,Windows 7,1.26,1895.0
345,796,Lenovo,Legion Y520-15IKBN,Gaming,15.6,IPS Panel Full HD 1920x1080,Intel Core i7 7700HQ 2.8GHz,4.0,1TB HDD,Nvidia GeForce GTX 1050,Windows 10,2.4,999.0
827,813,Dell,Latitude 3180,Netbook,11.6,1366x768,Intel Pentium Quad Core N4200 1.1GHz,4.0,128GB SSD,Intel HD Graphics 505,Windows 10,1.63,744.0
661,525,HP,Probook 450,Notebook,15.6,Full HD 1920x1080,Intel Core i5 7200U 2.5GHz,8.0,256GB SSD,Nvidia GeForce 930MX,Windows 10,2.04,889.0
102,603,Lenovo,ThinkPad Yoga,2 in 1 Convertible,13.3,IPS Panel Full HD / Touchscreen 1920x1080,Intel Core i7 7500U 2.7GHz,8.0,512GB SSD,Intel HD Graphics 620,Windows 10,1.37,2025.0
185,596,Asus,ROG Strix,Gaming,17.3,IPS Panel Full HD 1920x1080,Intel Core i5 7300HQ 2.5GHz,8.0,128GB SSD +  1TB HDD,Nvidia GeForce GTX 1060,Windows 10,2.73,1770.0
69,233,Asus,K756UX-T4340T (i5-7200U/8GB/500GB,Notebook,17.3,Full HD 1920x1080,Intel Core i5 7200U 2.5GHz,8.0,256GB SSD +  500GB HDD,Nvidia GeForce GTX 950M,Windows 10,2.69,891.0
327,169,MSI,GE63VR 7RE,Gaming,15.6,IPS Panel Full HD 1920x1080,Intel Core i7 7700HQ 2.8GHz,16.0,256GB SSD +  1TB HDD,Nvidia GeForce GTX 1060,Windows 10,2.4,1799.0
439,899,Acer,Chromebook C731-C78G,Netbook,11.6,IPS Panel 1366x768,Intel Celeron Dual Core N3060 1.6GHz,4.0,32GB Flash Storage,Intel HD Graphics 400,Chrome OS,1.25,297.0
662,263,MSI,GT73EVR 7RE,Gaming,17.3,Full HD 1920x1080,Intel Core i7 7700HQ 2.8GHz,16.0,512GB SSD +  1TB HDD,Nvidia GeForce GTX 1070,Windows 10,4.14,2499.0
799,242,Asus,X555QG-DM242T (A10-9620P/4GB/1TB,Notebook,15.6,Full HD 1920x1080,AMD A10-Series A10-9620P 2.5GHz,4.0,128GB SSD +  1TB HDD,AMD Radeon R5 M430,Windows 10,2.2,575.0
555,267,HP,ProBook 450,Notebook,15.6,IPS Panel Full HD 1920x1080,Intel Core i5 8250U 1.6GHz,4.0,500GB HDD,Intel HD Graphics 620,Windows 10,2.1,722.0
40,781,Toshiba,Tecra A40-C-1E5,Notebook,14.0,IPS Panel 1366x768,Intel Core i5 6200U 2.3GHz,4.0,128GB SSD,Intel HD Graphics 520,Windows 10,1.75,1020.0
1110,1289,Lenovo,Yoga 900-13ISK,2 in 1 Convertible,13.3,IPS Panel Quad HD+ / Touchscreen 3200x1800,Intel Core i7 6500U 2.5GHz,16.0,512GB SSD,Intel HD Graphics 520,Windows 10,1.3,1499.0
998,375,HP,Elitebook 1040,Ultrabook,14.0,IPS Panel Full HD 1920x1080,Intel Core i7 7500U 2.7GHz,8.0,256GB SSD,Intel HD Graphics 620,Windows 10,1.36,1750.0
500,1121,MSI,GE72 Apache,Gaming,17.3,Full HD 1920x1080,Intel Core i7 6700HQ 2.6GHz,8.0,128GB SSD +  1TB HDD,Nvidia GeForce GTX 960M,Windows 10,2.9,1511.19
734,644,Dell,XPS 13,Ultrabook,13.3,Quad HD+ / Touchscreen 3200x1800,Intel Core i5 8250U 1.6GHz,8.0,256GB SSD,Intel UHD Graphics 620,Windows 10,1.23,1869.0
974,484,Lenovo,Thinkpad T470,Notebook,14.0,Full HD 1920x1080,Intel Core i5 7200U 2.5GHz,8.0,180GB SSD,Intel HD Graphics 620,Windows 10,1.7,1364.0
117,896,HP,EliteBook x360,2 in 1 Convertible,13.3,Full HD / Touchscreen 1920x1080,Intel Core i5 7200U 2.5GHz,4.0,256GB SSD,Intel HD Graphics 620,Windows 10,1.28,1799.0
392,1030,HP,ProBook 450,Notebook,15.6,1366x768,Intel Core i3 7100U 2.4GHz,4.0,256GB SSD,Intel HD Graphics 620,Windows 10,2.04,769.99
1060,520,Dell,Inspiron 5570,Notebook,15.6,Full HD 1920x1080,Intel Core i7 8550U 1.8GHz,16.0,256GB SSD +  2TB HDD,AMD Radeon 530,Windows 10,2.2,1219.24
613,810,Asus,Pro P2540UA-XS51,Notebook,15.6,Full HD 1920x1080,Intel Core i5 7200U 2.5GHz,8.0,256GB SSD,Intel HD Graphics 620,Windows 10,2.37,1099.0
711,119,HP,Probook 440,Notebook,14.0,Full HD 1920x1080,Intel Core i7 8550U 1.8GHz,8.0,512GB SSD,Intel UHD Graphics 620,Windows 10,1.63,1084.0
1245,1016,Dell,Vostro 3568,Notebook,15.6,1366x768,Intel Core i3 7100U 2.4GHz,4.0,128GB SSD,Intel HD Graphics 620,Windows 10,2.18,547.0
639,412,Asus,Zenbook 3,Ultrabook,14.0,Full HD 1920x1080,Intel Core i7 7500U 2.7GHz,8.0,512GB SSD,Intel HD Graphics 620,Windows 10,1.1,1873.0
9,165,Acer,Aspire A517-51G,Notebook,17.3,IPS Panel Full HD 1920x1080,Intel Core i5 8250U 1.6GHz,4.0,256GB SSD,Nvidia GeForce MX150,Windows 10,3.0,805.0
1213,712,Lenovo,V310-15ISK (i3-6006U/4GB/500GB/No,Notebook,15.6,1366x768,Intel Core i3 6006U 2GHz,4.0,500GB HDD,Intel HD Graphics 520,No OS,1.9,450.0
535,432,Dell,Inspiron 7577,Gaming,15.6,IPS Panel Full HD 1920x1080,Intel Core i7 7700HQ 2.8GHz,8.0,128GB SSD +  1TB HDD,Nvidia GeForce GTX 1050 Ti,Windows 10,2.62,1159.0
155,1206,Dell,XPS 13,Ultrabook,13.3,Quad HD+ / Touchscreen 3200x1800,Intel Core i5 6300U 2.4GHz,8.0,256GB SSD,Intel HD Graphics 520,Linux,1.23,1099.0
1074,561,HP,ProBook 470,Notebook,17.3,Full HD 1920x1080,Intel Core i7 7500U 2.7GHz,8.0,1TB HDD,Nvidia GeForce 930MX,Windows 10,2.63,1280.0
472,599,Dell,Inspiron 3179,2 in 1 Convertible,11.6,Touchscreen 1366x768,Intel Core M 7Y30 1.0GHz,4.0,128GB SSD,Intel HD Graphics 615,Windows 10,1.39,603.0
47,601,Lenovo,V320-17ISK (i3-6006U/4GB/500GB/FHD/No,Notebook,17.3,Full HD 1920x1080,Intel Core i3 6006U 2GHz,4.0,500GB HDD,Intel HD Graphics 520,No OS,2.8,529.0
5,132,HP,ProBook 470,Notebook,17.3,Full HD 1920x1080,Intel Core i5 8250U 1.6GHz,8.0,256GB SSD,Intel UHD Graphics 620,Windows 10,2.5,928.0
466,1139,Asus,VivoBook Max,Notebook,15.6,1366x768,Intel Core i3 7100U 2.4GHz,4.0,1TB HDD,Intel HD Graphics 620,Windows 10,2.0,435.0
712,129,HP,Probook 440,Notebook,14.0,Full HD 1920x1080,Intel Core i5 8250U 1.6GHz,8.0,1TB HDD,Intel UHD Graphics 620,Windows 10,1.63,812.0
212,838,Acer,Swift 3,Notebook,14.0,IPS Panel Full HD 1920x1080,Intel Core i3 7100U 2.4GHz,8.0,128GB SSD,Intel HD Graphics 620,Windows 10,1.5,619.0
1067,3,HP,250 G6,Notebook,15.6,Full HD 1920x1080,Intel Core i5 7200U 2.5GHz,8.0,256GB SSD,Intel HD Graphics 620,No OS,1.86,575.0
785,371,HP,15-AY023na (N3710/8GB/2TB/W10),Notebook,15.6,1366x768,Intel Pentium Quad Core N3710 1.6GHz,8.0,2TB HDD,Intel HD Graphics 405,Windows 10,2.04,389.0
332,806,Dell,Latitude 3580,Notebook,15.6,1366x768,Intel Core i5 7200U 2.5GHz,8.0,128GB SSD,Intel HD Graphics 620,Windows 10,1.95,810.0
1199,625,MSI,GT62VR 7RE,Gaming,15.6,Full HD 1920x1080,Intel Core i7 7700HQ 2.8GHz,16.0,256GB SSD +  1TB HDD,Nvidia GeForce GTX 1070,Windows 10,2.94,2267.86
412,298,Dell,XPS 15,Notebook,15.6,Full HD 1920x1080,Intel Core i7 7700HQ 2.8GHz,8.0,256GB SSD,Nvidia GeForce GTX 1050,Windows 10,2.0,1829.0
200,424,HP,EliteBook 1040,Ultrabook,14.0,Full HD 1920x1080,Intel Core i7 6500U 2.5GHz,8.0,256GB SSD,Intel HD Graphics 520,Windows 10,1.43,1500.0
509,337,Toshiba,Satellite Pro,Notebook,15.6,IPS Panel Full HD 1920x1080,Intel Core i5 7200U 2.5GHz,8.0,256GB SSD,Intel HD Graphics 620,Windows 10,2.0,943.0
411,1247,MSI,GL62M 7RDX,Gaming,15.6,Full HD 1920x1080,Intel Core i7 7700HQ 2.8GHz,8.0,128GB SSD +  1TB HDD,Nvidia GeForce GTX 1050,Windows 10,2.2,1149.0
627,878,Lenovo,ThinkPad Yoga,2 in 1 Convertible,13.3,IPS Panel Full HD / Touchscreen 1920x1080,Intel Core i7 7500U 2.7GHz,8.0,256GB SSD,Intel HD Graphics 620,Windows 10,1.37,1950.0
1088,347,Lenovo,IdeaPad 320-15ABR,Notebook,15.6,Full HD 1920x1080,AMD A12-Series 9720P 3.6GHz,12.0,2TB HDD,AMD Radeon 530,Windows 10,2.2,899.0
881,939,Dell,Latitude 3580,Notebook,15.6,1366x768,Intel Core i5 6200U 2.3GHz,4.0,500GB HDD,Intel HD Graphics 520,Windows 10,1.95,729.9
914,984,Dell,XPS 13,2 in 1 Convertible,13.3,Quad HD+ / Touchscreen 3200x1800,Intel Core i7 7Y75 1.3GHz,16.0,512GB SSD,Intel HD Graphics 615,Windows 10,1.22,1899.0
690,187,Toshiba,Satellite Pro,Notebook,15.6,1366x768,Intel Core i5 7200U 2.5GHz,8.0,128GB SSD,Intel HD Graphics 620,Windows 10,2.0,793.0
111,478,HP,ZBook 15u,Notebook,15.6,Full HD 1920x1080,Intel Core i5 7200U 2.5GHz,8.0,500GB HDD,AMD FirePro W4190M ,Windows 10,1.9,1154.0
26,989,HP,Probook 450,Notebook,15.6,IPS Panel Full HD 1920x1080,Intel Core i5 7200U 2.70GHz,8.0,128GB SSD +  1TB HDD,Nvidia GeForce 930MX,Windows 10,2.04,979.0
375,559,Dell,Alienware 17,Gaming,17.3,IPS Panel Full HD 1920x1080,Intel Core i7 7700HQ 2.8GHz,16.0,256GB SSD +  1TB HDD,Nvidia GeForce GTX 1070,Windows 10,4.42,2699.0
289,1213,HP,Pavilion Power,Notebook,15.6,IPS Panel Full HD 1920x1080,Intel Core i7 7700HQ 2.8GHz,12.0,128GB SSD +  1TB HDD,Nvidia GeForce GTX 1050,Windows 10,2.21,1327.0
1007,142,HP,Envy 13-AD007nv,Notebook,13.3,IPS Panel Full HD 1920x1080,Intel Core i5 7200U 2.5GHz,4.0,256GB SSD,Intel HD Graphics 620,Windows 10,1.32,699.0
476,1141,Lenovo,Yoga Book,2 in 1 Convertible,10.1,IPS Panel Touchscreen 1920x1200,Intel Atom x5-Z8550 1.44GHz,4.0,64GB Flash Storage,Intel HD Graphics 400,Windows 10,0.69,479.0
475,64,Asus,UX410UA-GV350T (i5-8250U/8GB/256GB/FHD/W10),Notebook,14.0,Full HD 1920x1080,Intel Core i5 8250U 1.6GHz,8.0,256GB SSD,Intel UHD Graphics 620,Windows 10,1.4,941.0
125,410,Acer,Aspire 7,Notebook,15.6,Full HD 1920x1080,Intel Core i7 7700HQ 2.8GHz,8.0,256GB SSD,Nvidia GeForce GTX 1050,Linux,2.5,879.0
1154,859,HP,EliteBook 840,Ultrabook,14.0,Full HD 1920x1080,Intel Core i7 6500U 2.5GHz,8.0,512GB SSD,Intel HD Graphics 520,Windows 10,1.54,1468.0
1184,359,HP,Zbook 15,Workstation,15.6,Full HD 1920x1080,Intel Core i7 7700HQ 2.8GHz,8.0,256GB SSD,Nvidia Quadro M1200,Windows 10,2.6,1738.27
322,574,Fujitsu,Lifebook A557,Notebook,15.6,1366x768,Intel Core i5 7200U 2.5GHz,8.0,1TB HDD,Intel HD Graphics 620,Windows 10,2.2,739.0
280,885,Samsung,Notebook 9,Ultrabook,15.0,Full HD 1920x1080,Intel Core i7 7500U 2.7GHz,16.0,256GB SSD,Nvidia GeForce 940MX,Windows 10,1.23,1849.0
63,125,Lenovo,IdeaPad 320-15IKBN,Notebook,15.6,Full HD 1920x1080,Intel Core i5 7200U 2.5GHz,8.0,256GB SSD,Nvidia GeForce 940MX,No OS,2.2,629.0
547,862,Asus,Rog GL502VM-DS74,Gaming,15.6,Full HD 1920x1080,Intel Core i7 7700HQ 2.8GHz,16.0,128GB SSD +  1TB HDD,Nvidia GeForce GTX 1060,Windows 10,2.1,1899.0
1293,322,Lenovo,ThinkPad 13,Notebook,13.3,1366x768,Intel Celeron Dual Core 3855U 1.6GHz,4.0,16GB Flash Storage,Intel HD Graphics 510,Chrome OS,1.45,459.9
536,241,Acer,Aspire A315-51,Notebook,15.6,1366x768,Intel Core i3 6006U 2GHz,4.0,1TB HDD,Intel HD Graphics 520,Linux,2.1,390.0
687,155,Lenovo,V110-15IKB (i5-7200U/4GB/128GB/W10),Notebook,15.6,1366x768,Intel Core i5 7200U 2.5GHz,4.0,128GB SSD,Intel HD Graphics 620,Windows 10,1.9,498.0
1023,98,Dell,Inspiron 3567,Notebook,15.6,Full HD 1920x1080,Intel Core i7 7500U 2.7GHz,8.0,1TB HDD,AMD Radeon R5 M430,Linux,2.2,599.9
210,1123,HP,15-bw011nv (A6-9220/4GB/1TB/FHD/W10),Notebook,15.6,Full HD 1920x1080,AMD A6-Series 9220 2.5GHz,4.0,1TB HDD,AMD Radeon R4,Windows 10,2.1,398.0
657,588,Dell,Latitude 5580,Notebook,15.6,1366x768,Intel Core i5 7300U 2.6GHz,8.0,500GB HDD,Intel HD Graphics 620,Windows 10,1.9,1008.52
671,388,Asus,ROG Strix,Gaming,15.6,IPS Panel Full HD 1920x1080,Intel Core i7 7700HQ 2.8GHz,8.0,128GB SSD +  1TB HDD,Nvidia GeForce GTX 1060,Windows 10,2.3,1655.0
194,1091,Lenovo,Ideapad 700-15ISK,Notebook,15.6,IPS Panel Full HD 1920x1080,Intel Core i5 6300HQ 2.3GHz,4.0,1TB HDD,Nvidia GeForce GTX 950M,Windows 10,2.3,977.0
672,325,HP,Elitebook 840,Notebook,14.0,Full HD 1920x1080,Intel Core i7 7500U 2.7GHz,8.0,256GB SSD,Intel HD Graphics 620,Windows 10,1.48,1292.0
1152,956,Acer,TravelMate P259-G2,Notebook,15.6,1366x768,Intel Core i5 7200U 2.5GHz,4.0,500GB HDD,Intel HD Graphics 620,Windows 10,2.23,619.0
201,156,MSI,GE73VR 7RE,Gaming,17.3,Full HD 1920x1080,Intel Core i7 7700HQ 2.8GHz,16.0,256GB SSD +  1TB HDD,Nvidia GeForce GTX 1060,Windows 10,2.8,1890.0
792,76,Acer,Aspire E5-475,Notebook,14.0,1366x768,Intel Core i3 6006U 2GHz,8.0,1TB HDD,Intel HD Graphics 520,Windows 10,2.1,389.0
306,650,Lenovo,ThinkPad X1,Ultrabook,14.0,IPS Panel Full HD 1920x1080,Intel Core i7 7500U 2.7GHz,16.0,512GB SSD,Intel HD Graphics 620,Windows 10,1.14,2450.0
828,231,Dell,Inspiron 5567,Notebook,15.6,Full HD / Touchscreen 1920x1080,Intel Core i7 7500U 2.7GHz,16.0,1TB HDD,AMD Radeon R7 M445,Windows 10,2.3,859.01
1055,918,HP,Elitebook 820,Netbook,12.5,Full HD 1920x1080,Intel Core i7 7500U 2.7GHz,8.0,512GB SSD,Intel HD Graphics 620,Windows 10,1.26,1483.0
813,731,Dell,Alienware 17,Gaming,17.3,4K Ultra HD 3840x2160,Intel Core i7 7700HQ 2.8GHz,32.0,1TB SSD +  1TB HDD,Nvidia GeForce GTX 1070,Windows 10,4.36,3659.4
1000,420,Acer,Aspire R7,2 in 1 Convertible,13.3,IPS Panel Full HD / Touchscreen 1920x1080,Intel Core i7 6500U 2.5GHz,8.0,256GB SSD,Intel HD Graphics 520,Windows 10,1.6,789.01
110,1000,HP,Probook 450,Notebook,15.6,Full HD 1920x1080,Intel Core i5 7200U 2.5GHz,8.0,1TB HDD,Intel HD Graphics 620,Windows 10,2.04,806.0
399,453,Acer,Aspire ES1-572,Notebook,15.6,1366x768,Intel Core i5 7200U 2.5GHz,4.0,500GB HDD,Intel HD Graphics 620,Linux,2.4,441.8
636,1192,Lenovo,IdeaPad 510-15IKB,Notebook,15.6,Full HD 1920x1080,Intel Core i7 7500U 2.7GHz,8.0,1TB HDD,Nvidia GeForce 940MX,No OS,2.2,709.0
1264,157,HP,EliteBook 840,Ultrabook,14.0,Full HD 1920x1080,Intel Core i5 7500U 2.7GHz,4.0,256GB SSD,Intel HD Graphics 620,Windows 10,1.48,1082.0
318,167,Lenovo,Legion Y520-15IKBN,Gaming,15.6,IPS Panel Full HD 1920x1080,Intel Core i7 7700HQ 2.8GHz,16.0,256GB SSD,Nvidia GeForce GTX 1050 Ti,Windows 10,2.5,1079.0
172,1237,Acer,SP714-51 (i7-7Y75/8GB/256GB/FHD/W10),2 in 1 Convertible,14.0,IPS Panel Full HD / Touchscreen 1920x1080,Intel Core i7 7Y75 1.3GHz,8.0,256GB SSD,Intel HD Graphics 615,Windows 10,1.2,1149.0
293,289,Acer,Aspire A517-51G,Notebook,15.6,IPS Panel Full HD 1920x1080,Intel Core i7 8550U 1.8GHz,8.0,256GB SSD,Nvidia GeForce MX150,Windows 10,3.0,951.0
138,1146,Lenovo,ThinkPad P40,2 in 1 Convertible,14.0,IPS Panel Full HD / Touchscreen 1920x1080,Intel Core i7 6600U 2.6GHz,8.0,512GB SSD,Nvidia Quadro M500M,Windows 7,1.8,2050.38
747,1256,MSI,GL62 6QF,Gaming,15.6,Full HD 1920x1080,Intel Core i7 6700HQ 2.6GHz,8.0,128GB SSD +  1TB HDD,Nvidia GeForce GTX 960M,Windows 10,2.3,1169.0
801,1064,Lenovo,ThinkPad X1,Notebook,14.0,IPS Panel 2560x1440,Intel Core i7 6600U 2.6GHz,16.0,256GB SSD,Intel HD Graphics 520,Windows 7,1.1,2620.0
45,414,Dell,Latitude 7480,Ultrabook,14.0,Full HD 1920x1080,Intel Core i7 7600U 2.8GHz,8.0,512GB SSD,Intel HD Graphics,Windows 10,1.36,1680.0
1262,245,Lenovo,IdeaPad 320-15ISK,Notebook,15.6,1366x768,Intel Core i3 6006U 2GHz,8.0,128GB SSD,Intel HD Graphics 520,Windows 10,2.2,589.0
923,239,Acer,Aspire R7,2 in 1 Convertible,13.3,IPS Panel Full HD / Touchscreen 1920x1080,Intel Core i5 6200U 2.3GHz,8.0,256GB SSD,Intel HD Graphics 520,Windows 10,1.6,689.0
879,1226,Acer,Aspire E5-774G,Notebook,17.3,1600x900,Intel Core i3 6006U 2.0GHz,8.0,1TB HDD,Nvidia GeForce 940MX,Windows 10,3.3,629.0
931,1035,Toshiba,Portégé Z30-C-16K,Ultrabook,13.3,Full HD 1920x1080,Intel Core i5 6200U 2.3GHz,8.0,256GB SSD,Intel HD Graphics 520,Windows 10,1.2,1590.0
730,1222,Asus,FX502VM-DM105T (i7-6700HQ/8GB/1TB/GeForce,Gaming,15.6,Full HD 1920x1080,Intel Core i7 6700HQ 2.6GHz,8.0,1TB HDD,Nvidia GeForce GTX 1060,Windows 10,2.2,1169.0
55,430,Asus,X542UQ-DM117 (i3-7100U/8GB/1TB/GeForce,Notebook,15.6,Full HD 1920x1080,Intel Core i3 7100U 2.4GHz,8.0,1TB HDD,Nvidia GeForce 940MX,Linux,2.3,597.0
373,1177,HP,Spectre Pro,2 in 1 Convertible,13.3,Touchscreen 2560x1440,Intel Core i7 6600U 2.6GHz,8.0,512GB SSD,Intel HD Graphics 520,Windows 10,1.48,2041.0
603,925,Lenovo,IdeaPad 510-15IKB,Notebook,15.6,Full HD 1920x1080,Intel Core i7 7500U 2.7GHz,6.0,256GB SSD,Nvidia GeForce 940MX,Windows 10,2.2,789.0
197,906,Toshiba,Portege X30-D-10V,Notebook,13.3,Full HD 1920x1080,Intel Core i5 7200U 2.5GHz,8.0,256GB SSD,Intel HD Graphics 620,Windows 10,1.05,1475.0
599,442,Asus,Rog Strix,Gaming,17.3,Full HD 1920x1080,AMD Ryzen 1600 3.2GHz,8.0,256GB SSD +  1TB HDD,AMD Radeon RX 580,Windows 10,3.2,1695.0
1258,797,Acer,Predator G9-793,Gaming,17.3,IPS Panel Full HD 1920x1080,Intel Core i7 7700HQ 2.8GHz,16.0,256GB SSD +  1TB HDD,Nvidia GeForce GTX 1060,Windows 10,4.2,2299.0
682,116,HP,Probook 440,Notebook,14.0,IPS Panel 1366x768,Intel Core i5 8250U 1.6GHz,4.0,500GB HDD,Intel UHD Graphics 620,Windows 10,1.63,722.0
752,10,Acer,Swift 3,Ultrabook,14.0,IPS Panel Full HD 1920x1080,Intel Core i5 8250U 1.6GHz,8.0,256GB SSD,Intel UHD Graphics 620,Windows 10,1.6,770.0
283,563,Mediacom,SmartBook 130,Notebook,13.3,IPS Panel Full HD 1920x1080,Intel Atom x5-Z8350 1.44GHz,4.0,32GB Flash Storage,Intel HD Graphics,Windows 10,1.35,255.0
1205,883,Toshiba,Tecra A50-D-11D,Notebook,15.6,IPS Panel Full HD 1920x1080,Intel Core i7 7500U 2.7GHz,8.0,256GB SSD,Intel HD Graphics 620,Windows 10,2.0,1388.0
1237,1216,Acer,Aspire 3,Notebook,15.6,1366x768,Intel Celeron Dual Core N3350 2GHz,4.0,1TB HDD,Intel HD Graphics 500,Linux,2.1,272.0
28,994,Dell,Inspiron 7579,2 in 1 Convertible,15.6,IPS Panel Full HD / Touchscreen 1920x1080,Intel Core i7 7500U 2.7GHz,12.0,512GB SSD,Intel HD Graphics 620,Windows 10,2.19,1299.0
809,56,Dell,Inspiron 3576,Notebook,15.6,Full HD 1920x1080,Intel Core i7 8550U 1.8GHz,8.0,256GB SSD,AMD Radeon 520,Windows 10,2.13,767.8
1274,565,HP,15-bw007nv (A10-9620P/6GB/128GB/Radeon,Notebook,15.6,IPS Panel Full HD 1920x1080,AMD A10-Series A10-9620P 2.5GHz,6.0,128GB SSD,AMD Radeon 530,Windows 10,1.91,568.9
532,89,HP,250 G6,Notebook,15.6,Full HD 1920x1080,Intel Core i5 7200U 2.5GHz,8.0,256GB SSD,Intel HD Graphics 620,Windows 10,1.96,598.99
1167,1249,Razer,Blade Pro,Gaming,14.0,Full HD 1920x1080,Intel Core i7 7700HQ 2.8GHz,16.0,1TB SSD,Nvidia GeForce GTX 1060,Windows 10,1.95,3499.0
942,506,Lenovo,ThinkPad L570,Notebook,15.6,IPS Panel Full HD 1920x1080,Intel Core i5 7200U 2.5GHz,8.0,256GB SSD,Intel HD Graphics 620,Windows 10,2.3,911.0
638,123,Acer,Spin 3,Notebook,15.6,IPS Panel Full HD / Touchscreen 1920x1080,Intel Core i3 7100U 2.4GHz,6.0,1TB HDD,Intel HD Graphics 620,Windows 10,2.1,479.0
739,909,HP,ProBook 450,Notebook,15.6,Full HD 1920x1080,Intel Core i7 7500U 2.7GHz,8.0,1TB HDD,Nvidia GeForce 930MX,Windows 10,2.04,900.0
1181,235,Asus,Pro P2540UA-XO0198T,Notebook,15.6,1366x768,Intel Core i3 7100U 2.4GHz,4.0,1TB HDD,Intel HD Graphics 620,Windows 10,2.37,398.99
109,1274,Asus,Rog G752VT-GC073T,Gaming,17.3,IPS Panel Full HD 1920x1080,Intel Core i7 6700HQ 2.6GHz,16.0,128GB SSD +  1TB HDD,Nvidia GeForce GTX 970M,Windows 10,4.0,1900.0
1235,853,Dell,Vostro 3568,Notebook,15.6,1366x768,Intel Core i5 7200U 2.5GHz,8.0,128GB SSD,Intel HD Graphics 620,Windows 10,2.18,713.99
640,935,HP,EliteBook 850,Ultrabook,15.6,Full HD 1920x1080,Intel Core i7 6500U 2.5GHz,8.0,256GB SSD,AMD Radeon R7 M365X,Windows 10,1.84,1296.99
319,1266,Lenovo,V510-15IKB (i5-7200U/8GB/256GB/FHD/No,Notebook,15.6,IPS Panel Full HD 1920x1080,Intel Core i5 7200U 2.5GHz,8.0,256GB SSD,Intel HD Graphics 620,No OS,2.3,573.0
1002,32,Asus,E402WA-GA010T (E2-6110/2GB/32GB/W10),Notebook,14.0,1366x768,AMD E-Series E2-6110 1.5GHz,2.0,32GB Flash Storage,AMD Radeon R2,Windows 10,1.65,199.0
132,828,Dell,Latitude 3480,Notebook,14.0,1366x768,Intel Core i5 6200U 2.3GHz,4.0,500GB HDD,Intel HD Graphics 520,Windows 10,1.76,755.0
560,1286,HP,Stream 11-Y000na,Netbook,11.6,1366x768,Intel Celeron Dual Core N3060 1.6GHz,2.0,32GB Flash Storage,Intel HD Graphics 400,Windows 10,1.17,209.0
601,689,Asus,L502NA-GO052T (N3350/4GB/128GB/W10),Notebook,15.6,1366x768,Intel Celeron Dual Core N3350 1.1GHz,4.0,128GB SSD,Intel HD Graphics 500,Windows 10,1.86,419.0
495,851,Dell,Alienware 17,Gaming,17.3,IPS Panel Full HD 1920x1080,Intel Core i7 7700HQ 2.8GHz,32.0,512GB SSD +  1TB HDD,Nvidia GeForce GTX 1070,Windows 10,4.42,3072.89
839,1012,Asus,Rog GL553VE-DS74,Gaming,15.6,Full HD 1920x1080,Intel Core i7 7700HQ 2.8GHz,16.0,256GB SSD +  1TB HDD,Nvidia GeForce GTX 1050 Ti,Windows 10,2.5,1799.0
622,270,Dell,Inspiron 5579,2 in 1 Convertible,15.6,Full HD / Touchscreen 1920x1080,Intel Core i5 8250U 1.6GHz,8.0,256GB SSD,Intel UHD Graphics 620,Windows 10,2.67,799.0
619,121,Asus,X705UV-BX074T (i3-6006U/4GB/1TB/GeForce,Notebook,17.3,Full HD 1920x1080,Intel Core i3 6006U 2GHz,4.0,1TB HDD,Nvidia GeForce 920MX,Windows 10,2.0,564.0
631,794,MSI,GS43VR 7RE,Gaming,14.0,IPS Panel Full HD 1920x1080,Intel Core i7 7700HQ 2.8GHz,16.0,256GB SSD +  1TB HDD,Nvidia GeForce GTX 1060,Windows 10,1.6,1891.0
515,197,Lenovo,IdeaPad 320-17IKBR,Notebook,17.3,1600x900,Intel Core i5 8250U 1.6GHz,8.0,256GB SSD,Nvidia GeForce MX150,No OS,2.8,698.0
869,686,LG,Gram 15Z975,Ultrabook,15.6,IPS Panel Full HD 1920x1080,Intel Core i7 8550U 1.8GHz,8.0,512GB SSD,Intel HD Graphics 620,Windows 10,1.09,2299.0
1068,1161,HP,ZBook 15,Workstation,15.6,IPS Panel Full HD 1920x1080,Intel Core i7 6700HQ 2.6GHz,8.0,256GB SSD,Nvidia Quadro M1000M,Windows 7,2.59,2229.0
99,985,Dell,Latitude E7470,Ultrabook,14.0,Touchscreen 2560x1440,Intel Core i7 6600U 2.6GHz,8.0,256GB SSD,Intel HD Graphics 520,Windows 10,1.5,1962.98
795,130,Asus,E402WA-GA007T (E2-6110/4GB/64GB/W10,Notebook,14.0,1366x768,AMD E-Series 6110 1.5GHz,4.0,64GB SSD,AMD Radeon R2,Windows 10 S,1.65,277.99
408,1303,Lenovo,Yoga 900-13ISK,2 in 1 Convertible,13.3,IPS Panel Quad HD+ / Touchscreen 3200x1800,Intel Core i7 6500U 2.5GHz,16.0,512GB SSD,Intel HD Graphics 520,Windows 10,1.3,1499.0
634,501,Asus,Rog G752VL-UH71T,Gaming,17.3,IPS Panel Full HD / Touchscreen 1920x1080,Intel Core i7 6700HQ 2.6GHz,24.0,256GB SSD +  1TB HDD,Nvidia GeForce GTX 965M,Windows 10,4.33,1269.0
489,6,Acer,Aspire 3,Notebook,15.6,1366x768,AMD A9-Series 9420 3GHz,4.0,500GB HDD,AMD Radeon R5,Windows 10,2.1,400.0
544,358,MSI,GP72MVR 7RFX,Gaming,17.3,Full HD 1920x1080,Intel Core i7 7700HQ 2.8GHz,8.0,128GB SSD +  1TB HDD,Nvidia GeForce GTX 1060,Windows 10,2.7,1409.0
853,871,Lenovo,ThinkPad E570,Notebook,15.6,IPS Panel Full HD 1920x1080,Intel Core i5 7200U 2.5GHz,8.0,1TB HDD,Intel HD Graphics 620,Windows 10,2.3,850.66
15,843,Lenovo,ThinkPad T470s,Notebook,14.0,IPS Panel Full HD 1920x1080,Intel Core i5 7300U 2.6GHz,8.0,256GB SSD,Intel HD Graphics 620,Windows 10,1.32,1650.0
485,914,Dell,XPS 13,2 in 1 Convertible,13.3,Full HD / Touchscreen 1920x1080,Intel Core i7 7Y75 1.3GHz,16.0,256GB SSD,Intel HD Graphics 615,Windows 10,1.22,1649.0
290,472,Asus,X541NA-PD1003Y (N4200/4GB/500GB/W10),Notebook,15.6,1366x768,Intel Pentium Quad Core N4200 1.1GHz,4.0,500GB HDD,Intel HD Graphics 500,Windows 10,2.0,304.0
860,399,Acer,Aspire 5,Notebook,15.6,IPS Panel 1366x768,Intel Core i5 8250U 1.6GHz,12.0,1TB HDD,Nvidia GeForce MX130,Windows 10,2.2,693.99
1206,1041,HP,ProBook 640,Notebook,14.0,1366x768,Intel Core i5 7200U 2.5GHz,4.0,500GB HDD,Intel HD Graphics 620,Windows 10,1.95,1060.0
1174,823,Dell,Vostro 3568,Notebook,15.6,Full HD 1920x1080,Intel Core i5 7200U 2.5GHz,8.0,256GB SSD,AMD Radeon R5 M420,Windows 10,2.18,789.81
566,611,Dell,Vostro 3568,Notebook,15.6,1366x768,Intel Core i3 6006U 2GHz,4.0,1TB HDD,AMD Radeon R5 M420,Linux,2.18,465.0
227,373,Lenovo,Legion Y520-15IKBN,Gaming,15.6,IPS Panel Full HD 1920x1080,Intel Core i5 7300HQ 2.5GHz,8.0,128GB SSD +  1TB HDD,Nvidia GeForce GTX 1050,No OS,2.4,809.0
967,1312,HP,Pavilion 15-AW003nv,Notebook,15.6,Full HD 1920x1080,AMD A9-Series 9410 2.9GHz,6.0,1.0TB Hybrid,AMD Radeon R7 M440,Windows 10,2.04,549.99
423,836,Dell,Latitude 3480,Notebook,14.0,1366x768,Intel Core i3 6006U 2GHz,4.0,500GB HDD,Intel HD Graphics 520,Windows 10,1.76,585.0
1221,609,Acer,Aspire 1,Notebook,14.0,Full HD 1920x1080,Intel Celeron Quad Core N3450 1.1GHz,4.0,32GB Flash Storage,Intel HD Graphics 500,Windows 10,1.6,329.0
1116,936,HP,Envy 13-AB077cl,Ultrabook,13.3,Quad HD+ / Touchscreen 3200x1800,Intel Core i7 7500U 2.7GHz,8.0,256GB SSD,Intel HD Graphics 620,Windows 10,1.39,1149.0
947,642,Asus,X541NA-GO414T (N3350/8GB/1TB/W10),Notebook,15.6,1366x768,Intel Celeron Dual Core N3350 1.1GHz,8.0,1TB HDD,Intel HD Graphics 500,Windows 10,2.0,399.0
178,728,Lenovo,ThinkPad X1,Ultrabook,14.0,IPS Panel Quad HD+ 2560x1440,Intel Core i7 6500U 2.5GHz,8.0,512GB SSD,Intel HD Graphics 520,Windows 10,1.17,1686.64
580,719,Dell,Latitude 5480,Notebook,14.0,Full HD 1920x1080,Intel Core i5 7440HQ 2.8GHz,8.0,256GB SSD,Nvidia GeForce 930MX,Linux,1.64,1089.0
370,749,Dell,Vostro 3568,Notebook,15.6,1366x768,Intel Core i3 6006U 2GHz,8.0,256GB SSD,Intel HD Graphics 520,Windows 10,2.0,665.0
291,83,Apple,"MacBook 12""",Ultrabook,12.0,IPS Panel Retina Display 2304x1440,Intel Core i5 1.3GHz,8.0,512GB SSD,Intel HD Graphics 615,macOS,0.92,1510.0
652,143,Acer,Aspire 5,Notebook,17.3,IPS Panel Full HD 1920x1080,Intel Core i3 7130U 2.7GHz,4.0,1TB HDD,Nvidia GeForce MX130,Windows 10,3.0,655.0
349,1175,Lenovo,ThinkPad T460s,Ultrabook,14.0,Full HD 1920x1080,Intel Core i7 6600U 2.6GHz,12.0,512GB SSD,Intel HD Graphics 520,Windows 7,1.4,2299.0
23,2,Apple,Macbook Air,Ultrabook,13.3,1440x900,Intel Core i5 1.8GHz,8.0,128GB Flash Storage,Intel HD Graphics 6000,macOS,1.34,898.94
956,180,Acer,Aspire A315-51,Notebook,15.6,1366x768,Intel Core i3 6006U 2GHz,4.0,128GB SSD,Intel HD Graphics 520,Windows 10,2.1,449.0
996,560,HP,17-X047na (i3-6006U/8GB/1TB/W10),Notebook,17.3,1600x900,Intel Core i3 6006U 2GHz,8.0,1TB HDD,Intel HD Graphics 520,Windows 10,2.65,544.15
1296,932,Dell,Inspiron 7567,Gaming,15.6,Full HD 1920x1080,Intel Core i7 7700HQ 2.8GHz,16.0,128GB SSD +  1TB HDD,Nvidia GeForce GTX 1050 Ti,Windows 10,2.6,1349.0
482,1131,Lenovo,IdeaPad Y900-17ISK,Gaming,17.3,IPS Panel Full HD 1920x1080,Intel Core i7 6820HK 2.7GHz,16.0,256GB SSD +  1.0TB Hybrid,Nvidia GeForce GTX 980M,Windows 10,4.6,2749.99
650,677,Acer,Aspire 3,Notebook,15.6,1366x768,Intel Core i3 6006U 2GHz,4.0,128GB SSD,Intel HD Graphics 520,Linux,2.1,412.0
624,616,Acer,Swift SF114-31-P5HY,Notebook,14.0,1366x768,Intel Pentium Quad Core N3710 1.6GHz,4.0,128GB Flash Storage,Intel HD Graphics 405,Windows 10,1.6,349.0
888,118,HP,Spectre x360,2 in 1 Convertible,13.3,IPS Panel Full HD / Touchscreen 1920x1080,Intel Core i5 8250U 1.6GHz,8.0,256GB SSD,Intel UHD Graphics 620,Windows 10,1.26,1398.99
488,753,Acer,Chromebook 14,Notebook,14.0,1366x768,Intel Celeron Dual Core N3060 1.6GHz,2.0,32GB Flash Storage,Intel HD Graphics 400,Chrome OS,1.68,330.0
1238,422,Dell,Inspiron 3567,Notebook,15.6,Full HD 1920x1080,Intel Core i5 7200U 2.5GHz,4.0,256GB SSD,AMD Radeon R5 M430,Linux,2.3,598.9
154,668,Dell,Latitude E7470,Notebook,14.0,Full HD 1920x1080,Intel Core i5 6300U 2.4GHz,8.0,256GB SSD,Intel HD Graphics 520,Windows 10,1.56,1229.0
381,705,Asus,Chromebook Flip,2 in 1 Convertible,12.5,Full HD / Touchscreen 1920x1080,Intel Core M M3-6Y30 0.9GHz,4.0,64GB Flash Storage,Intel HD Graphics 515,Chrome OS,1.2,669.0
512,915,Lenovo,ThinkPad X1,Ultrabook,14.0,IPS Panel Full HD 1920x1080,Intel Core i7 7500U 2.7GHz,8.0,256GB Flash Storage,Intel HD Graphics 620,Windows 10,1.13,2049.0
494,785,Lenovo,Thinkpad P50,Notebook,15.6,4K Ultra HD 3840x2160,Intel Core i7 6820HQ 2.7GHz,16.0,512GB SSD,Nvidia Quadro M2000M,Windows 7,2.5,2370.0
742,1034,Dell,Inspiron 5568,2 in 1 Convertible,15.6,IPS Panel Full HD / Touchscreen 1920x1080,Intel Core i3 6100U 2.3GHz,4.0,1TB HDD,Intel HD Graphics 520,Windows 10,2.08,795.99
61,372,Dell,Inspiron 5770,Notebook,17.3,Full HD 1920x1080,Intel Core i5 8250U 1.6GHz,8.0,128GB SSD +  1TB HDD,AMD Radeon 530,Windows 10,2.8,1085.0
907,1038,Dell,Latitude E5570,Notebook,15.6,Full HD 1920x1080,Intel Core i5 6300U 2.4GHz,8.0,500GB HDD,Intel HD Graphics 520,Windows 10,2.09,1046.44
308,610,MSI,Laptop MSI,Gaming,17.3,Full HD 1920x1080,Intel Core i7 6820HK 2.7GHz,16.0,128GB SSD +  1TB HDD,Nvidia GeForce GTX 970M,Windows 10,4.14,2199.0
72,1306,Asus,X553SA-XX031T (N3050/4GB/500GB/W10),Notebook,15.6,1366x768,Intel Celeron Dual Core N3050 1.6GHz,4.0,500GB HDD,Intel HD Graphics,Windows 10,2.2,369.0
454,485,Dell,Inspiron 3576,Notebook,15.6,Full HD 1920x1080,Intel Core i5 8250U 1.6GHz,8.0,1TB HDD,AMD Radeon 520,Windows 10,2.2,675.0
978,905,MSI,GS73VR Stealth,Gaming,17.3,IPS Panel 4K Ultra HD 3840x2160,Intel Core i7 6700HQ 2.6GHz,16.0,512GB SSD +  2TB HDD,Nvidia GeForce GTX 1060,Windows 10,2.43,2649.0
581,587,Mediacom,SmartBook Edge,Notebook,14.0,IPS Panel Full HD 1920x1080,Intel Celeron Quad Core N3450 1.1GHz,4.0,32GB SSD,Intel HD Graphics 500,Windows 10,1.45,389.0
1192,254,Apple,MacBook Pro,Ultrabook,13.3,IPS Panel Retina Display 2560x1600,Intel Core i5 3.1GHz,8.0,512GB SSD,Intel Iris Plus Graphics 650,macOS,1.37,2040.0
1268,426,Lenovo,ThinkPad E480,Ultrabook,14.0,IPS Panel Full HD 1920x1080,Intel Core i7 8550U 1.8GHz,8.0,256GB SSD,AMD Radeon RX 550,Windows 10,1.75,1215.38
1160,646,Lenovo,Thinkpad Yoga,2 in 1 Convertible,13.3,IPS Panel Full HD / Touchscreen 1920x1080,Intel Core i7 7500U 2.7GHz,8.0,256GB SSD,Intel HD Graphics 620,Windows 10,1.37,1757.42
1040,881,Lenovo,ThinkPad L570,Notebook,15.6,1366x768,Intel Core i5 7200U 2.5GHz,4.0,500GB HDD,Intel HD Graphics 620,Windows 10,2.38,1055.0
658,542,Dell,Latitude 5580,Notebook,15.6,Full HD 1920x1080,Intel Core i7 7600U 2.8GHz,8.0,256GB SSD,Nvidia GeForce 930MX,Windows 10,1.93,1369.0
1018,1122,Lenovo,Yoga 500-15ISK,2 in 1 Convertible,15.6,IPS Panel Full HD / Touchscreen 1920x1080,Intel Core i5 6200U 2.3GHz,4.0,256GB SSD,Intel HD Graphics 520,Windows 10,2.1,867.0
531,351,Lenovo,Legion Y520-15IKBN,Gaming,15.6,IPS Panel Full HD 1920x1080,Intel Core i7 7700HQ 2.8GHz,16.0,256GB SSD +  2TB HDD,Nvidia GeForce GTX 1050 Ti,Windows 10,2.4,1129.0
723,886,Dell,Latitude 7280,Ultrabook,12.5,Full HD 1920x1080,Intel Core i7 7600U 2.8GHz,8.0,256GB SSD,Intel HD Graphics 620,Windows 10,1.6,1690.0
1077,313,Lenovo,IdeaPad 320-15IKB,Notebook,15.6,Full HD 1920x1080,Intel Core i5 7200U 2.5GHz,8.0,128GB SSD +  1TB HDD,Nvidia GeForce 940MX,Windows 10,2.3,819.0
877,1307,Asus,ZenBook UX305CA-UBM1,Ultrabook,13.3,IPS Panel Full HD 1920x1080,Intel Core M 6Y30 0.9GHz,8.0,512GB SSD,Intel HD Graphics 515,Windows 10,1.2,729.0
645,39,HP,250 G6,Notebook,15.6,1366x768,Intel Core i5 7200U 2.5GHz,4.0,1TB HDD,Intel HD Graphics 620,Windows 10,1.86,488.69
342,314,HP,250 G6,Notebook,15.6,Full HD 1920x1080,Intel Core i3 6006U 2GHz,4.0,1TB HDD,Intel HD Graphics 520,Windows 10,1.86,469.0
426,585,MSI,GT73VR Titan,Gaming,17.3,Full HD 1920x1080,Intel Core i7 7820HK 2.9GHz,16.0,512GB SSD +  1TB HDD,Nvidia GeForce GTX 1070,Windows 10,4.14,2729.0
753,716,Lenovo,Thinkpad T460p,Notebook,14.0,Full HD 1920x1080,Intel Core i5 6300HQ 2.3GHz,8.0,256GB SSD,Intel HD Graphics 520,Windows 10,1.8,1191.0
261,678,Microsoft,Surface Laptop,Ultrabook,13.5,Touchscreen 2256x1504,Intel Core i7 7600U 2.8GHz,8.0,256GB SSD,Intel Iris Plus Graphics 640,Windows 10 S,1.252,1867.85
395,803,Apple,"MacBook 12""",Ultrabook,12.0,IPS Panel Retina Display 2304x1440,Intel Core M 1.2GHz,8.0,512GB Flash Storage,Intel HD Graphics 5300,Mac OS X,0.92,1165.0
766,733,Lenovo,V310-15IKB (i5-7200U/4GB/1TB/No,Notebook,15.6,1366x768,Intel Core i5 7200U 2.5GHz,4.0,1TB HDD,Intel HD Graphics 620,No OS,1.9,489.9
209,1242,Dell,Inspiron 5578,2 in 1 Convertible,15.0,Full HD / Touchscreen 1920x1080,Intel Core i3 7100U 2.4GHz,4.0,500GB HDD,Intel HD Graphics 620,Windows 10,2.08,509.0
1138,1254,HP,EliteBook 840,Ultrabook,14.0,2560x1440,Intel Core i7 6500U 2.5GHz,8.0,256GB SSD,Intel HD Graphics 520,Windows 7,1.54,2198.19
64,864,Lenovo,ThinkPad T470p,Ultrabook,14.0,IPS Panel Full HD 1920x1080,Intel Core i7 7700HQ 2.8GHz,8.0,256GB SSD,Nvidia GeForce GT 940MX,Windows 10,1.96,1903.0
1161,635,Asus,Q304UA-BHI5T11 (i5-7200U/6GB/1TB/FHD/W10),2 in 1 Convertible,13.3,Full HD / Touchscreen 1920x1080,Intel Core i5 7200U 2.5GHz,6.0,1TB HDD,Intel HD Graphics 620,Windows 10,1.5,639.01
366,1136,HP,Spectre Pro,Notebook,13.3,Full HD 1920x1080,Intel Core i5 6200U 2.3GHz,8.0,256GB SSD,Intel HD Graphics 520,Windows 10,1.16,1690.0
92,1104,Acer,Aspire ES1-523,Notebook,15.6,1366x768,AMD A8-Series 7410 2.2GHz,4.0,500GB HDD,AMD Radeon R5,Windows 10,2.4,387.0
50,924,HP,Elitebook Folio,Ultrabook,12.5,4K Ultra HD / Touchscreen 3840x2160,Intel Core M 6Y75 1.2GHz,8.0,240GB SSD,Intel HD Graphics 515,Windows 10,1.09,3100.0
656,877,Toshiba,Portégé Z30-C-188,Ultrabook,13.3,1366x768,Intel Core i5 6200U 2.3GHz,8.0,256GB SSD,Intel HD Graphics 520,Windows 10,1.2,1095.0
606,1290,Lenovo,IdeaPad 100S-14IBR,Notebook,14.0,1366x768,Intel Celeron Dual Core N3050 1.6GHz,2.0,64GB Flash Storage,Intel HD Graphics,Windows 10,1.5,229.0
503,1194,Lenovo,B51-80 (i7-6500U/4GB/1008GB/FHD/W7),Notebook,15.6,Full HD 1920x1080,Intel Core i7 6500U 2.5GHz,4.0,1.0TB Hybrid,Intel HD Graphics 520,Windows 7,2.32,825.0
1288,934,Dell,Vostro 3568,Notebook,15.6,1366x768,Intel Core i5 7200U 2.5GHz,4.0,1TB HDD,AMD Radeon R5 M420,Windows 10,2.18,684.99
1193,1316,Lenovo,Yoga 500-14ISK,2 in 1 Convertible,14.0,IPS Panel Full HD / Touchscreen 1920x1080,Intel Core i7 6500U 2.5GHz,4.0,128GB SSD,Intel HD Graphics 520,Windows 10,1.8,638.0
188,656,Toshiba,Portege Z30-C-16J,Notebook,13.3,Full HD 1920x1080,Intel Core i5 6200U 2.3GHz,8.0,256GB SSD,Intel HD Graphics 520,Windows 10,1.2,1213.0
945,970,Dell,XPS 13,2 in 1 Convertible,13.3,Full HD / Touchscreen 1920x1080,Intel Core i5 7Y54 1.2GHz,8.0,256GB SSD,Intel HD Graphics 615,Windows 10,1.24,1899.0
1024,68,HP,250 G6,Notebook,15.6,1366x768,Intel Core i3 6006U 2GHz,4.0,500GB HDD,AMD Radeon 520,Windows 10,1.86,438.69
53,691,HP,17-bs000nv I3,Notebook,17.3,IPS Panel Full HD 1920x1080,Intel Core i3 6006U 2GHz,4.0,256GB SSD,AMD Radeon R5 520,Windows 10,2.5,699.0
981,632,Lenovo,IdeaPad 320-15IKB,Notebook,15.6,Full HD 1920x1080,Intel Core i7 7500U 2.7GHz,8.0,1TB HDD,Nvidia GeForce 920MX,Windows 10,2.2,899.0
1282,1246,Lenovo,IdeaPad Y700-15ISK,Gaming,15.6,IPS Panel Full HD / Touchscreen 1920x1080,Intel Core i7 6700HQ 2.6GHz,16.0,128GB SSD +  1TB HDD,Nvidia GeForce GTX 960M,Windows 10,2.6,1029.0
721,1240,HP,15-bw009nv (A12-9720P/6GB/1TB/Radeon,Notebook,15.6,Full HD 1920x1080,AMD A12-Series 9720P 2.7GHz,6.0,1TB HDD,AMD Radeon 530,Windows 10,2.1,529.0
441,1245,Dell,Vostro 3568,Notebook,15.6,1366x768,Intel Core i5 7200U 2.5GHz,4.0,1TB HDD,Intel HD Graphics 520,Linux,2.18,521.86
1222,106,HP,Envy 13-ad009n,Ultrabook,13.3,IPS Panel Full HD 1920x1080,Intel Core i7 7500U 2.7GHz,8.0,256GB SSD,Nvidia GeForce MX150,Windows 10,1.38,1119.0
992,1165,Dell,Vostro 5568,Notebook,15.6,Full HD 1920x1080,Intel Core i7 7500U 2.7GHz,8.0,256GB SSD,Nvidia GeForce 940MX,Windows 10,2.18,1009.9
1271,319,Asus,VivoBook Flip,2 in 1 Convertible,11.6,Touchscreen 1366x768,Intel Celeron Dual Core N3350 1.1GHz,2.0,32GB Flash Storage,Intel HD Graphics 500,Windows 10,1.1,275.0
546,1292,Asus,X553SA-XX031T (N3050/4GB/500GB/W10),Notebook,15.6,1366x768,Intel Celeron Dual Core N3050 1.6GHz,4.0,500GB HDD,Intel HD Graphics,Windows 10,2.2,369.0
541,1060,HP,EliteBook 1040,Notebook,14.0,Full HD 1920x1080,Intel Core i5 6200U 2.3GHz,8.0,256GB SSD,Intel HD Graphics 520,Windows 7,1.43,1469.0
915,655,Razer,Blade Pro,Gaming,14.0,Full HD 1920x1080,Intel Core i7 7700HQ 2.8GHz,16.0,256GB SSD,Nvidia GeForce GTX 1060,Windows 10,1.95,2599.0
543,938,Lenovo,ThinkPad Yoga,2 in 1 Convertible,13.3,IPS Panel Full HD / Touchscreen 1920x1080,Intel Core i5 7200U 2.5GHz,8.0,512GB SSD,Intel HD Graphics 620,Windows 10,1.37,1825.0
139,523,HP,15-bs190od (i5-8250U/4GB/1TB/W10),Notebook,15.6,Touchscreen 1366x768,Intel Core i5 8250U 1.6GHz,4.0,1TB HDD,Intel UHD Graphics 620,Windows 10,2.04,521.47
929,1285,Dell,Inspiron 3567,Notebook,15.6,1366x768,Intel Core i7 7500U 2.7GHz,8.0,1TB HDD,AMD Radeon R5 M430,Linux,2.3,805.99
565,1145,HP,15-bs078cl (i7-7500U/8GB/2TB/W10),Notebook,15.6,1366x768,Intel Core i7 7500U 2.7GHz,8.0,2TB HDD,Intel HD Graphics 620,Windows 10,2.04,629.0
300,213,Lenovo,IdeaPad 320-15IKBN,Notebook,15.6,1366x768,Intel Core i5 7200U 2.5GHz,8.0,256GB SSD,Intel HD Graphics 620,Windows 10,2.2,597.0
960,860,HP,250 G6,Notebook,15.6,1366x768,Intel Celeron Dual Core N3060 1.6GHz,4.0,128GB SSD,Intel HD Graphics 400,No OS,1.86,299.0
750,954,HP,Omen 17-W006na,Gaming,17.3,IPS Panel Full HD 1920x1080,Intel Core i5 6300HQ 2.3GHz,8.0,128GB SSD +  1TB HDD,Nvidia GeForce GTX 965M,Windows 10,2.75,1399.0
362,763,Asus,Pro P2540UA-XO0192R,Notebook,15.6,1366x768,Intel Core i7 7500U 2.7GHz,4.0,256GB SSD,Intel HD Graphics 620,Windows 10,2.37,849.9
808,706,Toshiba,Portege Z30T-C-133,Ultrabook,13.3,Full HD / Touchscreen 1920x1080,Intel Core i7 6500U 2.5GHz,16.0,512GB SSD,Intel HD Graphics 520,Windows 10,1.36,1877.0
263,154,Dell,Inspiron 7567,Gaming,15.6,Full HD 1920x1080,Intel Core i7 7700HQ 2.8GHz,8.0,1.0TB Hybrid,Nvidia GeForce GTX 1050,Windows 10,2.62,899.0
701,750,Toshiba,Tecra X40-D-10G,Notebook,14.0,IPS Panel Full HD / Touchscreen 1920x1080,Intel Core i5 7200U 2.5GHz,8.0,256GB SSD,Intel HD Graphics 620,Windows 10,1.25,1535.0
549,703,Acer,TravelMate B117-M,Netbook,11.6,1366x768,Intel Celeron Dual Core N3050 1.6GHz,4.0,32GB Flash Storage,Intel HD Graphics,Windows 10,1.4,269.0
530,775,Asus,X751NV-TY001 (N4200/4GB/1TB/GeForce,Notebook,17.3,1366x768,Intel Pentium Quad Core N4200 1.1GHz,4.0,1TB HDD,Nvidia GeForce 920MX,Windows 10,2.8,470.34
1010,723,Lenovo,Thinkpad E470,Notebook,14.0,IPS Panel Full HD 1920x1080,Intel Core i5 7200U 2.5GHz,8.0,256GB SSD,Nvidia GeForce 920MX,Windows 10,1.87,857.07
382,191,Lenovo,Legion Y520-15IKBN,Gaming,15.6,IPS Panel Full HD 1920x1080,Intel Core i5 7300HQ 2.5GHz,8.0,256GB SSD,Nvidia GeForce GTX 1050,No OS,2.4,779.0
80,1172,Dell,XPS 15,Notebook,15.6,IPS Panel Touchscreen / 4K Ultra HD 3840x2160,Intel Core i5 6300HQ 2.3GHz,8.0,256GB SSD,Nvidia GeForce 960M,Windows 10,2.04,2250.68
939,798,Dell,Inspiron 7567,Gaming,15.6,Full HD 1920x1080,Intel Core i5 7300HQ 2.5GHz,8.0,256GB SSD,Nvidia GeForce GTX 1050,Windows 10,2.62,985.0
789,1037,HP,ProBook 440,Notebook,14.0,Full HD 1920x1080,Intel Core i7 7500U 2.7GHz,8.0,256GB SSD,Nvidia GeForce 930MX,Windows 10,1.64,1185.43
1239,1057,Lenovo,Thinkpad L560,Notebook,15.6,Full HD 1920x1080,Intel Core i5 6200U 2.3GHz,8.0,256GB SSD,Intel HD Graphics 520,Windows 10,2.3,1049.6
871,357,HP,Elitebook 850,Notebook,15.6,Full HD 1920x1080,Intel Core i7 7500U 2.7GHz,8.0,256GB SSD,Intel HD Graphics 620,Windows 10,1.84,1304.0
218,1025,HP,EliteBook 820,Ultrabook,12.5,Full HD 1920x1080,Intel Core i5 7200U 2.5GHz,4.0,500GB HDD,Intel HD Graphics 620,Windows 10,1.26,1539.0
1182,29,Dell,Latitude 5590,Ultrabook,15.6,Full HD 1920x1080,Intel Core i7 8650U 1.9GHz,8.0,256GB SSD +  256GB SSD,Intel UHD Graphics 620,Windows 10,1.88,1298.0
928,508,HP,15-BS026nv (i5-7200U/8GB/256GB/Radeon,Notebook,15.6,1366x768,Intel Core i5 7200U 2.5GHz,8.0,256GB SSD,AMD Radeon 520,Windows 10,1.91,618.99
722,1181,Lenovo,IdeaPad 310-15ISK,Notebook,15.6,1366x768,Intel Core i3 6006U 2.0GHz,8.0,1TB HDD,Intel HD Graphics 520,Windows 10,2.2,459.0
126,105,Dell,Inspiron 3576,Notebook,15.6,Full HD 1920x1080,Intel Core i5 8250U 1.6GHz,8.0,1TB HDD,AMD Radeon 520,Linux,2.2,647.0
486,395,Lenovo,ThinkPad X1,2 in 1 Convertible,14.0,Touchscreen 2560x1440,Intel Core i7 7500U 2.7GHz,16.0,512GB SSD,Intel HD Graphics 620,Windows 10,1.42,2509.0
1230,312,Toshiba,Satellite Pro,Notebook,15.6,IPS Panel Full HD 1920x1080,Intel Core i7 6500U 2.5GHz,8.0,256GB SSD,Nvidia GeForce 930M,Windows 10,2.2,1043.0
823,345,Dell,Inspiron 7570,Notebook,15.6,Full HD 1920x1080,Intel Core i5 8250U 1.6GHz,8.0,256GB SSD,Nvidia GeForce 940MX,Windows 10,2.0,1142.75
1300,1111,Dell,Inspiron 5567,Notebook,15.6,Full HD 1920x1080,Intel Core i5 7200U 2.5GHz,8.0,1TB HDD,AMD Radeon R7 M445,Windows 10,2.36,638.8
1190,366,HP,250 G6,Notebook,15.6,1366x768,Intel Core i3 6006U 2GHz,4.0,500GB HDD,Intel HD Graphics 520,Windows 10,1.86,439.0
401,170,Acer,Aspire 3,Notebook,15.6,1366x768,Intel Pentium Quad Core N4200 1.1GHz,4.0,1TB HDD,Intel HD Graphics 505,Windows 10,2.1,363.51
427,1,Apple,MacBook Pro,Ultrabook,13.3,IPS Panel Retina Display 2560x1600,Intel Core i5 2.3GHz,8.0,128GB SSD,Intel Iris Plus Graphics 640,macOS,1.37,1339.69
990,1095,Lenovo,Yoga 900S-12ISK,Ultrabook,12.5,IPS Panel Touchscreen 2560x1440,Intel Core M 6Y75 1.2GHz,8.0,512GB SSD,Intel HD Graphics 515,Windows 10,0.99,1399.0
1043,822,Dell,Vostro 5568,Notebook,15.6,Full HD 1920x1080,Intel Core i7 7500U 2.7GHz,8.0,1TB HDD,Nvidia GeForce GT 940MX,Windows 10,1.98,961.0
720,1031,Lenovo,ThinkPad P70,Notebook,17.3,IPS Panel 4K Ultra HD 3840x2160,Intel Core i7 6820HQ 2.7GHz,16.0,512GB SSD,Nvidia Quadro 3000M,Windows 7,2.4,2968.0
973,301,Acer,Aspire A715-71G,Notebook,15.6,Full HD 1920x1080,Intel Core i7 7700HQ 2.8GHz,8.0,256GB SSD,Nvidia GeForce GTX 1050 Ti,Linux,2.5,979.0
191,511,Lenovo,Chromebook N23,Netbook,11.6,1366x768,Intel Celeron Dual Core N3060 1.6GHz,4.0,16GB SSD,Intel HD Graphics 400,Chrome OS,1.25,265.0
96,593,HP,Omen 17-AN010nv,Gaming,17.3,IPS Panel Full HD 1920x1080,Intel Core i7 7700HQ 2.8GHz,16.0,256GB SSD +  1TB HDD,Nvidia GeForce GTX 1050,Windows 10,3.78,1498.0
1233,294,Lenovo,IdeaPad 320-15IKB,Notebook,15.6,Full HD 1920x1080,Intel Core i7 7500U 2.7GHz,8.0,1TB HDD,Nvidia GeForce 940MX,No OS,2.2,659.01
526,800,Vero,K146 (N3350/4GB/32GB/W10),Notebook,14.0,1920x1080,Intel Celeron Dual Core N3350 1.1GHz,4.0,32GB Flash Storage,Intel HD Graphics 500,Windows 10,1.22,202.9
1122,527,Lenovo,Legion Y720-15IKB,Gaming,15.6,IPS Panel Full HD 1920x1080,Intel Core i7 7700HQ 2.8GHz,8.0,256GB SSD +  1TB HDD,Nvidia GeForce GTX 1060,Windows 10,3.2,1399.0
325,662,HP,250 G6,Notebook,15.6,1366x768,Intel Core i3 6006U 2GHz,4.0,500GB HDD,Intel HD Graphics 520,No OS,1.86,364.9
315,1283,Lenovo,IdeaPad Y700-15ISK,Notebook,15.6,IPS Panel Full HD 1920x1080,Intel Core i7 6700HQ 2.6GHz,8.0,1TB HDD,Nvidia GeForce GTX 960M,Windows 10,2.6,899.0
554,624,HP,EliteBook 850,Ultrabook,15.6,Full HD 1920x1080,Intel Core i7 7500U 2.7GHz,8.0,512GB SSD,Intel HD Graphics 620,Windows 10,1.84,1389.0
902,1155,HP,EliteBook 850,Ultrabook,15.6,Full HD 1920x1080,Intel Core i7 6500U 2.5GHz,8.0,256GB SSD,Intel HD Graphics 520,Windows 7,1.88,2171.72
890,425,Dell,Inspiron 3567,Notebook,15.6,1366x768,Intel Core i5 7200U 2.5GHz,8.0,1TB HDD,Intel HD Graphics 620,Windows 10,2.14,539.95
697,449,Lenovo,ThinkPad X270,Ultrabook,12.5,IPS Panel Full HD 1920x1080,Intel Core i5 7200U 2.5GHz,8.0,256GB SSD,Intel HD Graphics 620,Windows 10,1.36,1429.0
709,1227,Asus,Rog Strix,Gaming,15.6,Full HD 1920x1080,Intel Core i7 7700HQ 2.8GHz,16.0,256GB SSD +  1TB HDD,Nvidia GeForce GTX 1070,Windows 10,2.2,2449.0
130,683,MSI,GP62 7RDX,Gaming,15.6,Full HD 1920x1080,Intel Core i7 7700HQ 2.8GHz,16.0,256GB SSD +  1TB HDD,Nvidia GeForce GTX 1050,Windows 10,2.4,1294.0
972,714,Acer,Spin 5,2 in 1 Convertible,13.3,IPS Panel Full HD / Touchscreen 1920x1080,Intel Core i5 8250U 1.6GHz,8.0,256GB SSD,Intel UHD Graphics 620,Windows 10,1.6,999.0
333,789,Dell,Alienware 17,Gaming,17.3,IPS Panel Full HD 1920x1080,Intel Core i7 7700HQ 2.8GHz,32.0,1TB SSD +  1TB HDD,Nvidia GeForce GTX 1070M,Windows 10,4.42,3588.8
1142,535,Dell,Inspiron 3567,Notebook,15.6,Full HD 1920x1080,Intel Core i5 7200U 2.5GHz,4.0,500GB HDD,AMD Radeon R5 M430,Windows 10,2.3,585.0
934,875,Dell,XPS 13,Ultrabook,13.3,Quad HD+ / Touchscreen 3200x1800,Intel Core i7 7660U 2.5GHz,16.0,512GB SSD,Intel Iris Plus Graphics 640,Windows 10,1.29,2240.0
520,265,Dell,Inspiron 5770,Notebook,17.3,Full HD 1920x1080,Intel Core i7 8550U 1.8GHz,8.0,128GB SSD +  1TB HDD,AMD Radeon 530,Windows 10,2.8,1142.0
1111,1059,HP,EliteBook 850,Notebook,15.6,Full HD 1920x1080,Intel Core i5 6300U 2.4GHz,8.0,256GB SSD +  500GB HDD,Intel HD Graphics 520,Windows 10,1.84,2103.34
256,338,Asus,UX510UX-CN269T (i7-7500U/8GB/256GB,Notebook,14.0,Full HD 1920x1080,Intel Core i7 7500U 2.7GHz,8.0,256GB SSD +  1TB HDD,Intel HD Graphics 620,Windows 10,2.0,1334.0
156,605,Dell,Latitude 5289,2 in 1 Convertible,12.5,Full HD / Touchscreen 1920x1080,Intel Core i5 7200U 2.5GHz,8.0,256GB SSD,Intel HD Graphics 620,Windows 10,1.34,1670.0
305,279,Toshiba,Satellite Pro,Notebook,15.6,1366x768,Intel Core i7 6500U 2.5GHz,8.0,500GB HDD,Nvidia GeForce 930M,Windows 10,2.2,812.0
169,1117,Acer,Chromebook 15,Notebook,15.6,1366x768,Intel Celeron Dual Core 3205U 1.5GHz,4.0,16GB SSD,Intel HD Graphics,Chrome OS,2.2,209.0
1254,969,Dell,Alienware 17,Gaming,17.3,IPS Panel 4K Ultra HD 3840x2160,Intel Core i7 7700HQ 2.8GHz,16.0,512GB SSD +  1TB HDD,Nvidia GeForce GTX 1070,Windows 10,4.36,3154.0
1191,586,Dell,Inspiron 3567,Notebook,15.6,Full HD 1920x1080,Intel Core i7 7500U 2.7GHz,8.0,256GB SSD,AMD Radeon R5 M430,Linux,2.2,749.01
437,255,Dell,Inspiron 5579,2 in 1 Convertible,15.6,IPS Panel Full HD / Touchscreen 1920x1080,Intel Core i7 8550U 1.8GHz,8.0,1TB HDD,Intel UHD Graphics 620,Windows 10,2.08,819.0
1177,1156,Lenovo,ThinkPad X1,2 in 1 Convertible,14.0,IPS Panel Touchscreen 2560x1440,Intel Core i7 6600U 2.6GHz,16.0,512GB SSD,Intel HD Graphics 520,Windows 10,2.8,2440.0
377,636,Dell,XPS 15,Notebook,15.6,Full HD 1920x1080,Intel Core i7 7700HQ 2.8GHz,8.0,256GB SSD,Nvidia GeForce GTX 1050,Windows 10,2.0,1820.0
667,742,Lenovo,ThinkPad 13,Notebook,13.3,IPS Panel Full HD 1920x1080,Intel Core i5 7200U 2.5GHz,8.0,256GB SSD,Intel HD Graphics 620,Windows 10,1.44,960.0
616,700,HP,ZBook 17,Workstation,17.3,Full HD 1920x1080,Intel Core i7 7700HQ 2.8GHz,8.0,500GB HDD,Nvidia Quadro M1200,Windows 10,3.14,1907.99
1103,771,Google,Pixelbook (Core,Ultrabook,12.3,Touchscreen 2400x1600,Intel Core i5 7Y57 1.2GHz,8.0,256GB SSD,Intel HD Graphics 615,Chrome OS,1.1,1559.0
2,1013,HP,EliteBook 840,Ultrabook,14.0,Full HD 1920x1080,Intel Core i7 7500U 2.7GHz,8.0,512GB SSD,Intel HD Graphics 620,Windows 10,1.48,2089.0
583,400,MSI,Leopard GP72M,Gaming,17.3,Full HD 1920x1080,Intel Core i7 7700HQ 2.8GHz,8.0,256GB SSD,Nvidia GeForce GTX 1050 Ti,Windows 10,2.7,1349.0
1257,842,Lenovo,Thinkpad T460,Notebook,14.0,Full HD 1920x1080,Intel Core i5 6200U 2.3GHz,8.0,256GB SSD,Intel HD Graphics 520,Windows 10,1.7,1186.0
848,268,Dell,Vostro 3568,Notebook,15.6,Full HD 1920x1080,Intel Core i5 7200U 2.5GHz,4.0,1TB HDD,Intel HD Graphics 620,Windows 10,2.18,657.0
112,8,Apple,Macbook Air,Ultrabook,13.3,1440x900,Intel Core i5 1.8GHz,8.0,256GB Flash Storage,Intel HD Graphics 6000,macOS,1.34,1158.7
1013,52,Acer,Aspire A515-51G,Notebook,15.6,IPS Panel Full HD 1920x1080,Intel Core i7 8550U 1.8GHz,8.0,256GB SSD,Nvidia GeForce MX150,Windows 10,2.2,841.0
1203,446,Asus,VivoBook Max,Notebook,15.6,Full HD 1920x1080,Intel Core i5 7200U 2.5GHz,4.0,256GB SSD,Intel HD Graphics 620,Linux,2.0,559.0
1166,38,Dell,Inspiron 5770,Notebook,17.3,IPS Panel Full HD 1920x1080,Intel Core i5 8250U 1.6GHz,8.0,128GB SSD +  1TB HDD,AMD Radeon 530,Windows 10,2.8,979.0
435,194,Lenovo,Thinkpad Yoga,2 in 1 Convertible,14.0,Touchscreen 2560x1440,Intel Core i7 7500U 2.7GHz,16.0,1TB SSD,Intel HD Graphics 620,Windows 10,1.42,2824.0
633,721,Asus,VivoBook E403NA,Notebook,14.0,Full HD 1920x1080,Intel Celeron Dual Core N3350 1.1GHz,4.0,32GB Flash Storage,Intel HD Graphics 500,Windows 10,1.5,298.0
43,369,HP,250 G6,Notebook,15.6,Full HD 1920x1080,Intel Core i5 7200U 2.5GHz,8.0,1TB HDD,Intel HD Graphics 620,Windows 10,1.86,639.0
825,873,Toshiba,Portege X30-D-10X,Notebook,13.3,Full HD 1920x1080,Intel Core i5 7200U 2.5GHz,4.0,128GB SSD,Intel HD Graphics 620,Windows 10,1.05,1285.0
329,306,Asus,Rog GL702VS-GC095T,Gaming,17.3,Full HD 1920x1080,Intel Core i7 7700HQ 2.8GHz,16.0,256GB SSD +  1TB HDD,Nvidia GeForce GTX 1070,Windows 10,2.9,2122.0
602,1184,Lenovo,ThinkPad T570,Notebook,15.6,IPS Panel Full HD 1920x1080,Intel Core i5 7200U 2.5GHz,8.0,256GB SSD,Intel HD Graphics 620,Windows 10,1.95,1390.0
878,502,Lenovo,Thinkpad X260,Ultrabook,12.5,IPS Panel 1366x768,Intel Core i5 6200U 2.3GHz,8.0,180GB SSD,Intel HD Graphics 520,Windows 10,1.3,1099.0
70,570,Lenovo,Thinkpad P71,Notebook,17.3,IPS Panel Full HD 1920x1080,Intel Core i7 7700HQ 2.8GHz,8.0,256GB SSD,Nvidia Quadro M620M,Windows 10,3.4,2999.0
770,87,Dell,Inspiron 7577,Gaming,15.6,IPS Panel Full HD 1920x1080,Intel Core i7 7700HQ 2.8GHz,16.0,128GB SSD +  1TB HDD,Nvidia GeForce GTX 1050 Ti,Windows 10,2.65,1349.0
965,1200,Dell,Vostro 5568,Notebook,15.6,Full HD 1920x1080,Intel Core i7 7500U 2.7GHz,8.0,256GB SSD,Nvidia GeForce GT 940MX,Linux,1.98,895.01
570,698,Acer,Chromebook 14,Notebook,14.0,1366x768,Intel Celeron Dual Core 3855U 1.6GHz,4.0,32GB Flash Storage,Intel HD Graphics 510,Chrome OS,1.45,375.0
282,1304,Lenovo,IdeaPad 100S-14IBR,Notebook,14.0,1366x768,Intel Celeron Dual Core N3050 1.6GHz,2.0,64GB Flash Storage,Intel HD Graphics,Windows 10,1.5,229.0
7,234,HP,ZBook 15u,Notebook,15.6,Full HD 1920x1080,Intel Core i7 7500U 2.7GHz,8.0,1TB HDD,AMD FirePro W4190M ,Windows 10,1.9,1269.0
120,148,Asus,ZenBook UX430UA,Ultrabook,14.0,Full HD 1920x1080,Intel Core i7 8550U 1.8GHz,8.0,256GB SSD,Intel UHD Graphics 620,Windows 10,1.25,1099.0
189,90,Asus,FX503VM-E4007T (i7-7700HQ/16GB/1TB,Gaming,15.6,IPS Panel Full HD 1920x1080,Intel Core i7 7700HQ 2.8GHz,16.0,128GB SSD +  1TB HDD,Nvidia GeForce GTX 1060,Windows 10,2.2,1449.0
301,9,Asus,ZenBook UX430UN,Ultrabook,14.0,Full HD 1920x1080,Intel Core i7 8550U 1.8GHz,16.0,512GB SSD,Nvidia GeForce MX150,Windows 10,1.3,1495.0
490,11,HP,250 G6,Notebook,15.6,1366x768,Intel Core i5 7200U 2.5GHz,4.0,500GB HDD,Intel HD Graphics 620,No OS,1.86,393.9
913,1299,Dell,Inspiron 3567,Notebook,15.6,1366x768,Intel Core i7 7500U 2.7GHz,8.0,1TB HDD,AMD Radeon R5 M430,Linux,2.3,805.99
296,682,HP,Pavilion X360,2 in 1 Convertible,14.0,IPS Panel Full HD / Touchscreen 1920x1080,Intel Core i3 7100U 2.4GHz,4.0,128GB SSD,Nvidia GeForce 940MX,Windows 10,1.63,699.0
1078,1262,HP,EliteBook 840,Notebook,14.0,Full HD 1920x1080,Intel Core i5 6200U 2.3GHz,4.0,256GB SSD,Intel HD Graphics 520,Windows 7,1.54,1099.99
577,1126,Dell,Vostro 3559,Notebook,15.6,1366x768,Intel Core i5 6200U 2.3GHz,4.0,500GB HDD,AMD Radeon R5 M315,Windows 7,2.24,769.15
452,1129,Lenovo,Yoga Book,2 in 1 Convertible,10.1,IPS Panel Touchscreen 1920x1200,Intel Atom x5-Z8550 1.44GHz,4.0,64GB Flash Storage,Intel HD Graphics 400,Android,0.69,549.0
841,1049,HP,EliteBook 820,Ultrabook,12.5,Full HD 1920x1080,Intel Core i7 6500U 2.5GHz,8.0,256GB SSD,Intel HD Graphics 520,Windows 10,1.26,1349.0
356,431,Dell,Alienware 17,Gaming,17.3,IPS Panel 2560x1440,Intel Core i7 7820HK 2.9GHz,16.0,256GB SSD +  1TB HDD,Nvidia GeForce GTX 1070,Windows 10,4.42,2799.0
267,370,Lenovo,IdeaPad 320-15ISK,Notebook,15.6,1366x768,Intel Core i3 6006U 2GHz,8.0,256GB SSD,Nvidia GeForce 920MX ,No OS,2.2,499.0
425,1113,HP,250 G5,Notebook,15.6,1366x768,Intel Pentium Quad Core N3710 1.6GHz,4.0,1TB HDD,Intel HD Graphics 405,Windows 10,1.96,500.0
465,964,HP,ZBook Studio,Workstation,15.6,IPS Panel Full HD 1920x1080,Intel Core i7 6820HQ 2.7GHz,8.0,8GB SSD,Nvidia Quadro M1000M,Windows 10,2.0,2249.0
755,174,Huawei,MateBook X,Ultrabook,13.0,IPS Panel Full HD 2160x1440,Intel Core i5 7200U 2.5GHz,8.0,256GB SSD,Intel HD Graphics 620,Windows 10,1.05,1349.0
754,207,Lenovo,Legion Y720-15IKB,Gaming,15.6,IPS Panel Full HD 1920x1080,Intel Core i7 7700HQ 2.8GHz,16.0,512GB SSD +  1TB HDD,Nvidia GeForce GTX 1060,Windows 10,3.2,1749.0
598,1023,HP,Probook 440,Notebook,14.0,1366x768,Intel Core i3 7100U 2.4GHz,4.0,500GB HDD,Intel HD Graphics 620,Windows 10,1.64,684.0
48,228,HP,ProBook 450,Notebook,15.6,Full HD 1920x1080,Intel Core i5 8250U 1.6GHz,8.0,1TB HDD,Intel UHD Graphics 620,Windows 10,2.1,794.0
434,786,Acer,Swift 3,Notebook,14.0,IPS Panel Full HD 1920x1080,Intel Core i3 7100U 2.4GHz,4.0,128GB SSD,Intel HD Graphics 620,Windows 10,1.8,636.0
328,613,Toshiba,Tecra Z50-C-144,Notebook,15.6,IPS Panel Full HD 1920x1080,Intel Core i7 6500U 2.5GHz,8.0,256GB SSD,Intel HD Graphics 520,Windows 10,2.2,1399.0
1051,437,Samsung,Chromebook 3,Netbook,11.6,1366x768,Intel Celeron Dual Core N3060 1.6GHz,4.0,16GB Flash Storage,Intel HD Graphics 400,Chrome OS,1.15,269.0
248,163,Toshiba,Satellite Pro,Notebook,15.6,1366x768,Intel Core i3 6006U 2.2GHz,4.0,500GB HDD,Intel HD Graphics 520,Windows 10,2.1,447.0
100,1003,Dell,Latitude 5480,Notebook,14.0,Full HD 1920x1080,Intel Core i5 7200U 2.5GHz,8.0,128GB SSD,Intel HD Graphics 620 ,Windows 10,1.6,1119.0
575,1214,Lenovo,V110-15ISK (i3-6006U/4GB/1TB/Radeon,Notebook,15.6,1366x768,Intel Core i3 6006U 2GHz,4.0,1TB HDD,AMD Radeon R5 M430,No OS,1.9,368.0
561,225,Dell,Inspiron 3576,Notebook,15.6,Full HD 1920x1080,Intel Core i5 8250U 1.6GHz,8.0,256GB SSD,AMD Radeon 520,Linux,2.2,677.35
814,1007,Lenovo,ThinkPad T560,Notebook,15.6,Full HD 1920x1080,Intel Core i5 6200U 2.3GHz,8.0,256GB SSD,Intel HD Graphics 520,Windows 10,2.3,1349.0
1028,63,Lenovo,IdeaPad 520S-14IKB,Notebook,14.0,IPS Panel Full HD 1920x1080,Intel Core i3 7130U 2.7GHz,8.0,256GB SSD,Intel HD Graphics 620,No OS,1.7,599.0
453,1001,Lenovo,Legion Y520-15IKBN,Gaming,15.6,IPS Panel Full HD 1920x1080,Intel Core i7 7700HQ 2.8GHz,8.0,128GB SSD +  1TB HDD,Nvidia GeForce GTX 1060,Windows 10,2.5,1189.0
68,619,Dell,Vostro 3568,Notebook,15.6,1366x768,Intel Core i3 6006U 2.0GHz,4.0,1TB HDD,Intel HD Graphics 520,Linux,2.18,443.9
729,363,Dell,Inspiron 7577,Gaming,15.6,Full HD 1920x1080,Intel Core i5 7300HQ 2.5GHz,8.0,1TB HDD,Nvidia GeForce GTX 1050,Windows 10,2.65,999.0
759,948,Toshiba,Tecra Z40-C-12X,Notebook,14.0,IPS Panel Full HD 1920x1080,Intel Core i5 6200U 2.3GHz,4.0,128GB SSD,Intel HD Graphics 520,Windows 10,1.47,1105.0
359,751,Lenovo,Flex 5,2 in 1 Convertible,14.0,Full HD / Touchscreen 1920x1080,Intel Core i5 7200U 2.5GHz,8.0,256GB SSD,Intel HD Graphics 620,Windows 10,1.7,999.0
493,445,Lenovo,ThinkPad T470s,Ultrabook,14.0,2560x1440,Intel Core i7 7500U 2.7GHz,24.0,512GB SSD,Intel HD Graphics 620,Windows 10,1.32,2382.0
692,13,Apple,MacBook Pro,Ultrabook,15.4,IPS Panel Retina Display 2880x1800,Intel Core i7 2.8GHz,16.0,256GB SSD,AMD Radeon Pro 555,macOS,1.83,2439.97
24,1174,MSI,GP72M 7REX,Gaming,17.3,Full HD 1920x1080,Intel Core i7 7700HQ 2.8GHz,16.0,256GB SSD +  1TB HDD,Nvidia GeForce GTX 1050 Ti,Windows 10,2.7,1492.8
856,208,Dell,Precision 7520,Workstation,15.6,4K Ultra HD 3840x2160,Intel Xeon E3-1505M V6 3GHz,16.0,256GB SSD +  1TB HDD,Nvidia Quadro M1200,Windows 10,2.8,3055.0
704,1310,Dell,Inspiron 3552,Notebook,15.6,1366x768,Intel Celeron Dual Core N3050 1.6GHz,2.0,500GB HDD,Intel HD Graphics,Windows 10,2.2,379.0
1171,1093,Lenovo,V110-15ISK (i5-6200U/4GB/500GB/W10),Notebook,15.6,1366x768,Intel Core i5 6200U 2.3GHz,4.0,500GB HDD,Intel HD Graphics 520,Windows 10,2.1,540.0
354,216,Asus,ROG GL703VD-GC028T,Gaming,17.3,Full HD 1920x1080,Intel Core i7 7700HQ 2.8GHz,16.0,256GB SSD +  1TB HDD,Nvidia GeForce GTX 1050,Windows 10,2.9,1407.0
590,844,Dell,Alienware 15,Gaming,15.6,Full HD 1920x1080,Intel Core i7 7700HQ 2.8GHz,16.0,256GB SSD +  1TB HDD,Nvidia GeForce GTX 1070,Windows 10,3.21,2774.63
413,640,Lenovo,V330-15IKB (i5-8250U/4GB/256GB/FHD/W10),Notebook,15.6,Full HD 1920x1080,Intel Core i5 8250U 1.6GHz,4.0,256GB SSD,Intel UHD Graphics 620,Windows 10,1.8,829.0
1157,99,Dell,Inspiron 3567,Notebook,15.6,Full HD 1920x1080,Intel Core i3 6006U 2GHz,4.0,256GB SSD,AMD Radeon R5 M430,Linux,2.2,485.0
0,972,Dell,XPS 13,Ultrabook,13.3,Quad HD+ 3200x1800,Intel Core i7 6500U 2.5GHz,8.0,256GB SSD,Intel HD Graphics 520,Windows 10,1.3,1268.0
626,672,MSI,GP72VR Leopard,Gaming,17.3,Full HD 1920x1080,Intel Core i7 7700HQ 2.8GHz,8.0,128GB SSD +  1TB HDD,Nvidia GeForce GTX 1060,Windows 10,2.7,1486.77
677,138,HP,Probook 440,Notebook,14.0,Full HD 1920x1080,Intel Core i7 8550U 1.8GHz,8.0,256GB SSD,Intel UHD Graphics 620,Windows 10,1.63,988.0
637,73,Dell,Inspiron 5370,Ultrabook,13.3,IPS Panel Full HD 1920x1080,Intel Core i7 8550U 1.8GHz,8.0,256GB SSD,AMD Radeon 530,Windows 10,1.4,955.0
1211,1069,HP,ProBook 650,Notebook,15.6,1366x768,Intel Core i3 6100U 2.3GHz,4.0,500GB HDD,Intel HD Graphics 520,Windows 10,2.31,705.15
245,454,Dell,Precision 3520,Workstation,15.6,Full HD 1920x1080,Intel Xeon E3-1505M V6 3GHz,8.0,64GB Flash Storage +  1TB HDD,Nvidia Quadro M620,Windows 10,2.23,1993.0
1094,1302,Lenovo,Yoga 500-14ISK,2 in 1 Convertible,14.0,IPS Panel Full HD / Touchscreen 1920x1080,Intel Core i7 6500U 2.5GHz,4.0,128GB SSD,Intel HD Graphics 520,Windows 10,1.8,638.0
388,494,Dell,XPS 15,Notebook,15.6,Full HD 1920x1080,Intel Core i7 7700HQ 2.8GHz,16.0,512GB SSD,Nvidia GeForce GTX 1050,Windows 10,2.06,1899.0
1280,249,Lenovo,Yoga 910-13IKB,2 in 1 Convertible,13.9,IPS Panel Full HD / Touchscreen 1920x1080,Intel Core i7 7500U 2.7GHz,8.0,256GB SSD,Intel HD Graphics 620,Windows 10,1.38,1079.0
593,514,Acer,Aspire A515-51G-59QF,Notebook,15.6,IPS Panel Full HD 1920x1080,Intel Core i5 8250U 1.6GHz,4.0,1TB HDD,Nvidia GeForce MX150,Windows 10,2.2,613.0
352,48,Asus,Rog Strix,Gaming,17.3,Full HD 1920x1080,AMD Ryzen 1700 3GHz,8.0,256GB SSD +  1TB HDD,AMD Radeon RX 580,Windows 10,3.2,1299.0
955,14,Dell,Inspiron 3567,Notebook,15.6,Full HD 1920x1080,Intel Core i3 6006U 2GHz,4.0,256GB SSD,AMD Radeon R5 M430,Windows 10,2.2,498.9
713,404,Lenovo,ThinkPad L470,Notebook,14.0,IPS Panel Full HD 1920x1080,Intel Core i5 7200U 2.5GHz,8.0,256GB SSD,Intel HD Graphics 620,Windows 10,1.9,938.0
379,348,HP,ProBook 450,Notebook,15.6,IPS Panel Full HD 1920x1080,Intel Core i3 7100U 2.4GHz,8.0,1TB HDD,Nvidia GeForce 930MX ,Windows 10,2.1,716.0
16,589,HP,ProBook 430,Notebook,13.3,Full HD 1920x1080,Intel Core i3 7100U 2.4GHz,4.0,128GB SSD,Intel HD Graphics 620,Windows 10,1.49,719.0
1005,1048,HP,EliteBook 850,Notebook,15.6,Full HD 1920x1080,Intel Core i7 6500U 2.5GHz,8.0,256GB SSD,Intel HD Graphics 520,Windows 10,1.84,1228.99
1053,450,Lenovo,IdeaPad 320-15IAP,Notebook,15.6,Full HD 1920x1080,Intel Pentium Quad Core N4200 1.1GHz,4.0,128GB SSD,Intel HD Graphics 505,Windows 10,2.2,349.0
669,807,Lenovo,Yoga 910-13IKB,2 in 1 Convertible,13.9,IPS Panel Full HD / Touchscreen 1920x1080,Intel Core i7 7500U 2.7GHz,8.0,256GB SSD,Intel HD Graphics 620,Windows 10,1.38,1349.0
402,1077,Dell,Inspiron 5567,Notebook,15.6,Full HD 1920x1080,Intel Core i7 7500U 2.7GHz,16.0,2TB HDD,AMD Radeon R7 M445,Windows 10,2.32,989.99
849,1211,Apple,"MacBook 12""",Ultrabook,12.0,IPS Panel Retina Display 2304x1440,Intel Core M 1.1GHz,8.0,256GB Flash Storage,Intel HD Graphics 5300,Mac OS X,0.92,1163.0
323,5,Apple,MacBook Pro,Ultrabook,13.3,IPS Panel Retina Display 2560x1600,Intel Core i5 3.1GHz,8.0,256GB SSD,Intel Iris Plus Graphics 650,macOS,1.37,1803.6
615,1103,HP,Chromebook 13,Notebook,13.3,Quad HD+ 3200x1800,Intel Pentium Dual Core 4405Y 1.5GHz,4.0,32GB Flash Storage,Intel HD Graphics 515,Chrome OS,1.29,615.0
389,580,Lenovo,Thinkpad E570,Notebook,15.6,Full HD 1920x1080,Intel Core i5 7200U 2.5GHz,8.0,256GB SSD,Intel HD Graphics 620,Windows 10,2.3,830.0
1084,409,Lenovo,ThinkPad E580,Notebook,15.6,IPS Panel Full HD 1920x1080,Intel Core i5 8250U 1.6GHz,8.0,256GB SSD +  1TB HDD,AMD Radeon RX 550,Windows 10,2.1,1144.5
1261,317,MSI,GE63VR 7RF,Gaming,15.6,IPS Panel Full HD 1920x1080,Intel Core i7 7700HQ 2.8GHz,16.0,256GB SSD +  1TB HDD,Nvidia GeForce GTX 1070,Windows 10,2.8,2099.0
562,863,Dell,Inspiron 5767,Notebook,17.3,Full HD 1920x1080,Intel Core i7 7500U 2.7GHz,8.0,1TB HDD,AMD Radeon R7 M445,Linux,2.83,865.0
768,392,Lenovo,Ideapad 510S-13IKB,Notebook,13.3,IPS Panel Full HD 1920x1080,Intel Core i3 7100U 2.4GHz,4.0,128GB SSD,Intel HD Graphics 620,Windows 10,1.5,549.0
164,349,Lenovo,Yoga 920-13IKB,2 in 1 Convertible,13.9,IPS Panel 4K Ultra HD / Touchscreen 3840x2160,Intel Core i7 8550U 1.8GHz,16.0,512GB SSD,Intel UHD Graphics 620,Windows 10,1.4,2099.0
525,847,Lenovo,N42-20 Chromebook,Notebook,14.0,1366x768,Intel Celeron Quad Core N3160 1.6GHz,4.0,16GB Flash Storage,Intel HD Graphics 400,Chrome OS,1.5,325.0
134,42,Dell,Inspiron 7577,Gaming,15.6,IPS Panel Full HD 1920x1080,Intel Core i7 7700HQ 2.8GHz,16.0,256GB SSD +  1TB HDD,Nvidia GeForce GTX 1060,Windows 10,2.65,1499.0
743,541,Asus,ROG Strix,Gaming,15.6,IPS Panel Full HD 1920x1080,Intel Core i5 7300HQ 2.5GHz,8.0,128GB SSD +  1TB HDD,Nvidia GeForce GTX 1060,Windows 10,2.3,1649.0
821,557,Lenovo,IdeaPad 320-15ISK,Notebook,15.6,Full HD 1920x1080,Intel Core i3 6006U 2GHz,4.0,128GB SSD,Intel HD Graphics 520,Windows 10,2.2,499.0
836,937,Toshiba,Tecra Z50-C-140,Notebook,15.6,IPS Panel Full HD 1920x1080,Intel Core i7 6600U 2.6GHz,16.0,256GB SSD,Nvidia GeForce 930M,Windows 10,2.4,1975.0
824,462,Dell,Inspiron 3168,2 in 1 Convertible,11.6,Touchscreen 1366x768,Intel Pentium Quad Core N3710 1.6GHz,4.0,500GB HDD,Intel HD Graphics 405,Windows 10,1.47,479.0
464,987,Toshiba,Tecra A40-C-1DF,Notebook,14.0,Full HD 1920x1080,Intel Core i5 6200U 2.3GHz,8.0,256GB SSD,Intel HD Graphics 520,Windows 10,1.95,1180.0
410,779,Dell,Inspiron 5567,Notebook,15.6,Full HD 1920x1080,Intel Core i7 7500U 2.7GHz,16.0,256GB SSD,AMD Radeon R7 M445,Windows 10,2.3,1181.27
1302,403,Lenovo,ThinkPad E580,Notebook,15.6,IPS Panel Full HD 1920x1080,Intel Core i7 8550U 1.8GHz,8.0,256GB SSD,AMD Radeon RX 550,Windows 10,2.1,1229.56
129,892,HP,Pavilion x360,2 in 1 Convertible,15.6,Touchscreen 1366x768,Intel Core i5 7200U 2.5GHz,4.0,500GB HDD,Intel HD Graphics 620,Windows 10,2.3,684.8
700,1140,Lenovo,ThinkPad Yoga,2 in 1 Convertible,14.0,IPS Panel Full HD / Touchscreen 1920x1080,Intel Core i7 6500U 2.5GHz,8.0,256GB SSD,Intel HD Graphics 520,Windows 10,1.8,1669.0
127,743,Lenovo,V310-15IKB (i7-7500U/4GB/1TB/FHD/W10),Notebook,15.6,Full HD 1920x1080,Intel Core i7 7500U 2.7GHz,4.0,1TB HDD,Intel HD Graphics 620,Windows 10,1.85,779.0
1228,304,Asus,ZenBook UX530UQ-PRO,Ultrabook,15.6,Full HD 1920x1080,Intel Core i7 7500U 2.7GHz,16.0,512GB SSD,Nvidia GeForce 940MX,Windows 10,1.63,1468.0
203,195,Vero,K147 (N3350/4GB/32GB/FHD/W10),Notebook,14.0,IPS Panel Full HD 1920x1080,Intel Celeron Dual Core N3350 1.1GHz,4.0,32GB Flash Storage,Intel HD Graphics 500,Windows 10,1.3,260.0
262,334,HP,Elitebook 820,Ultrabook,12.5,Full HD 1920x1080,Intel Core i7 7500U 2.7GHz,8.0,256GB SSD,Intel HD Graphics 620,Windows 10,1.26,1335.0
883,986,Dell,Alienware 17,Gaming,17.3,Full HD 1920x1080,Intel Core i7 6700HQ 2.6GHz,32.0,256GB SSD +  1TB HDD,Nvidia GeForce GTX 1070,Windows 10,4.42,2800.0
976,793,Lenovo,ThinkPad T470s,Ultrabook,14.0,Full HD 1920x1080,Intel Core i7 7500U 2.7GHz,16.0,512GB SSD,Intel HD Graphics 620,Windows 10,1.7,2299.0
484,1207,Acer,Predator G9-793,Gaming,17.3,IPS Panel Full HD 1920x1080,Intel Core i7 7700HQ 2.8GHz,16.0,256GB SSD +  1TB HDD,Nvidia GeForce GTX 1070,Windows 10,4.2,2599.0
148,440,Lenovo,Thinkpad T570,Workstation,15.6,IPS Panel 4K Ultra HD 3840x2160,Intel Core i7 7600U 2.8GHz,16.0,512GB SSD,Nvidia GeForce 940MX,Windows 10,2.3,2445.0
893,707,HP,15-bs011nv (i7-7500U/4GB/500GB/Radeon,Notebook,15.6,IPS Panel Full HD 1920x1080,Intel Core i7 7500U 2.7GHz,4.0,500GB HDD,AMD Radeon 530,Windows 10,2.1,689.0
798,86,Acer,Aspire 3,Notebook,15.6,1366x768,AMD A9-Series 9420 3GHz,4.0,1TB HDD,AMD Radeon R5,Windows 10,2.1,395.0
219,354,Asus,VivoBook Flip,2 in 1 Convertible,11.6,Touchscreen 1366x768,Intel Celeron Dual Core N3350 1.1GHz,4.0,32GB Flash Storage,Intel HD Graphics 500,Windows 10,1.5,375.0
969,218,Lenovo,IdeaPad 320-15IKBN,Notebook,15.6,Full HD 1920x1080,Intel Core i5 7200U 2.5GHz,8.0,256GB SSD,Intel HD Graphics 620,No OS,2.2,549.0
1046,467,Acer,Aspire E5-576G,Notebook,15.6,Full HD 1920x1080,Intel Core i3 6006U 2GHz,4.0,1TB HDD,Nvidia GeForce 940MX,Windows 10,2.23,544.0
252,618,Dell,Inspiron 7559,Gaming,15.6,Full HD 1920x1080,Intel Core i7 6700HQ 2.6GHz,16.0,1TB HDD,Nvidia GeForce GTX 960<U+039C>,Windows 10,2.59,879.01
796,692,Lenovo,Yoga 730,2 in 1 Convertible,13.3,IPS Panel Full HD / Touchscreen 1920x1080,Intel Core i7 8550U 1.8GHz,8.0,512GB SSD,Intel UHD Graphics 620,Windows 10,1.19,1499.0
220,335,Dell,XPS 15,Notebook,15.6,4K Ultra HD / Touchscreen 3840x2160,Intel Core i7 7700HQ 2.8GHz,32.0,1TB SSD,Nvidia GeForce GTX 1050,Windows 10,2.06,2639.0
882,126,HP,Probook 470,Notebook,17.3,Full HD 1920x1080,Intel Core i7 8550U 1.8GHz,16.0,512GB SSD,Nvidia GeForce 930MX ,Windows 10,2.5,1271.0
1016,832,MSI,GL62M 7RD,Gaming,15.6,Full HD 1920x1080,Intel Core i5 7300HQ 2.5GHz,8.0,256GB SSD,Nvidia GeForce GTX 1050,Windows 10,2.4,1199.0
403,377,Acer,Aspire 3,Notebook,15.6,1366x768,AMD A9-Series 9420 3GHz,4.0,128GB SSD,AMD Radeon R5,Windows 10,2.1,426.0
292,904,Lenovo,ThinkPad T470s,Ultrabook,14.0,IPS Panel Full HD 1920x1080,Intel Core i5 7200U 2.5GHz,8.0,256GB SSD,Intel HD Graphics 620,Windows 10,1.32,1799.0
571,1178,Lenovo,ThinkPad T460,Ultrabook,14.0,Full HD 1920x1080,Intel Core i7 6600U 2.6GHz,8.0,256GB SSD,Intel HD Graphics 520,Windows 7,1.7,1499.0
360,266,Lenovo,IdeaPad 320-15ISK,Notebook,15.6,Full HD 1920x1080,Intel Core i3 6006U 2GHz,4.0,256GB SSD,Intel HD Graphics 520,No OS,2.2,444.0
1026,215,Acer,Aspire 7,Notebook,15.6,Full HD 1920x1080,Intel Core i7 7700HQ 2.8GHz,8.0,1TB HDD,Nvidia GeForce GTX 1050,Linux,2.4,779.0
141,777,Samsung,Notebook 9,Ultrabook,13.3,Full HD / Touchscreen 1920x1080,Intel Core i7 7500U 2.7GHz,8.0,256GB SSD,Intel HD Graphics 620,Windows 10,1.31,1599.0
1065,177,Toshiba,Satellite Pro,Notebook,15.6,1366x768,Intel Core i3 7100U 2.4GHz,4.0,500GB HDD,Intel HD Graphics 620,Windows 10,2.0,489.0
471,543,Dell,Inspiron 5570,Notebook,15.6,Full HD 1920x1080,Intel Core i5 8250U 1.6GHz,8.0,256GB SSD,AMD Radeon 530,Windows 10,2.2,797.41
1017,988,Asus,Rog Strix,Gaming,17.3,Full HD 1920x1080,Intel Core i7 7700HQ 2.8GHz,16.0,256GB SSD +  1TB HDD,Nvidia GeForce GTX 1060,Windows 10,2.73,2049.9
600,383,Dell,Inspiron 3552,Notebook,15.6,1366x768,Intel Celeron Dual Core N3060 1.60GHz,4.0,500GB HDD,Intel HD Graphics 400,Windows 10,1.8,309.0
1011,1233,Acer,C740-C9QX (3205U/2GB/32GB/Chrome,Netbook,11.6,1366x768,Intel Celeron Dual Core 3205U 1.5GHz,2.0,32GB SSD,Intel HD Graphics,Chrome OS,1.3,174.0
643,390,Asus,Zenbook Flip,Ultrabook,13.3,Full HD / Touchscreen 1920x1080,Intel Core i7 7500U 2.7GHz,16.0,512GB SSD,Intel HD Graphics 620,Windows 10,1.1,1748.9
553,1108,Dell,Inspiron 5370,Ultrabook,13.3,IPS Panel Full HD 1920x1080,Intel Core i5 8250U 1.6GHz,4.0,256GB SSD,AMD Radeon 530,Windows 10,1.4,818.35
1086,310,Lenovo,IdeaPad 320-15IAP,Notebook,15.6,1366x768,Intel Pentium Quad Core N4200 1.1GHz,4.0,1TB HDD,Intel HD Graphics 505,No OS,2.2,359.99
1059,623,Dell,Vostro 3568,Notebook,15.6,Full HD 1920x1080,Intel Core i5 7200U 2.5GHz,4.0,128GB SSD,AMD Radeon R5 M420,Linux,2.18,569.0
288,489,HP,ProBook 430,Notebook,13.3,IPS Panel Full HD 1920x1080,Intel Core i5 8250U 1.6GHz,4.0,128GB SSD,Intel UHD Graphics 620,Windows 10,1.49,726.0
230,1169,HP,15-BA015wm (E2-7110/4GB/500GB/W10),Notebook,15.6,1366x768,AMD E-Series 7110 1.8GHz,4.0,500GB HDD,AMD Radeon R2 Graphics,Windows 10,1.86,297.0
611,1028,HP,Probook 430,Notebook,13.3,1366x768,Intel Core i3 7100U 2.4GHz,4.0,500GB HDD,Intel HD Graphics 620,Windows 10,1.49,800.0
911,236,HP,15-rb013nv (E2-9000e/4GB/500GB/W10),Notebook,15.6,1366x768,AMD E-Series 9000e 1.5GHz,4.0,500GB HDD,AMD Radeon R2,Windows 10,2.1,330.0
1212,607,HP,EliteBook 850,Notebook,15.6,Full HD 1920x1080,Intel Core i7 7500U 2.7GHz,8.0,256GB SSD,Intel HD Graphics 620,Windows 10,1.84,1219.0
1139,961,Lenovo,IdeaPad 310-15IKB,Notebook,15.6,Full HD 1920x1080,Intel Core i7 7500U 2.7GHz,8.0,1TB HDD,Nvidia GeForce 920MX,No OS,2.2,685.0
1226,238,Dell,Vostro 5468,Notebook,14.0,Full HD 1920x1080,Intel Core i5 7200U 2.5GHz,8.0,256GB SSD,Intel HD Graphics 620,Windows 10,1.6,859.0
418,1036,HP,Spectre 13-V100nv,Notebook,13.3,IPS Panel Full HD 1920x1080,Intel Core i5 7200U 2.5GHz,8.0,256GB SSD,Intel HD Graphics 620,Windows 10,1.11,1149.0
162,805,Asus,R417NA-RS01 (N3350/4GB/32GB/W10),Notebook,14.0,1366x768,Intel Celeron Dual Core N3350 1.1GHz,4.0,32GB Flash Storage,Intel HD Graphics 500,Windows 10,1.63,299.0
49,436,Mediacom,FlexBook Edge,2 in 1 Convertible,11.6,IPS Panel Full HD / Touchscreen 1920x1080,Intel Celeron Dual Core N3350 1.1GHz,4.0,32GB SSD,Intel HD Graphics 500,Windows 10,1.16,299.0
980,217,HP,15-bs018nq (i3-6006U/4GB/500GB/FHD/No,Notebook,15.6,Full HD 1920x1080,Intel Core i3 6006U 2GHz,4.0,500GB HDD,Intel HD Graphics 520,No OS,2.1,349.0
970,1073,MSI,GT62VR 6RD,Gaming,15.6,Full HD 1920x1080,Intel Core i7 6700HQ 2.6GHz,16.0,256GB SSD +  1TB HDD,Nvidia GeForce GTX 1060,Windows 10,2.94,1819.0
367,66,HP,250 G6,Notebook,15.6,Full HD 1920x1080,Intel Core i5 7200U 2.5GHz,8.0,256GB SSD,Intel HD Graphics 620,Windows 10,1.86,690.0
239,12,HP,250 G6,Notebook,15.6,Full HD 1920x1080,Intel Core i3 6006U 2GHz,4.0,500GB HDD,Intel HD Graphics 520,No OS,1.86,344.99
778,1167,Lenovo,ThinkPad X1,2 in 1 Convertible,14.0,IPS Panel Touchscreen 2560x1440,Intel Core i7 6500U 2.5GHz,8.0,256GB SSD,Intel HD Graphics 520,Windows 10,1.27,2339.0
17,1138,Dell,Latitude E5570,Notebook,15.6,1366x768,Intel Core i5 6200U 2.3GHz,4.0,500GB HDD,Intel HD Graphics 520,Linux,2.09,523.63
784,1120,Dell,Latitude E5270,Ultrabook,12.5,1366x768,Intel Core i5 6200U 2.3GHz,8.0,256GB SSD,Intel HD Graphics 520,Windows 7,1.5,1413.1
1121,160,Asus,ZenBook Flip,2 in 1 Convertible,13.3,Full HD / Touchscreen 1920x1080,Intel Core i5 8250U 1.6GHz,8.0,256GB SSD,Intel HD Graphics 620,Windows 10,1.1,1315.0
422,21,Asus,Vivobook E200HA,Netbook,11.6,1366x768,Intel Atom x5-Z8350 1.44GHz,2.0,32GB Flash Storage,Intel HD Graphics 400,Windows 10,0.98,191.9
1042,435,HP,Omen 17-w207nv,Gaming,17.3,Full HD 1920x1080,Intel Core i7 7700HQ 2.8GHz,12.0,256GB SSD +  1TB HDD,Nvidia GeForce GTX 1070,Windows 10,3.35,1999.0
842,812,Dell,XPS 15,Notebook,15.6,4K Ultra HD / Touchscreen 3840x2160,Intel Core i5 7300HQ 2.5GHz,8.0,256GB SSD,Nvidia GeForce GTX 1050,Windows 10,2.06,1749.0
1260,829,Lenovo,V110-15ISK (i3-6006U/4GB/500GB/W10),Notebook,15.6,1366x768,Intel Core i3 6006U 2GHz,4.0,500GB HDD,Intel HD Graphics 520,Windows 10,2.1,489.9
460,809,HP,ZBook 17,Workstation,15.6,Full HD 1920x1080,Intel Core i7 7700HQ 2.8GHz,8.0,256GB SSD,Nvidia Quadro M2200,Windows 10,3.14,2064.9
985,100,Asus,X541UV-DM1439T (i3-7100U/6GB/256GB/GeForce,Notebook,15.6,Full HD 1920x1080,Intel Core i3 7100U 2.4GHz,6.0,256GB SSD,Nvidia GeForce 920M,Windows 10,2.0,577.0
614,1196,MSI,GS60 Ghost,Gaming,15.6,Full HD 1920x1080,Intel Core i7 6700HQ 2.6GHz,16.0,128GB SSD +  1TB HDD,Nvidia GeForce GTX 970M,Windows 10,1.91,2153.37
176,630,Fujitsu,LifeBook A557,Notebook,15.6,1366x768,Intel Core i5 7200U 2.5GHz,8.0,256GB SSD,Intel HD Graphics 620,Windows 10,2.2,799.0
167,107,Microsoft,Surface Laptop,Ultrabook,13.5,Touchscreen 2256x1504,Intel Core i5 7200U 2.5GHz,8.0,256GB SSD,Intel HD Graphics 620,Windows 10 S,1.252,1340.0
78,575,Lenovo,IdeaPad 320-15IAP,Notebook,15.6,Full HD 1920x1080,Intel Pentium Quad Core N4200 1.1GHz,4.0,500GB HDD,Intel HD Graphics 505,Windows 10,2.2,344.0
1201,516,Lenovo,Legion Y520-15IKBN,Gaming,15.6,IPS Panel Full HD 1920x1080,Intel Core i7 7700HQ 2.8GHz,8.0,256GB SSD +  1TB HDD,Nvidia GeForce GTX 1060,No OS,2.4,1149.0
676,252,Asus,Rog G701VIK-BA060T,Gaming,17.3,Full HD 1920x1080,Intel Core i7 7820HK 2.9GHz,16.0,256GB SSD,Nvidia GeForce GTX 1080,Windows 10,3.6,2999.0
1131,367,Asus,Zenbook UX410UA-GV027T,Notebook,14.0,Full HD 1920x1080,Intel Core i5 7200U 2.5GHz,8.0,256GB SSD,Intel HD Graphics 620,Windows 10,2.0,945.0
1220,1236,Lenovo,IdeaPad Y700-15ISK,Gaming,15.6,IPS Panel Full HD 1920x1080,Intel Core i7 6700HQ 2.6GHz,8.0,128GB SSD +  1TB HDD,Nvidia GeForce GTX 960<U+039C>,Windows 10,2.6,1272.0
511,1314,HP,Stream 11-Y000na,Netbook,11.6,1366x768,Intel Celeron Dual Core N3060 1.6GHz,2.0,32GB Flash Storage,Intel HD Graphics 400,Windows 10,1.17,209.0
1050,1270,Lenovo,IdeaPad 310-15ISK,Notebook,15.6,Full HD 1920x1080,Intel Core i3 6100U 2.3GHz,6.0,128GB SSD,Nvidia GeForce 920MX,Windows 10,2.4,569.0
574,16,Apple,MacBook Pro,Ultrabook,13.3,IPS Panel Retina Display 2560x1600,Intel Core i5 2.3GHz,8.0,256GB SSD,Intel Iris Plus Graphics 640,macOS,1.37,1518.55
1108,1114,Asus,G752VY-GC162T (i7-6700HQ/16GB/1TB,Gaming,17.3,IPS Panel Full HD 1920x1080,Intel Core i7 6700HQ 2.6GHz,16.0,128GB SSD +  1TB HDD,Nvidia GeForce GTX 980M,Windows 10,4.3,2299.0
331,993,Asus,Rog GL753VE-DS74,Gaming,17.3,Full HD 1920x1080,Intel Core i7 7700HQ 2.8GHz,16.0,256GB SSD +  1TB HDD,Nvidia GeForce GTX 1050 Ti,Windows 10,2.99,1749.0
380,768,Acer,Aspire 3,Notebook,15.6,1366x768,Intel Core i5 7200U 2.5GHz,4.0,256GB SSD,Intel HD Graphics 620,Windows 10,2.1,599.0
94,835,Asus,ZenBook Flip,2 in 1 Convertible,13.3,Touchscreen / Full HD 1920x1080,Intel Core i5 7200U 2.5GHz,8.0,256GB SSD,Intel HD Graphics 620,Windows 10,1.1,1358.0
1091,831,Lenovo,Thinkpad X1,Ultrabook,14.0,IPS Panel Full HD 1920x1080,Intel Core i7 7500U 2.7GHz,8.0,512GB SSD,Intel HD Graphics 620,Windows 10,1.13,2499.0
533,673,Toshiba,Satellite Pro,Notebook,15.6,1366x768,Intel Core i3 6100U 2.1GHz,4.0,128GB SSD,Intel HD Graphics 520,Windows 10,2.1,498.0
1093,47,Lenovo,IdeaPad 320-15ISK,Notebook,15.6,1366x768,Intel Core i3 6006U 2GHz,4.0,128GB SSD,Intel HD Graphics 520,No OS,2.2,369.0
31,88,HP,Pavilion 15-CK000nv,Ultrabook,15.6,IPS Panel Full HD 1920x1080,Intel Core i7 8550U 1.8GHz,8.0,256GB SSD,Nvidia GeForce GTX 940MX,Windows 10,1.83,699.0
522,96,Asus,Zenbook UX430UA,Ultrabook,14.0,Full HD 1920x1080,Intel Core i7 7500U 2.7GHz,8.0,256GB SSD,Intel HD Graphics 620,Windows 10,1.25,1049.0
470,788,Asus,Vivobook Max,Notebook,15.6,1920x1080,Intel Pentium Dual Core N4200 1.1GHz,8.0,128GB SSD,Intel HD Graphics 505,Windows 10,2.0,581.9
950,240,Dell,Inspiron 5567,Notebook,15.6,Full HD 1920x1080,Intel Core i7 7500U 2.7GHz,16.0,256GB SSD,AMD Radeon R7 M445,Linux,2.36,899.0
1165,967,Asus,Chromebook Flip,2 in 1 Convertible,12.5,Full HD 1920x1080,Intel Core M M7-6Y75 1.2GHz,8.0,64GB Flash Storage,Intel HD Graphics 515,Chrome OS,1.2,1159.0
1170,1151,HP,ZBook 17,Workstation,17.3,IPS Panel Full HD 1920x1080,Intel Core i7 6700HQ 2.6GHz,8.0,256GB SSD,Nvidia Quadro M3000M,Windows 7,3.0,3949.4
735,458,Dell,Precision 3520,Workstation,15.6,IPS Panel Full HD 1920x1080,Intel Core i7 6820HQ 2.7GHz,16.0,256GB SSD,Nvidia Quadro M620,Windows 10,2.17,1975.0
523,112,Lenovo,Thinkpad T470,Notebook,14.0,IPS Panel Full HD 1920x1080,Intel Core i7 7500U 2.7GHz,8.0,256GB SSD,Intel HD Graphics 620,Windows 10,1.58,1480.0
681,1170,Lenovo,B51-80 (i5-6200U/8GB/1TB/Radeon,Notebook,15.6,Full HD 1920x1080,Intel Core i5 6200U 2.3GHz,8.0,1TB HDD,AMD Radeon R5 M330,No OS,2.32,599.0
694,754,Samsung,Notebook 9,Ultrabook,13.3,Full HD 1920x1080,Intel Core i7 7500U 2.7GHz,16.0,256GB SSD,Intel HD Graphics 620,Windows 10,0.81,1649.0
728,15,Apple,"MacBook 12""",Ultrabook,12.0,IPS Panel Retina Display 2304x1440,Intel Core M m3 1.2GHz,8.0,256GB SSD,Intel HD Graphics 615,macOS,0.92,1262.4
932,30,HP,ProBook 470,Notebook,17.3,Full HD 1920x1080,Intel Core i5 8250U 1.6GHz,8.0,1TB HDD,Nvidia GeForce 930MX,Windows 10,2.5,896.0
873,340,Asus,FX553VD-FY647T (i7-7700HQ/8GB/256GB/GeForce,Gaming,15.6,Full HD 1920x1080,Intel Core i7 7700HQ 2.8GHz,8.0,256GB SSD,Nvidia GeForce GTX 1050,Windows 10,2.5,999.0
144,199,HP,ProBook 470,Notebook,17.3,IPS Panel Full HD 1920x1080,Intel Core i5 8250U 1.6GHz,8.0,1TB HDD,Nvidia GeForce 930MX,Windows 10,2.5,914.0
378,614,Lenovo,IdeaPad 310-15IKB,Notebook,15.6,Full HD 1920x1080,Intel Core i5 7200U 2.5GHz,6.0,1TB HDD,Intel HD Graphics 620,Windows 10,2.4,564.0
982,251,HP,15-bs015dx (i5-7200U/8GB/1TB/W10),Notebook,15.6,Touchscreen 1366x768,Intel Core i5 7200U 2.5GHz,8.0,1TB HDD,Intel HD Graphics 620,Windows 10,2.04,559.0
341,533,Lenovo,IdeaPad 320-15IKB,Notebook,15.6,Full HD 1920x1080,Intel Core i7 7500U 2.7GHz,4.0,1TB HDD,Nvidia GeForce 920MX,Windows 10,2.2,799.0
311,276,Asus,Rog Strix,Gaming,17.3,Full HD 1920x1080,AMD Ryzen 1700 3GHz,16.0,256GB SSD +  1TB HDD,AMD Radeon RX 580,Windows 10,3.2,1549.0
953,852,HP,ProBook 470,Notebook,17.3,1600x900,Intel Core i5 7200U 2.5GHz,8.0,1TB HDD,Nvidia GeForce 930MX,Windows 10,2.63,910.0
232,671,HP,15-ay047nv (i3-6006U/6GB/1TB/Radeon,Notebook,15.6,1920x1080,Intel Core i3 6006U 2GHz,6.0,1TB HDD,AMD Radeon R5 M430,Windows 10,2.04,539.0
983,1006,Lenovo,V110-15IAP (N3350/4GB/128GB/No,Notebook,15.6,1366x768,Intel Celeron Dual Core N3350 1.1GHz,4.0,128GB SSD,Intel HD Graphics 500,No OS,1.9,270.62
165,1090,Lenovo,IdeaPad 300-17ISK,Notebook,17.3,1600x900,Intel Core i5 6200U 2.3GHz,8.0,1.0TB HDD,AMD Radeon R5 M330,Windows 10,3.0,659.0
538,711,Lenovo,V310-15IKB (i5-7200U/4GB/1TB/FHD/W10),Notebook,15.6,Full HD 1920x1080,Intel Core i5 7200U 2.5GHz,4.0,1TB HDD +  1TB HDD,Intel HD Graphics 620,Windows 10,2.1,621.45
1096,201,HP,ProBook 430,Notebook,13.3,Full HD 1920x1080,Intel Core i5 8250U 1.6GHz,8.0,512GB SSD,Intel UHD Graphics 620,Windows 10,1.49,959.0
449,271,Asus,ZenBook Flip,2 in 1 Convertible,13.3,Full HD / Touchscreen 1920x1080,Intel Core i7 8550U 1.8GHz,8.0,512GB SSD +  512GB SSD,Intel UHD Graphics 620,Windows 10,1.1,1499.0
1290,297,HP,17-BS037cl (i3-6006U/8GB/1TB/W10),Notebook,17.3,1600x900,Intel Core i3 6006U 2GHz,8.0,1TB HDD,Intel HD Graphics 520,Windows 10,2.54,489.0
665,139,Lenovo,V110-15IAP (N3350/4GB/1TB/No,Notebook,15.6,1366x768,Intel Celeron Dual Core N3350 1.1GHz,4.0,1TB HDD,Intel HD Graphics 500,No OS,1.9,252.36
693,182,Lenovo,V310-15IKB (i5-7200U/8GB/1TB,Notebook,15.6,Full HD 1920x1080,Intel Core i5 7200U 2.5GHz,8.0,128GB SSD +  1TB HDD,AMD R17M-M1-70,Windows 10,1.9,813.0
270,695,Dell,Inspiron 3567,Notebook,15.6,1366x768,Intel Core i3 6006U 2GHz,4.0,1TB HDD,AMD Radeon R5 M430,Windows 10,2.2,545.67
519,451,HP,Omen 15-AX205na,Gaming,15.6,IPS Panel Full HD 1920x1080,Intel Core i7 7700HQ 2.8GHz,8.0,128GB SSD +  1TB HDD,Nvidia GeForce GTX 1050,Windows 10,2.2,1099.0
710,975,Lenovo,ThinkPad X270,Ultrabook,12.5,IPS Panel Full HD 1920x1080,Intel Core i5 7300U 2.6GHz,8.0,256GB SSD,Intel HD Graphics 620,Windows 10,1.36,1760.0
236,84,HP,ProBook 440,Notebook,14.0,Full HD 1920x1080,Intel Core i5 8250U 1.6GHz,8.0,256GB SSD,Intel HD Graphics 620,Windows 10,1.63,860.0
1194,277,Dell,Inspiron 3576,Notebook,15.6,Full HD 1920x1080,Intel Core i7 8550U 1.8GHz,8.0,256GB SSD,AMD Radeon 520,Linux,2.14,735.07
1075,1055,Vero,V142 (X5-Z8350/2GB/32GB/W10),Notebook,14.0,1366x768,Intel Atom X5-Z8350 1.44GHz,2.0,32GB Flash Storage,Intel HD Graphics 400,Windows 10,1.45,210.8
498,1144,HP,Omen -,Gaming,17.3,IPS Panel Full HD 1920x1080,Intel Core i5 6300HQ 2.3GHz,8.0,128GB SSD +  1TB HDD,Nvidia GeForce GTX 1060,Windows 10,3.35,1129.0
135,513,Asus,ZenBook UX510UX-CN211T,Notebook,15.6,Full HD 1920x1080,Intel Core i7 7500U 2.7GHz,8.0,256GB SSD +  1TB HDD,Intel HD Graphics 620,Windows 10,2.0,1224.0
1241,307,Lenovo,IdeaPad 320-17IKB,Notebook,17.3,1600x900,Intel Core i5 7200U 2.5GHz,6.0,1TB HDD,Nvidia GeForce GTX 940M,Windows 10,2.8,649.0
67,945,HP,EliteBook 820,Ultrabook,12.5,Full HD 1920x1080,Intel Core i5 6200U 2.3GHz,4.0,500GB HDD,Intel HD Graphics 520,Windows 10,1.26,1579.0
964,562,Asus,A541NA-GO342 (N3350/4GB/500GB/Linux),Notebook,15.6,1366x768,Intel Celeron Dual Core N3350 1.1GHz,4.0,500GB HDD,Intel HD Graphics 500,Linux,2.0,224.0
39,374,Dell,Inspiron 5567,Notebook,15.6,Full HD 1920x1080,Intel Core i7 7500U 2.7GHz,8.0,256GB SSD,AMD Radeon R7 M445,Windows 10,2.33,899.0
703,158,HP,15-BS103nv (i5-8250U/6GB/256GB/Radeon,Notebook,15.6,Full HD 1920x1080,Intel Core i5 8250U 1.6GHz,6.0,256GB SSD,AMD Radeon 520,Windows 10,1.91,619.0
568,960,Dell,Latitude 7280,Ultrabook,12.5,Full HD / Touchscreen 1920x1080,Intel Core i5 7200U 2.5GHz,8.0,256GB SSD,Intel HD Graphics,Windows 10,1.36,1472.2
563,730,Lenovo,ThinkPad T470s,Ultrabook,14.0,IPS Panel Full HD 1920x1080,Intel Core i5 7200U 2.5GHz,8.0,256GB SSD,Intel HD Graphics 620,Windows 10,1.32,1499.0
591,802,Lenovo,Yoga 510-15IKB,2 in 1 Convertible,15.6,Full HD / Touchscreen 1920x1080,Intel Core i5 7200U 2.5GHz,8.0,256GB SSD,AMD Radeon R7 M460,Windows 10,2.08,959.0
921,250,Dell,Inspiron 5570,Notebook,15.6,Full HD 1920x1080,Intel Core i7 8550U 1.8GHz,8.0,128GB SSD +  2TB HDD,AMD Radeon 530,Windows 10,2.2,985.0
481,71,Asus,FX753VE-GC093 (i7-7700HQ/12GB/1TB/GeForce,Gaming,17.3,Full HD 1920x1080,Intel Core i7 7700HQ 2.8GHz,12.0,1TB HDD,Nvidia GeForce GTX 1050 Ti,Linux,3.0,949.0
1140,663,Toshiba,Tecra A50-D-11M,Notebook,15.6,IPS Panel Full HD 1920x1080,Intel Core i5 7200U 2.5GHz,8.0,500GB HDD,Intel HD Graphics 620,Windows 10,2.0,1064.0
249,483,Dell,Precision M5520,Workstation,15.6,Full HD 1920x1080,Intel Core i7 7700HQ 2.8GHz,8.0,256GB SSD,Nvidia Quadro M1200,Windows 10,1.78,2408.0
510,135,Acer,Swift 3,Ultrabook,14.0,IPS Panel Full HD 1920x1080,Intel Core i7 8550U 1.8GHz,8.0,256GB SSD,Intel UHD Graphics 620,Windows 10,1.6,884.0
455,1250,Dell,Inspiron 3567,Notebook,15.6,Touchscreen 1366x768,Intel Core i3 7100U 2.4GHz,8.0,1TB HDD,Intel HD Graphics 620,Windows 10,2.3,469.01
767,977,Toshiba,Portege X20W-D-10V,Ultrabook,12.5,Full HD / Touchscreen 1920x1080,Intel Core i7 7500U 2.7GHz,8.0,512GB SSD,Intel HD Graphics 620,Windows 10,1.1,1790.0
225,1127,Lenovo,V110-15ISK (i3-6006U/4GB/128GB/W10),Notebook,15.6,1366x768,Intel Core i3 6006U 2.0GHz,4.0,128GB SSD,Intel HD Graphics 520,Windows 10,2.1,429.0
963,773,Dell,Latitude 3380,Notebook,13.3,1366x768,Intel Core i3 6006U 2GHz,4.0,500GB HDD,Intel HD Graphics 520,Windows 10,1.65,849.0
208,1288,Lenovo,Yoga 500-14ISK,2 in 1 Convertible,14.0,IPS Panel Full HD / Touchscreen 1920x1080,Intel Core i7 6500U 2.5GHz,4.0,128GB SSD,Intel HD Graphics 520,Windows 10,1.8,638.0
150,58,Asus,VivoBook Max,Notebook,15.6,1366x768,Intel Core i5 7200U 2.5GHz,4.0,256GB SSD,Intel HD Graphics 620,Windows 10,2.0,586.19
850,530,HP,ProBook 440,Notebook,15.6,1366x768,Intel Core i3 6006U 2GHz,4.0,128GB SSD,Intel HD Graphics 520,Windows 10,1.63,689.0
196,680,Lenovo,Yoga 720-13IKB,2 in 1 Convertible,13.3,IPS Panel Full HD / Touchscreen 1920x1080,Intel Core i5 7200U 2.5GHz,8.0,256GB SSD,Intel HD Graphics 620,Windows 10,1.3,1034.0
1031,981,HP,ProBook 450,Notebook,15.6,Full HD 1920x1080,Intel Core i3 7100U 2.4GHz,4.0,500GB HDD,Intel HD Graphics 620,Windows 10,2.04,685.0
597,1179,MSI,GS40 Phantom,Gaming,14.0,Full HD 1920x1080,Intel Core i7 6700HQ 2.6GHz,16.0,256GB SSD +  1TB HDD,Nvidia GeForce GTX 970M,Windows 10,1.7,1769.0
105,978,HP,ProBook 450,Notebook,15.6,1366x768,Intel Core i5 7200U 2.50GHz,8.0,1TB HDD,Nvidia GeForce 930MX,Windows 10,2.04,846.5
646,415,Lenovo,IdeaPad 320-15ISK,Notebook,15.6,Full HD 1920x1080,Intel Core i3 6006U 2GHz,4.0,500GB HDD,Intel HD Graphics 520,Windows 10,2.2,409.0
843,887,Asus,X541NA-GO121 (N4200/4GB/1TB/Linux),Notebook,15.6,1366x768,Intel Pentium Quad Core N4200 1.1GHz,4.0,1TB HDD,Intel HD Graphics 505,Linux,2.0,398.99
303,380,Dell,Inspiron 5379,2 in 1 Convertible,13.3,Full HD / Touchscreen 1920x1080,Intel Core i7 8550U 1.8GHz,8.0,256GB SSD,Intel UHD Graphics 620,Windows 10,1.62,869.01
1,1085,Dell,Latitude 3570,Notebook,15.6,1366x768,Intel Core i3 6100U 2.3GHz,4.0,500GB HDD,Intel HD Graphics 520,Windows 10,2.06,481.98
815,1294,Dell,Inspiron 3567,Notebook,15.6,1366x768,Intel Core i3 7100U 2.4GHz,6.0,1TB HDD,Intel HD Graphics 620,Windows 10,2.3,459.0
444,421,Asus,ZenBook Flip,2 in 1 Convertible,13.3,IPS Panel Full HD / Touchscreen 1920x1080,Intel Core i5 7200U 2.5GHz,8.0,256GB SSD,Intel HD Graphics 620,Windows 10,1.27,928.0
1149,505,Lenovo,ThinkPad 13,Notebook,13.3,IPS Panel Full HD 1920x1080,Intel Core i3 7100U 2.4GHz,8.0,256GB SSD,Intel HD Graphics 620,Windows 10,1.4,949.0
678,262,HP,Envy 17-U275cl,Notebook,17.3,IPS Panel Full HD 1920x1080,Intel Core i7 8550U 1.8GHz,16.0,1TB HDD,Nvidia GeForce MX150,Windows 10,2.9,1059.0
271,1150,Lenovo,IdeaPad 500-15ISK,Notebook,15.6,Full HD 1920x1080,Intel Core i7 6500U 2.5GHz,16.0,1.0TB Hybrid,AMD Radeon R7 M360,Windows 10,2.5,1099.0
607,746,MSI,GS63VR 7RF,Gaming,15.6,Full HD 1920x1080,Intel Core i7 7700HQ 2.8GHz,16.0,256GB SSD +  1TB HDD,Nvidia GeForce GTX 1060,Windows 10,1.8,2094.48
731,190,Dell,XPS 15,Notebook,15.6,4K Ultra HD / Touchscreen 3840x2160,Intel Core i7 7700HQ 2.8GHz,16.0,512GB SSD,Nvidia GeForce GTX 1050,Windows 10,2.06,2397.0
642,296,Asus,FX753VD-GC071T (i7-7700HQ/8GB/1TB/GeForce,Gaming,17.3,Full HD 1920x1080,Intel Core i7 7700HQ 2.8GHz,8.0,1TB HDD,Nvidia GeForce GTX 1050,Windows 10,3.0,1187.0
121,95,Dell,Inspiron 7577,Gaming,15.6,Full HD 1920x1080,Intel Core i5 7300HQ 2.5GHz,8.0,256GB SSD,Nvidia GeForce GTX 1060,Windows 10,2.65,1195.0
499,140,Asus,FX753VD-GC086T (i5-7300HQ/8GB/1TB,Gaming,17.3,Full HD 1920x1080,Intel Core i5 7300HQ 2.5GHz,8.0,128GB SSD +  1TB HDD,Nvidia GeForce GTX 1050,Windows 10,3.0,938.0
997,1301,Asus,X556UJ-XO044T (i7-6500U/4GB/500GB/GeForce,Notebook,15.6,1366x768,Intel Core i7 6500U 2.5GHz,4.0,500GB HDD,Nvidia GeForce 920M,Windows 10,2.2,720.32
1270,708,Dell,Inspiron 5577,Gaming,15.6,Full HD 1920x1080,Intel Core i5 7300HQ 2.5GHz,8.0,1TB HDD,Nvidia GeForce GTX 1050,Windows 10,2.56,819.0
1301,674,Dell,Latitude 3580,Notebook,15.6,Full HD 1920x1080,Intel Core i5 7200U 2.5GHz,8.0,1TB HDD,Intel HD Graphics 620,Windows 10,2.06,955.0
344,1183,Dell,Inspiron 7567,Gaming,15.6,4K Ultra HD 3840x2160,Intel Core i7 7700HQ 2.8GHz,8.0,128GB SSD +  1TB HDD,Nvidia GeForce GTX 1050 Ti,Windows 10,2.62,1498.0
748,647,Dell,XPS 15,Notebook,15.6,4K Ultra HD / Touchscreen 3840x2160,Intel Core i7 7700HQ 2.8GHz,16.0,1TB SSD,Nvidia GeForce GTX 1050,Windows 10,2.06,2399.0
786,466,HP,17-BS092ND (i3-6006U/8GB/256GB/W10),Notebook,17.3,1600x900,Intel Core i3 6006U 2GHz,8.0,256GB SSD,Intel HD Graphics 520,Windows 10,2.5,639.9
163,1208,Lenovo,Legion Y520-15IKBN,Gaming,15.6,IPS Panel Full HD 1920x1080,Intel Core i5 7300HQ 2.5GHz,8.0,1TB HDD,Nvidia GeForce GTX 1050,Windows 10,2.4,819.0
187,469,Asus,Pro P2540UA-AB51,Notebook,15.6,Full HD 1920x1080,Intel Core i5 7200U 2.5GHz,8.0,1TB HDD,Intel HD Graphics 620,Windows 10,2.37,749.0
550,1275,Dell,Vostro 3568,Notebook,15.6,1366x768,Intel Core i3 6006U 2GHz,4.0,500GB HDD,Intel HD Graphics 520,Windows 10,2.29,490.0
696,147,HP,255 G6,Notebook,15.6,1366x768,AMD A6-Series 9220 2.5GHz,4.0,256GB SSD,AMD Radeon R4 Graphics,Windows 10,1.86,369.0
1294,1210,HP,250 G6,Notebook,15.6,1366x768,Intel Core i5 7200U 2.5GHz,4.0,500GB HDD,Intel HD Graphics 620,Windows 10,1.86,485.0
1113,67,Asus,ZenBook Pro,Ultrabook,15.6,Full HD 1920x1080,Intel Core i7 7700HQ 2.8GHz,16.0,512GB SSD,Nvidia GeForce GTX 1050 Ti,Windows 10,1.8,1983.0
1186,856,HP,Chromebook X360,2 in 1 Convertible,11.6,Touchscreen 1366x768,Intel Celeron Dual Core N3350 1.1GHz,4.0,32GB Flash Storage,Intel HD Graphics 500,Chrome OS,1.4,615.0
174,722,Dell,Latitude 5580,Notebook,15.6,Full HD 1920x1080,Intel Core i5 7300U 2.6GHz,16.0,512GB SSD,Intel HD Graphics 620,Windows 10,1.93,1426.66
1195,1160,HP,Spectre Pro,2 in 1 Convertible,13.3,Full HD / Touchscreen 1920x1080,Intel Core i5 6300U 2.4GHz,8.0,256GB SSD,Intel HD Graphics 520,Windows 10,1.48,1629.0
576,747,Acer,Aspire ES1-572,Notebook,15.6,1366x768,Intel Core i3 6006U 2GHz,4.0,500GB HDD,Intel HD Graphics 520,Windows 10,2.4,410.8
57,544,HP,250 G6,Notebook,15.6,Full HD 1920x1080,Intel Pentium Quad Core N3710 1.6GHz,4.0,256GB SSD,Intel HD Graphics 405,Windows 10,1.86,398.99
569,1029,Toshiba,Portege A30-C-1CZ,Notebook,13.3,1366x768,Intel Core i5 6200U 2.3GHz,8.0,256GB SSD,Intel HD Graphics 520,Windows 10,1.5,1210.0
10,849,Asus,Rog GL702VM-GC017T,Gaming,17.3,Full HD 1920x1080,Intel Core i7 6700HQ 2.6GHz,16.0,512GB SSD +  1TB HDD,Nvidia GeForce GTX 1060,Windows 10,2.73,1799.0
1038,281,Dell,Inspiron 5770,Notebook,17.3,Full HD 1920x1080,Intel Core i7 8550U 1.8GHz,8.0,128GB SSD +  1TB HDD,AMD Radeon 530,Linux,2.8,1099.0
699,510,Lenovo,IdeaPad 320-14IAP,Notebook,14.0,1366x768,Intel Celeron Dual Core N3350 1.1GHz,4.0,500GB HDD,Intel HD Graphics 500,Windows 10,2.1,299.0
458,1019,HP,EliteBook 840,Notebook,14.0,1366x768,Intel Core i5 6300U 2.4GHz,4.0,256GB SSD,Intel HD Graphics 520,Windows 10,1.48,1099.99
244,336,MSI,GL72M 7REX,Gaming,17.3,Full HD 1920x1080,Intel Core i7 7700HQ 2.8GHz,8.0,256GB SSD +  1TB HDD,Nvidia GeForce GTX 1050 Ti,Windows 10,2.7,1199.0
738,1300,HP,Stream 11-Y000na,Netbook,11.6,1366x768,Intel Celeron Dual Core N3060 1.6GHz,2.0,32GB Flash Storage,Intel HD Graphics 400,Windows 10,1.17,209.0
37,1280,Dell,Inspiron 3567,Notebook,15.6,1366x768,Intel Core i3 7100U 2.4GHz,6.0,1TB HDD,Intel HD Graphics 620,Windows 10,2.3,459.0
732,992,HP,15-bs053od (i7-7500U/6GB/1TB/W10),Notebook,15.6,1366x768,Intel Core i7 7500U 2.7GHz,6.0,1TB HDD,Intel HD Graphics 620,Windows 10,2.04,579.0
1173,144,Lenovo,ThinkPad E480,Notebook,14.0,IPS Panel Full HD 1920x1080,Intel Core i5 8250U 1.6GHz,8.0,256GB SSD,AMD Radeon RX 550,Windows 10,1.75,1116.02
113,727,HP,ProBook 470,Notebook,17.3,Full HD 1920x1080,Intel Core i7 7500U 2.7GHz,8.0,256GB SSD,Nvidia GeForce 930MX,Windows 10,2.63,1200.0
1146,433,Dell,Inspiron 5570,Notebook,15.6,Full HD 1920x1080,Intel Core i7 8550U 1.8GHz,8.0,256GB SSD +  2TB HDD,AMD Radeon 530,Windows 10,2.02,1142.4
1100,1110,Acer,Aspire F5-573G,Notebook,15.6,Full HD 1920x1080,Intel Core i5 7200U 2.5GHz,8.0,256GB SSD +  1TB HDD,Nvidia GeForce GTX 950M,Windows 10,2.4,799.0
407,470,Lenovo,IdeaPad 510s-14IKB,Notebook,14.0,IPS Panel Full HD 1920x1080,Intel Core i7 7500U 2.7GHz,8.0,512GB SSD,AMD Radeon R7 M460,No OS,1.5,799.0
1256,1065,HP,Noteb Pav,Notebook,15.6,IPS Panel Full HD 1920x1080,Intel Core i7 7500U 2.7GHz,8.0,1TB HDD,Nvidia GeForce 940MX,Windows 10,1.91,979.0
269,1255,Dell,Vostro 3559,Notebook,15.6,1366x768,Intel Core i5 6200U 2.3GHz,4.0,500GB HDD,Intel HD Graphics 520,Windows 7,2.24,737.0
404,1281,Acer,Aspire ES1-531,Notebook,15.6,1366x768,Intel Celeron Dual Core N3060 1.6GHz,4.0,500GB HDD,Intel HD Graphics 400,Linux,2.4,289.0
897,492,Lenovo,ThinkPad E480,Notebook,14.0,IPS Panel Full HD 1920x1080,Intel Core i5 8250U 1.6GHz,8.0,256GB SSD,Intel UHD Graphics 620,Windows 10,1.75,1049.0
436,459,HP,ProBook 650,Workstation,15.6,IPS Panel Full HD 1920x1080,Intel Core i7 7820HQ 2.9GHz,8.0,512GB SSD,Intel HD Graphics 620,Windows 10,2.31,1534.0
717,292,Asus,VivoBook S15,Ultrabook,15.6,Full HD 1920x1080,Intel Core i5 7200U 2.5GHz,8.0,256GB SSD,Nvidia GeForce 940MX,Windows 10,1.7,977.0
595,1268,Dell,Inspiron 3552,Notebook,15.6,1366x768,Intel Pentium Quad Core N3710 1.6GHz,4.0,500GB HDD,Intel HD Graphics,Linux,2.2,324.0
276,1259,Asus,ZenBook UX310UA-WB71,Ultrabook,13.3,Full HD 1920x1080,Intel Core i7 6500U 2.5GHz,8.0,256GB SSD,Intel HD Graphics 520,Windows 10,1.45,1280.0
812,444,Google,Pixelbook (Core,Ultrabook,12.3,Touchscreen 2400x1600,Intel Core i7 7Y75 1.3GHz,16.0,512GB SSD,Intel HD Graphics 615,Chrome OS,1.1,2199.0
497,346,Dell,Inspiron 3552,Notebook,15.6,1366x768,Intel Celeron Dual Core N3060 1.6GHz,4.0,500GB HDD,Intel HD Graphics,Linux,2.2,274.9
85,531,Dell,Inspiron 5770,Notebook,17.3,IPS Panel Full HD 1920x1080,Intel Core i5 8250U 1.6GHz,8.0,128GB SSD +  1TB HDD,AMD Radeon 530,Linux,2.8,889.0
557,81,HP,ProBook 470,Notebook,17.3,Full HD 1920x1080,Intel Core i5 8250U 1.6GHz,8.0,128GB SSD +  1TB HDD,Nvidia GeForce 930MX,Windows 10,2.5,977.0
757,497,Lenovo,Thinkpad E570,Notebook,15.6,IPS Panel Full HD 1920x1080,Intel Core i5 7200U 2.5GHz,8.0,256GB SSD,Nvidia GeForce 940MX,Windows 10,2.3,1011.99
564,1223,Dell,Inspiron 5567,Notebook,15.6,Full HD 1920x1080,Intel Core i5 7200U 2.5GHz,8.0,256GB SSD,AMD Radeon R7 M445,Windows 10,2.36,889.0
895,1149,Acer,Aspire E5-576G,Notebook,15.6,Full HD 1920x1080,Intel Core i5 7200U 2.5GHz,4.0,1TB HDD,Nvidia GeForce 940MX,Windows 10,2.23,616.0
365,1039,HP,Elitebook 820,Ultrabook,12.5,1366x768,Intel Core i5 7200U 2.5GHz,4.0,256GB SSD,Intel HD Graphics 620,Windows 10,1.26,1559.0
769,1102,Lenovo,ThinkPad T460,Notebook,14.0,Full HD 1920x1080,Intel Core i5 6200U 2.3GHz,8.0,180GB SSD,Intel HD Graphics 520,Windows 7,1.7,1199.0
324,97,Acer,Spin 5,2 in 1 Convertible,13.3,IPS Panel Full HD / Touchscreen 1920x1080,Intel Core i5 8250U 1.6GHz,8.0,256GB SSD,Intel UHD Graphics 620,Windows 10,1.5,847.0
844,821,Samsung,Notebook 9,Ultrabook,13.3,Full HD 1920x1080,Intel Core i5 7200U 2.5GHz,8.0,256GB SSD,Intel HD Graphics 620,Windows 10,0.81,1499.0
924,664,Dell,Inspiron 5570,Notebook,15.6,Full HD 1920x1080,Intel Core i7 8550U 1.8GHz,8.0,256GB SSD,AMD Radeon 530,Windows 10,2.2,919.0
221,151,MSI,GE72MVR 7RG,Gaming,17.3,Full HD 1920x1080,Intel Core i7 7700HQ 2.8GHz,16.0,256GB SSD +  1TB HDD,Nvidia GeForce GTX 1070,Windows 10,2.9,2029.0
348,211,Dell,XPS 13,Ultrabook,13.3,IPS Panel 4K Ultra HD / Touchscreen 3840x2160,Intel Core i7 8550U 1.8GHz,8.0,256GB SSD,Intel UHD Graphics 620,Windows 10,1.21,1949.0
229,1045,Acer,Aspire 3,Notebook,15.6,1366x768,AMD A9-Series 9420 3GHz,6.0,1TB HDD,AMD Radeon R5,Windows 10,2.1,409.0
168,713,Dell,Vostro 5568,Notebook,15.6,Full HD 1920x1080,Intel Core i5 7200U 2.5GHz,8.0,256GB SSD,Intel HD Graphics 620,Windows 10,2.18,795.0
74,4,Apple,MacBook Pro,Ultrabook,15.4,IPS Panel Retina Display 2880x1800,Intel Core i7 2.7GHz,16.0,512GB SSD,AMD Radeon Pro 455,macOS,1.83,2537.45
405,1119,Lenovo,Legion Y520-15IKBN,Gaming,15.6,Full HD 1920x1080,Intel Core i7 7700HQ 2.8GHz,16.0,512GB SSD,Nvidia GeForce GTX 1050 Ti,Windows 10,2.4,1199.0
760,299,Lenovo,V330-15IKB (i5-8250U/8GB/256GB/FHD/W10),Notebook,15.6,Full HD 1920x1080,Intel Core i5 8250U 1.6GHz,8.0,256GB SSD,Intel UHD Graphics 620,Windows 10,2.05,739.0
941,183,HP,Spectre x360,2 in 1 Convertible,13.3,IPS Panel 4K Ultra HD / Touchscreen 3840x2160,Intel Core i5 8250U 1.6GHz,8.0,256GB SSD,Intel UHD Graphics 620,Windows 10,1.29,1499.0
868,693,Dell,Alienware 15,Gaming,15.6,Full HD 1920x1080,Intel Core i7 7820HK 2.9GHz,16.0,256GB SSD +  1TB HDD,Nvidia GeForce GTX 1070,Windows 10,3.49,2813.75
65,818,Lenovo,IdeaPad 310-15IKB,Notebook,15.6,Full HD 1920x1080,Intel Core i5 7200U 2.5GHz,4.0,1TB HDD,Nvidia GeForce 920M,Windows 10,2.4,609.0
314,1277,MSI,GE62 Apache,Gaming,15.6,Full HD 1920x1080,Intel Core i7 6700HQ 2.6GHz,8.0,128GB SSD +  1TB HDD,Nvidia GeForce GTX 960M,Windows 10,2.4,1229.0
1034,699,Lenovo,IdeaPad 520s-14IKB,Notebook,14.0,Full HD 1920x1080,Intel Core i5 7200U 2.5GHz,4.0,256GB SSD,Intel HD Graphics 620,Windows 10,1.7,699.0
1114,171,Dell,Inspiron 5577,Gaming,15.6,Full HD 1920x1080,Intel Core i7 7700HQ 2.8GHz,8.0,128GB SSD +  1TB HDD,Nvidia GeForce GTX 1050,Windows 10,2.56,1060.49
1175,556,Lenovo,ThinkPad T570,Notebook,15.6,IPS Panel Full HD 1920x1080,Intel Core i7 7500U 2.7GHz,8.0,512GB SSD,Intel HD Graphics 620,Windows 10,1.99,1729.0
321,205,Lenovo,V110-15ISK (i5-6200U/4GB/128GB/W10),Notebook,15.6,1366x768,Intel Core i5 6200U 2.3GHz,4.0,128GB SSD,Intel HD Graphics 520,Windows 10,2.1,493.0
467,1058,HP,EliteBook 840,Notebook,14.0,Full HD 1920x1080,Intel Core i5 6200U 2.3GHz,4.0,500GB HDD,Intel HD Graphics 520,Windows 10,1.54,1000.0
1022,316,Dell,XPS 13,Ultrabook,13.3,IPS Panel 4K Ultra HD / Touchscreen 3840x2160,Intel Core i7 8550U 1.8GHz,16.0,1TB SSD,Intel UHD Graphics 620,Windows 10,1.21,2499.0
629,288,Lenovo,Ideapad 320-15IKBN,Notebook,15.6,Full HD 1920x1080,Intel Core i5 7200U 2.5GHz,6.0,256GB SSD,Intel HD Graphics 620,Windows 10,2.2,579.0
433,769,Lenovo,Legion Y520-15IKBN,Gaming,15.6,IPS Panel Full HD 1920x1080,Intel Core i7 7700HQ 2.8GHz,8.0,128GB SSD +  1TB HDD,Nvidia GeForce GTX 1050,Windows 10,2.5,1048.0
1169,1317,Lenovo,Yoga 900-13ISK,2 in 1 Convertible,13.3,IPS Panel Quad HD+ / Touchscreen 3200x1800,Intel Core i7 6500U 2.5GHz,16.0,512GB SSD,Intel HD Graphics 520,Windows 10,1.3,1499.0
741,1244,Dell,XPS 13,Ultrabook,13.3,Quad HD+ / Touchscreen 3200x1800,Intel Core i7 7500U 2.7GHz,8.0,256GB SSD,Intel HD Graphics 620,Windows 10,1.29,1477.0
131,92,Asus,FX550IK-DM018T (FX-9830P/8GB/1TB/Radeon,Gaming,15.6,Full HD 1920x1080,AMD FX 9830P 3GHz,8.0,1TB HDD,AMD Radeon RX 560,Windows 10,2.45,699.0
1035,150,Asus,X541NA (N3350/4GB/1TB/FHD/W10),Notebook,15.6,Full HD 1920x1080,Intel Celeron Dual Core N3350 1.1GHz,4.0,1TB HDD,Intel HD Graphics 500,Windows 10,2.0,344.0
1130,980,Dell,Latitude 5580,Notebook,15.6,1366x768,Intel Core i5 7200U 2.5GHz,4.0,500GB HDD,Intel HD Graphics 620,Windows 10,1.9,825.0
787,1107,Asus,Rog GL702VM-GC354T,Gaming,17.3,IPS Panel Full HD 1920x1080,Intel Core i7 7700HQ 2.8GHz,8.0,256GB SSD +  1TB HDD,Nvidia GeForce GTX 1060,Windows 10,2.7,1599.0
1092,551,Asus,VivoBook X540YA-XX519T,Notebook,15.6,1366x768,AMD E-Series 7110 1.8GHz,4.0,500GB HDD,AMD Radeon R2 Graphics,Windows 10,2.0,349.0
1058,976,Acer,Aspire F5-573G-510L,Notebook,15.6,Full HD 1920x1080,Intel Core i5 7200U 2.5GHz,12.0,128GB SSD +  1TB HDD,Nvidia GeForce GTX 950M,Windows 10,2.4,1009.0
1132,1305,HP,15-AC110nv (i7-6500U/6GB/1TB/Radeon,Notebook,15.6,1366x768,Intel Core i7 6500U 2.5GHz,6.0,1TB HDD,AMD Radeon R5 M330,Windows 10,2.19,764.0
335,1265,Asus,Rog GL502VS,Gaming,15.6,IPS Panel Full HD 1920x1080,Intel Core i7 6700HQ 2.6GHz,16.0,256GB SSD +  1TB HDD,Nvidia GeForce GTX 1070,Windows 10,2.34,2325.0
847,326,Lenovo,IdeaPad 320-17IKB,Notebook,17.3,1600x900,Intel Core i5 7200U 2.5GHz,4.0,1TB HDD,Nvidia GeForce 920MX,Windows 10,2.79,589.0
999,391,Lenovo,Thinkpad X1,Ultrabook,14.0,IPS Panel 2560x1440,Intel Core i7 7500U 2.7GHz,8.0,512GB SSD,Intel HD Graphics 620,Windows 10,1.13,2282.0
1275,774,Acer,TravelMate P238-M,Notebook,13.3,1366x768,Intel Core i5 6200U 2.3GHz,4.0,128GB SSD,Intel HD Graphics 520,Windows 10,1.6,655.0
1079,464,Microsoft,Surface Laptop,Ultrabook,13.5,Touchscreen 2256x1504,Intel Core M m3-7Y30 2.2GHz,4.0,128GB SSD,Intel HD Graphics 615,Windows 10 S,1.252,989.0
3,891,HP,EliteBook x360,2 in 1 Convertible,13.3,Full HD / Touchscreen 1920x1080,Intel Core i5 7200U 2.5GHz,4.0,256GB SSD,Intel HD Graphics 620,Windows 10,1.28,1700.0
107,944,Lenovo,IdeaPad 320-15IAP,Notebook,15.6,1366x768,Intel Pentium Quad Core N4200 1.1GHz,4.0,1TB HDD,Intel HD Graphics 505,Windows 10,2.2,309.0
119,602,Lenovo,IdeaPad 110-15ISK,Notebook,15.6,1366x768,Intel Core i3 6100U 2.3GHz,8.0,1TB HDD,Intel HD Graphics 520,Windows 10,2.29,459.0
393,1180,HP,Pavilion 15-cb003nv,Gaming,15.6,IPS Panel Full HD 1920x1080,Intel Core i7 7700HQ 2.8GHz,8.0,1TB HDD,Nvidia GeForce GTX 1050,Windows 10,2.62,899.0
1120,1311,Lenovo,IdeaPad Y700-15ISK,Notebook,15.6,IPS Panel Full HD 1920x1080,Intel Core i7 6700HQ 2.6GHz,8.0,1TB HDD,Nvidia GeForce GTX 960M,Windows 10,2.6,899.0
58,185,Dell,XPS 13,Ultrabook,13.3,Full HD 1920x1080,Intel Core i5 8250U 1.6GHz,8.0,256GB SSD,Intel UHD Graphics 620,Windows 10,1.23,1399.0
594,275,Apple,MacBook Pro,Ultrabook,13.3,IPS Panel Retina Display 2560x1600,Intel Core i5 2.9GHz,8.0,512GB SSD,Intel Iris Graphics 550,macOS,1.37,1958.9
864,519,Dell,Vostro 5568,Notebook,15.6,Full HD 1920x1080,Intel Core i5 7200U 2.5GHz,8.0,1TB HDD,Intel HD Graphics 620,Windows 10,2.18,836.0
11,645,Lenovo,IdeaPad 100S-14IBR,Notebook,14.0,1366x768,Intel Celeron Dual Core N3060 1.6GHz,2.0,32GB Flash Storage,Intel HD Graphics 400,Windows 10,1.42,249.0
274,1017,HP,Probook 440,Notebook,14.0,1366x768,Intel Core i5 7200U 2.5GHz,4.0,500GB HDD,Intel HD Graphics 620,Windows 10,1.64,779.0
442,1080,Dell,XPS 13,Ultrabook,13.3,Full HD 1920x1080,Intel Core i7 7500U 2.7GHz,8.0,256GB SSD,Intel HD Graphics 620,Windows 10,1.29,1458.0
686,1218,Dell,Inspiron 5567,Notebook,15.6,1366x768,Intel Core i3 6006U 2.0GHz,4.0,128GB SSD,AMD Radeon R7 M440,Windows 10,2.3,499.0
1243,811,Dell,XPS 13,Ultrabook,13.3,Full HD 1920x1080,Intel Core i5 7200U 2.5GHz,8.0,256GB SSD,Intel HD Graphics 620,Windows 10,1.29,1499.0
406,488,Dell,Vostro 3568,Notebook,15.6,1366x768,Intel Core i3 7100U 2.4GHz,4.0,1TB HDD,Intel HD Graphics 620,Windows 10,2.18,586.6
30,128,HP,250 G6,Notebook,15.6,1366x768,Intel Celeron Dual Core N3060 1.6GHz,4.0,500GB HDD,Intel HD Graphics 400,No OS,1.86,259.0
1039,738,Acer,Predator 17,Gaming,17.3,IPS Panel Full HD 1920x1080,Intel Core i7 6700HQ 2.6GHz,16.0,128GB SSD +  1TB HDD,Nvidia GeForce GTX 1060,Windows 10,4.2,1935.0
1144,658,Asus,ROG G701VI,Gaming,17.3,IPS Panel Full HD 1920x1080,Intel Core i7 6820HK 2.7GHz,32.0,512GB SSD,Nvidia GeForce GTX 1080,Windows 10,3.8,2799.0
429,888,Xiaomi,Mi Notebook,Ultrabook,13.3,IPS Panel Full HD 1920x1080,Intel Core i5 6200U 2.3GHz,8.0,256GB SSD,Nvidia GeForce 940MX,Windows 10,1.28,935.0
320,181,MSI,GT80S 6QF-074US,Gaming,18.4,Full HD 1920x1080,Intel Core i7 6920HQ 2.9GHz,32.0,512GB SSD +  1TB HDD,Nvidia GTX 980 SLI,Windows 10,4.4,2799.0
664,295,Acer,Chromebook C910-C2ST,Notebook,15.6,1366x768,Intel Celeron Dual Core 3205U 1.5GHz,2.0,16GB SSD,Intel HD Graphics,Chrome OS,2.19,199.0
1008,85,Lenovo,IdeaPad 320-15AST,Notebook,15.6,Full HD 1920x1080,AMD A6-Series 9220 2.5GHz,4.0,128GB SSD,AMD R4 Graphics,Windows 10,2.2,399.0
698,1182,HP,250 G4,Notebook,15.6,1366x768,Intel Core i5 6200U 2.3GHz,4.0,500GB HDD,Intel HD Graphics 520,No OS,2.1,476.99
340,248,Dell,Inspiron 5577,Gaming,15.6,Full HD 1920x1080,Intel Core i5 7300HQ 2.5GHz,8.0,256GB SSD,Nvidia GeForce GTX 1050,Windows 10,2.56,879.0
1244,253,HP,ProBook 430,Notebook,13.3,IPS Panel Full HD 1920x1080,Intel Core i5 8250U 1.6GHz,4.0,500GB HDD,Intel UHD Graphics 620,Windows 10,1.49,675.0
916,791,Toshiba,Tecra Z40-C-161,Ultrabook,14.0,IPS Panel Full HD 1920x1080,Intel Core i7 6600U 2.6GHz,16.0,512GB SSD,Nvidia GeForce 930M,Windows 10,1.47,1764.0
387,311,HP,EliteBook x360,2 in 1 Convertible,13.3,Full HD / Touchscreen 1920x1080,Intel Core i7 7600U 2.8GHz,16.0,256GB SSD,Intel HD Graphics 620,Windows 10,1.28,1975.0
101,1308,Dell,Inspiron 3567,Notebook,15.6,1366x768,Intel Core i3 7100U 2.4GHz,6.0,1TB HDD,Intel HD Graphics 620,Windows 10,2.3,459.0
177,718,Lenovo,Legion Y520-15IKBN,Gaming,15.6,IPS Panel Full HD 1920x1080,Intel Core i7 7700HQ 2.8GHz,8.0,128GB SSD +  1TB HDD,Nvidia GeForce GTX 1050 Ti,Windows 10,2.5,1249.0
680,230,Acer,Aspire E5-576G,Notebook,15.6,Full HD 1920x1080,Intel Core i7 7500U 2.7GHz,8.0,256GB SSD,Nvidia GeForce 940MX,Windows 10,2.2,832.0
414,572,Dell,XPS 13,Ultrabook,13.3,IPS Panel 4K Ultra HD / Touchscreen 3840x2160,Intel Core i5 8250U 1.6GHz,8.0,128GB SSD,Intel UHD Graphics 620,Windows 10,1.21,1599.0
1019,1014,Acer,Nitro 5,Gaming,15.6,IPS Panel Full HD 1920x1080,Intel Core i7 7700HQ 2.8GHz,8.0,128GB SSD +  1TB HDD,Nvidia GeForce GTX 1050,Windows 10,2.7,1260.0
390,308,Lenovo,IdeaPad 320-15IKBN,Notebook,15.6,1366x768,Intel Core i5 7200U 2.5GHz,8.0,2TB HDD,Nvidia GeForce 940MX,No OS,2.2,549.0
959,59,MSI,GS73VR 7RG,Gaming,17.3,Full HD 1920x1080,Intel Core i7 7700HQ 2.8GHz,16.0,256GB SSD +  2TB HDD,Nvidia GeForce GTX 1070,Windows 10,2.43,2449.0
447,903,Samsung,Notebook 9,Ultrabook,15.0,Full HD 1920x1080,Intel Core i7 7500U 2.7GHz,8.0,256GB SSD,Intel HD Graphics 620,Windows 10,1.17,1699.0
1090,491,Lenovo,ThinkPad E570,Notebook,15.6,1366x768,Intel Core i3 6006U 2.0GHz,4.0,128GB SSD,Intel HD Graphics 520,Windows 10,2.3,565.0
216,679,Lenovo,V310-15ISK (i5-7200U/8GB/1TB,Notebook,15.6,Full HD 1920x1080,Intel Core i5 7200U 2.5GHz,8.0,128GB SSD +  1TB HDD,AMD Radeon R5 M430,Windows 10,1.9,817.95
852,634,Lenovo,IdeaPad 320-15IKBN,Notebook,15.6,Full HD 1920x1080,Intel Core i5 7200U 2.5GHz,4.0,128GB SSD,Intel HD Graphics 620,No OS,2.2,468.0
1141,1171,Dell,Inspiron 7567,Gaming,15.6,Full HD 1920x1080,Intel Core i7 7700HQ 2.8GHz,8.0,1TB HDD,Nvidia GeForce GTX 1050Ti,Windows 10,2.62,1199.0
952,355,Dell,Inspiron 5570,Ultrabook,15.6,Full HD 1920x1080,Intel Core i5 8250U 1.6GHz,8.0,1TB HDD,AMD Radeon 530,Windows 10,1.9,663.0
1284,553,Lenovo,ThinkPad E470,Notebook,14.0,Full HD 1920x1080,Intel Core i5 7200U 2.5GHz,4.0,500GB HDD,Intel HD Graphics 620,Windows 10,1.87,785.0
450,256,Asus,ROG G752VSK-GC493T,Gaming,17.3,Full HD 1920x1080,Intel Core i7 7700HQ 2.8GHz,16.0,256GB SSD +  1TB HDD,Nvidia GeForce GTX 980M,Windows 10,4.3,1799.0
691,1022,HP,ProBook 440,Notebook,14.0,Full HD 1920x1080,Intel Core i5 7200U 2.5GHz,8.0,256GB SSD,Nvidia GeForce 930MX,Windows 10,1.64,1049.26
830,175,HP,17-bs001nv (i5-7200U/6GB/2TB/Radeon,Notebook,17.3,IPS Panel Full HD 1920x1080,Intel Core i5 7200U 2.5GHz,6.0,2TB HDD,AMD Radeon 520,Windows 10,2.71,699.0
832,702,Toshiba,Satellite Pro,Notebook,13.3,IPS Panel Full HD 1920x1080,Intel Core i5 7200U 2.5GHz,8.0,256GB SSD,Intel HD Graphics 620,Windows 10,1.5,973.0
683,941,HP,Probook 650,Notebook,15.6,Full HD 1920x1080,Intel Core i5 6200U 2.3GHz,8.0,256GB SSD,Intel HD Graphics 520,Windows 10,2.31,1165.0
1183,1273,Asus,X541NA-GO020T (N3350/4GB/1TB/W10),Notebook,15.6,1366x768,Intel Celeron Dual Core N3350 1.1GHz,4.0,1TB HDD,Intel HD Graphics 500,Windows 10,2.0,339.0
103,1047,HP,Probook 640,Notebook,14.0,Full HD 1920x1080,Intel Core i5 6200U 2.3GHz,8.0,256GB SSD,Intel HD Graphics 520,Windows 7,1.95,1195.0
123,192,Acer,Swift 7,Ultrabook,13.3,IPS Panel Full HD 1920x1080,Intel Core i5 7Y54 1.2GHz,8.0,256GB SSD,Intel HD Graphics 615,Windows 10,1.12,989.0
670,1024,Dell,Inspiron 7567,Gaming,15.6,Full HD 1920x1080,Intel Core i5 7300HQ 2.5GHz,8.0,1.0TB Hybrid,Nvidia GeForce GTX 1050,Windows 10,2.65,949.0
56,540,Mediacom,SmartBook Edge,Notebook,13.3,IPS Panel Full HD 1920x1080,Intel Celeron Quad Core N3450 1.1GHz,4.0,32GB SSD,Intel HD Graphics 500,Windows 10,1.2,369.0
1119,998,Toshiba,Tecra A40-C-1KF,Notebook,14.0,1366x768,Intel Core i5 6200U 2.3GHz,4.0,500GB HDD,Intel HD Graphics 520,Windows 10,1.75,915.0
749,499,Asus,VivoBook Pro,Gaming,15.6,Full HD 1920x1080,Intel Core i7 7700HQ 2.8GHz,8.0,128GB SSD +  1TB HDD,Nvidia GeForce GTX 1050,Windows 10,1.99,1350.0
604,381,HP,15-bw003nv (A9-Series-9420/4GB/256GB/FHD/W10),Notebook,15.6,Full HD 1920x1080,AMD A9-Series 9420 3GHz,4.0,256GB SSD,AMD Radeon R5,Windows 10,1.91,488.99
242,734,Dell,Inspiron 5570,Notebook,15.6,Full HD 1920x1080,Intel Core i5 8250U 1.6GHz,8.0,128GB SSD +  1TB HDD,AMD Radeon 530,Windows 10,2.2,719.0
284,1199,Lenovo,IdeaPad 310-15IKB,Ultrabook,15.6,Full HD 1920x1080,Intel Core i7 7500U 2.7GHz,6.0,256GB SSD,Nvidia GeForce 920M,Windows 10,1.54,831.0
988,783,HP,EliteBook 820,Ultrabook,12.5,1366x768,Intel Core i5 6200U 2.3GHz,4.0,256GB SSD,Intel HD Graphics 520,Windows 10,1.26,1244.0
275,1130,Dell,XPS 13,Ultrabook,13.3,Full HD 1920x1080,Intel Core i7 7560U 2.4GHz,8.0,256GB SSD,Intel Iris Plus Graphics 640,Windows 10,1.23,1379.0
1012,916,Lenovo,ThinkPad T570,Notebook,15.6,IPS Panel Full HD 1920x1080,Intel Core i5 7200U 2.5GHz,8.0,512GB SSD,Intel HD Graphics 620,Windows 10,1.95,1962.99
774,474,Dell,Inspiron 5570,Notebook,15.6,Full HD 1920x1080,Intel Core i5 8250U 1.6GHz,8.0,2TB HDD,AMD Radeon 530,Windows 10,2.02,759.0
588,91,Dell,XPS 13,Ultrabook,13.3,IPS Panel Full HD 1920x1080,Intel Core i7 8550U 1.8GHz,8.0,256GB SSD,Intel UHD Graphics 620,Windows 10,1.21,1649.0
1289,526,Asus,FX753VE-GC155T (i7-7700HQ/16GB/1TB,Gaming,17.3,Full HD 1920x1080,Intel Core i7 7700HQ 2.8GHz,16.0,256GB SSD +  1TB HDD,Nvidia GeForce GTX1050 Ti,Windows 10,3.0,1504.0
790,360,Toshiba,Tecra A50-C-21G,Notebook,15.6,IPS Panel Full HD 1920x1080,Intel Core i7 6500U 2.5GHz,16.0,512GB SSD,Nvidia GeForce 930M,Windows 10,2.4,1403.0
13,1011,Acer,Aspire ES1-533,Notebook,15.6,1366x768,Intel Pentium Quad Core N4200 1.1GHz,4.0,500GB HDD,Intel HD Graphics 505,Windows 10,2.4,380.0
840,427,Lenovo,Yoga 720-15IKB,2 in 1 Convertible,15.6,IPS Panel 4K Ultra HD / Touchscreen 3840x2160,Intel Core i7 7700HQ 2.8GHz,16.0,512GB SSD,Nvidia GeForce GTX 1050,Windows 10,2.0,1899.0
995,364,Dell,Inspiron 3567,Notebook,15.6,Touchscreen 1366x768,Intel Core i5 7200U 2.5GHz,8.0,2TB HDD,Intel HD Graphics 620,Windows 10,2.36,557.37
647,490,Chuwi,"Lapbook 15,6",Notebook,15.6,Full HD 1920x1080,Intel Atom x5-Z8350 1.44GHz,4.0,64GB Flash Storage,Intel HD Graphics,Windows 10,1.89,248.9
400,45,Dell,Inspiron 7773,2 in 1 Convertible,17.3,Full HD / Touchscreen 1920x1080,Intel Core i5 8250U 1.6GHz,12.0,1TB HDD,Nvidia GeForce 150MX,Windows 10,2.77,999.0
98,315,Lenovo,IdeaPad 720S-13IKB,Notebook,13.3,IPS Panel Full HD 1920x1080,Intel Core i5 7200U 2.5GHz,8.0,256GB SSD,Intel HD Graphics 620,Windows 10,1.1,999.0
1292,1251,MSI,GE72VR Apache,Gaming,17.3,Full HD 1920x1080,Intel Core i7 7700HQ 2.8GHz,16.0,256GB SSD +  1TB HDD,Nvidia GeForce GTX 1060,Windows 10,2.7,1598.0
202,758,HP,Zbook 17,Workstation,17.3,IPS Panel Full HD 1920x1080,Intel Xeon E3-1535M v5 2.9GHz,16.0,256GB SSD,Nvidia Quadro M2000M,Windows 7,3.0,4389.0
198,1132,Razer,Blade Stealth,Ultrabook,12.5,Touchscreen / 4K Ultra HD 3840x2160,Intel Core i7 6500U 2.5GHz,8.0,256GB SSD,Intel HD Graphics 520,Windows 10,1.25,1029.0
1025,545,HP,Omen 15-ce006nv,Gaming,17.3,Full HD 1920x1080,Intel Core i7 7700HQ 2.8GHz,12.0,1TB HDD,Nvidia GeForce GTX 1060,Windows 10,2.62,1799.0
1232,452,Dell,Latitude 5480,Notebook,14.0,Full HD 1920x1080,Intel Core i5 7440HQ 2.8GHz,8.0,256GB SSD,Nvidia GeForce 930MX,Windows 10,1.64,1179.0
368,1252,Apple,MacBook Air,Ultrabook,11.6,1366x768,Intel Core i5 1.6GHz,4.0,256GB Flash Storage,Intel HD Graphics 6000,Mac OS X,1.08,959.0
1107,947,Lenovo,Yoga 900-13ISK,2 in 1 Convertible,13.3,IPS Panel Quad HD+ / Touchscreen 3200x1800,Intel Core i7 6560U 2.2GHz,16.0,1TB SSD,Intel Iris Graphics 540,Windows 10,1.3,1799.0
1153,259,Acer,Aspire 5,Notebook,17.3,IPS Panel Full HD 1920x1080,Intel Core i3 7130U 2.7GHz,4.0,256GB SSD,Nvidia GeForce MX130,Windows 10,3.0,702.0
859,31,Chuwi,"LapBook 15.6""",Notebook,15.6,Full HD 1920x1080,Intel Atom x5-Z8300 1.44GHz,4.0,64GB Flash Storage,Intel HD Graphics,Windows 10,1.89,244.99
190,1115,Dell,Latitude E5270,Ultrabook,12.5,1366x768,Intel Core i3 6100U 2.3GHz,4.0,500GB HDD,Intel HD Graphics 520,Windows 7,1.5,1135.15
773,1224,HP,15-bs025nv (i5-7200U/8GB/256GB/W10),Notebook,15.6,1366x768,Intel Core i5 7200U 2.5GHz,8.0,256GB SSD,Intel HD Graphics 620,Windows 10,1.91,579.0
876,772,Asus,Zenbook UX330UA-AH5Q,Ultrabook,13.3,IPS Panel Quad HD+ 3200x1800,Intel Core i5 7200U 2.5GHz,8.0,256GB SSD,Intel HD Graphics 620,Windows 10,1.2,1129.0
118,817,Dell,Inspiron 7567,Gaming,15.6,4K Ultra HD 3840x2160,Intel Core i7 7700HQ 2.8GHz,16.0,512GB SSD,Nvidia GeForce GTX 1050 Ti,Windows 10,2.62,1679.0
246,269,Dell,Inspiron 3567,Notebook,15.6,Full HD 1920x1080,Intel Core i5 7200U 2.5GHz,8.0,1TB HDD,AMD Radeon R5 M430,Windows 10,2.24,565.0
1069,631,HP,EliteBook 850,Notebook,15.6,1366x768,Intel Core i5 6200U 2.3GHz,4.0,500GB HDD,Intel HD Graphics 520,Windows 7,1.88,932.0
1219,667,Dell,Alienware 17,Gaming,17.3,IPS Panel 4K Ultra HD 3840x2160,Intel Core i7 7700HQ 2.8GHz,32.0,512GB SSD +  1TB HDD,Nvidia GeForce GTX 1070,Windows 10,4.42,3147.37
1030,971,HP,ProBook x360,2 in 1 Convertible,11.6,Touchscreen 1366x768,Intel Pentium Quad Core N4200 1.1GHz,4.0,256GB SSD,Intel HD Graphics 505,Windows 10,1.45,775.0
589,912,Dell,XPS 13,2 in 1 Convertible,13.3,Quad HD+ / Touchscreen 3200x1800,Intel Core i7 7Y75 1.3GHz,8.0,512GB SSD,Intel HD Graphics 615,Windows 10,1.24,2013.1
1106,996,Lenovo,IdeaPad 320-15ABR,Notebook,15.6,Full HD 1920x1080,AMD A12-Series 9720P 3.6GHz,6.0,256GB SSD,AMD Radeon 530,Windows 10,2.2,549.0
1283,615,Lenovo,Yoga 720-15IKB,2 in 1 Convertible,15.6,IPS Panel Full HD / Touchscreen 1920x1080,Intel Core i7 7700HQ 2.8GHz,8.0,256GB SSD,Intel HD Graphics 630,Windows 10,2.0,1299.0
1269,825,Razer,Blade Stealth,Ultrabook,12.5,IPS Panel 4K Ultra HD / Touchscreen 3840x2160,Intel Core i7 7500U 2.5GHz,16.0,512GB SSD,Intel HD Graphics 620,Windows 10,1.29,1799.0
1223,186,Lenovo,Yoga 920-13IKB,2 in 1 Convertible,13.9,IPS Panel 4K Ultra HD / Touchscreen 3840x2160,Intel Core i7 8550U 1.8GHz,16.0,512GB SSD,Intel UHD Graphics 620,Windows 10,1.4,1849.0
161,33,HP,17-ak001nv (A6-9220/4GB/500GB/Radeon,Notebook,17.3,Full HD 1920x1080,AMD A6-Series 9220 2.5GHz,4.0,500GB HDD,AMD Radeon 530,Windows 10,2.71,439.0
124,1193,Asus,UX410UA-GV097T (i3-7100U/4GB/256GB/FHD/W10),Notebook,14.0,Full HD 1920x1080,Intel Core i3 7100U 2.4GHz,4.0,256GB SSD,Intel HD Graphics 620,Windows 10,2.0,769.0
1198,1202,HP,Pavilion 15-BC000nv,Notebook,15.6,IPS Panel Full HD 1920x1080,Intel Core i7 6700HQ 2.6GHz,6.0,1TB HDD,Nvidia GeForce GTX 960M,Windows 10,2.18,799.0
204,54,HP,ProBook 430,Notebook,13.3,Full HD 1920x1080,Intel Core i7 8550U 1.8GHz,8.0,512GB SSD,Intel UHD Graphics 620,Windows 10,1.49,1103.0
18,114,Dell,XPS 13,Ultrabook,13.3,Quad HD+ / Touchscreen 3200x1800,Intel Core i7 7560U 2.4GHz,8.0,256GB SSD,Intel Iris Plus Graphics 640,Windows 10,1.23,1379.0
84,93,Acer,Aspire 5,Notebook,15.6,Full HD 1920x1080,Intel Core i7 8550U 1.8GHz,8.0,1TB HDD,Nvidia GeForce MX150,Windows 10,2.2,689.0
874,394,Dell,Precision 5520,Workstation,15.6,IPS Panel Full HD 1920x1080,Intel Core i7 6820HQ 2.7GHz,8.0,256GB SSD,Nvidia Quadro M1200,Windows 10,2.0,2135.0
222,260,Dell,Vostro 5370,Ultrabook,13.3,Full HD 1920x1080,Intel Core i5 8250U 1.6GHz,8.0,256GB SSD,Intel UHD Graphics 620,Windows 10,1.41,949.0
1158,564,Lenovo,IdeaPad 320-17IKB,Notebook,17.3,1600x900,Intel Core i7 7500U 2.7GHz,6.0,128GB SSD +  1TB HDD,Nvidia GeForce 940MX,Windows 10,2.8,949.0
1145,1118,HP,ZBook 17,Workstation,17.3,IPS Panel Full HD 1920x1080,Intel Core i7 6700HQ 2.6GHz,8.0,1TB HDD,AMD FirePro W6150M,Windows 7,3.0,2899.0
1272,210,Dell,Inspiron 3567,Notebook,15.6,Touchscreen 1366x768,Intel Core i3 7100U 2.4GHz,6.0,1TB HDD,Intel HD Graphics 620,Windows 10,2.3,439.0
1207,384,Asus,VivoBook E403NA,Notebook,14.0,1366x768,Intel Celeron Dual Core N3350 1.1GHz,4.0,32GB Flash Storage,Intel HD Graphics 500,Windows 10,1.5,286.0
430,726,Mediacom,Smartbook 142,Notebook,14.0,IPS Panel Full HD 1920x1200,Intel Atom Z8350 1.92GHz,4.0,32GB HDD,Intel HD Graphics 400,Windows 10,1.4,265.0
1291,1228,Apple,"MacBook 12""",Ultrabook,12.0,IPS Panel Retina Display 2304x1440,Intel Core M 1.2GHz,8.0,512GB Flash Storage,Intel HD Graphics 515,Mac OS X,0.92,1279.0
491,594,Lenovo,Thinkpad T460s,Ultrabook,14.0,IPS Panel Full HD 1920x1080,Intel Core i7 6600U 2.6GHz,12.0,256GB SSD,Intel HD Graphics 520,Windows 10,1.4,1673.0
623,816,HP,15-ba043na (A12-9700P/8GB/2TB/W10),Notebook,15.6,1366x768,AMD A12-Series 9700P 2.5GHz,8.0,2TB HDD,AMD Radeon R7 Graphics,Windows 10,2.04,629.0
147,448,Dell,Inspiron 5570,Notebook,15.6,Full HD 1920x1080,Intel Core i5 8250U 1.6GHz,4.0,256GB SSD,AMD Radeon 530,Windows 10,2.2,749.0
33,884,Lenovo,Thinkpad 13,Notebook,13.3,IPS Panel Full HD 1920x1080,Intel Core i3 7100U 2.4GHz,4.0,180GB SSD,Intel HD Graphics 620,Windows 10,1.44,735.0
943,995,Toshiba,Portege Z30-C-1CV,Notebook,13.3,Full HD 1920x1080,Intel Core i5 6200U 2.3GHz,4.0,128GB SSD,Intel HD Graphics 520,Windows 7,1.2,1195.0
1253,801,Lenovo,ThinkPad Yoga,2 in 1 Convertible,13.3,IPS Panel Full HD / Touchscreen 1920x1080,Intel Core i7 7500U 2.7GHz,8.0,512GB SSD,Intel HD Graphics 620,Windows 10,1.37,1970.0
1097,952,Dell,Latitude 7480,Ultrabook,14.0,Full HD 1920x1080,Intel Core i5 7200U 2.5GHz,8.0,256GB SSD,Intel HD Graphics 620,Windows 10,1.36,1639.0
866,224,Dell,Inspiron 5379,2 in 1 Convertible,13.3,Full HD / Touchscreen 1920x1080,Intel Core i7 8550U 1.8GHz,16.0,512GB SSD,Intel UHD Graphics 620,Windows 10,1.62,1279.0
558,1189,HP,ProBook 450,Notebook,15.6,Full HD 1920x1080,Intel Core i7 8550U 1.8GHz,16.0,512GB SSD,Intel UHD Graphics 620,Windows 10,2.1,1159.0
1085,51,Lenovo,Yoga Book,2 in 1 Convertible,10.1,IPS Panel Touchscreen 1920x1200,Intel Atom x5-Z8550 1.44GHz,4.0,64GB Flash Storage,Intel HD Graphics 400,Android,0.69,319.0
1041,1186,HP,Stream 14-AX000nv,Notebook,14.0,1366x768,Intel Celeron Dual Core N3060 1.6GHz,2.0,32GB Flash Storage,Intel HD Graphics 400,Windows 10,1.44,249.0
1277,571,Asus,FX553VD-DM627T (i5-7300HQ/8GB/1TB,Notebook,15.6,Full HD 1920x1080,Intel Core i5 7300HQ 2.5GHz,8.0,128GB SSD +  1TB HDD,Nvidia GeForce GTX 1050,Windows 10,2.5,839.0
1082,584,Lenovo,IdeaPad Y910-17ISK,Gaming,17.3,IPS Panel Full HD 1920x1080,Intel Core i7 6820HK 2.7GHz,32.0,256GB SSD +  1TB HDD,Nvidia GeForce GTX 1070,Windows 10,4.6,2663.0
73,839,Razer,Blade Pro,Gaming,17.3,4K Ultra HD / Touchscreen 3840x2160,Intel Core i7 7820HK 2.9GHz,32.0,512GB SSD,Nvidia GeForce GTX 1080,Windows 10,3.49,5499.0
199,1075,Asus,Rog G752VL-GC088D,Gaming,17.3,IPS Panel Full HD 1920x1080,Intel Core i7 6700HQ 2.6GHz,16.0,1TB HDD,Nvidia GeForce GTX 965M,No OS,4.0,998.0
1159,1112,MSI,GS70 Stealth,Gaming,17.3,Full HD 1920x1080,Intel Core i7 6700HQ 2.6GHz,8.0,256GB SSD,Nvidia GeForce GTX 965M,Windows 10,2.6,1599.0
1208,946,HP,250 G6,Notebook,15.6,1366x768,Intel Celeron Dual Core N3060 1.6GHz,4.0,1TB HDD,Intel HD Graphics 400,No OS,1.86,288.9
579,518,Acer,Aspire A515-51G,Notebook,15.6,Full HD 1920x1080,Intel Core i7 7500U 2.7GHz,4.0,500GB HDD,Nvidia GeForce 940MX,Windows 10,2.2,639.0
302,515,HP,Envy 13-AB002nv,Ultrabook,13.3,IPS Panel Full HD 1920x1080,Intel Core i7 7500U 2.7GHz,8.0,512GB SSD,Intel HD Graphics 620,Windows 10,1.34,1323.0
818,1043,HP,Probook 470,Notebook,17.3,Full HD 1920x1080,Intel Core i5 7200U 2.5GHz,8.0,256GB SSD,Nvidia GeForce 930MX,Windows 10,2.63,1080.0
1006,1309,Acer,Aspire ES1-531,Notebook,15.6,1366x768,Intel Celeron Dual Core N3060 1.6GHz,4.0,500GB HDD,Intel HD Graphics 400,Linux,2.4,289.0
448,782,Dell,Inspiron 7567,Gaming,15.6,Full HD 1920x1080,Intel Core i7 7700HQ 2.8GHz,8.0,1TB HDD,Nvidia GeForce GTX 1050,Windows 10,2.62,1099.0
919,111,MSI,GP62M 7REX,Gaming,15.6,Full HD 1920x1080,Intel Core i7 7700HQ 2.8GHz,16.0,256GB SSD +  1TB HDD,Nvidia GeForce GTX 1050 Ti,Windows 10,2.2,1299.0
35,49,Dell,Inspiron 3567,Notebook,15.6,Full HD 1920x1080,Intel Core i5 7200U 2.5GHz,4.0,256GB SSD,AMD Radeon R5 M430,Windows 10,2.3,639.0
1045,1099,Dell,Vostro 3568,Notebook,15.6,Full HD 1920x1080,Intel Core i5 7200U 2.5GHz,8.0,256GB SSD,Intel HD Graphics 620,Windows 10,2.18,750.0
596,897,Dell,Vostro 3568,Notebook,15.6,1366x768,Intel Core i3 6006U 2.0GHz,4.0,1TB HDD,AMD Radeon R5 M420X,Linux,2.18,455.7
1218,1198,Lenovo,ThinkPad X1,2 in 1 Convertible,14.0,IPS Panel Touchscreen 2560x1440,Intel Core i5 6200U 2.3GHz,8.0,256GB SSD,Intel HD Graphics 520,Windows 10,1.36,1637.0
214,573,Dell,Latitude 5580,Notebook,15.6,1366x768,Intel Core i5 7300U 2.6GHz,4.0,500GB HDD,Intel HD Graphics 620,Windows 10,1.93,959.0
469,203,HP,Probook 470,Notebook,17.3,Full HD 1920x1080,Intel Core i7 8550U 1.8GHz,8.0,256GB SSD,Nvidia GeForce 930MX ,Windows 10,2.5,1045.0
933,889,Dell,Vostro 5568,Notebook,15.6,Full HD 1920x1080,Intel Core i5 7200U 2.5GHz,4.0,128GB SSD +  1TB HDD,Nvidia GeForce 940MX,Windows 10,2.18,912.5
1249,582,Mediacom,SmartBook 141,Notebook,14.0,Full HD 1920x1080,Intel Atom x5-Z8350 1.44GHz,4.0,32GB SSD,Intel HD Graphics,Windows 10,1.4,249.0
803,17,Dell,Inspiron 3567,Notebook,15.6,Full HD 1920x1080,Intel Core i7 7500U 2.7GHz,8.0,256GB SSD,AMD Radeon R5 M430,Windows 10,2.2,745.0
372,1295,Acer,Aspire ES1-531,Notebook,15.6,1366x768,Intel Celeron Dual Core N3060 1.6GHz,4.0,500GB HDD,Intel HD Graphics 400,Linux,2.4,289.0
1287,539,Asus,Zenbook UX510UW-FI095T,Notebook,15.6,IPS Panel 4K Ultra HD 3840x2160,Intel Core i7 7500U 2.7GHz,8.0,256GB SSD +  1TB HDD,Nvidia GeForce GTX 960M,Windows 10,2.0,1299.0
506,227,Toshiba,Portege Z30-C-16L,Ultrabook,13.3,Full HD 1920x1080,Intel Core i7 6500U 2.5GHz,8.0,256GB SSD,Intel HD Graphics 520,Windows 10,1.2,1363.0
775,898,Asus,Rog GL753VD-GC082T,Gaming,17.3,Full HD 1920x1080,Intel Core i5 7300HQ 2.5GHz,12.0,128GB SSD +  1TB HDD,Nvidia GeForce GTX 1050,Windows 10,2.2,1369.9
281,1026,HP,Elitebook 840,Notebook,14.0,Full HD 1920x1080,Intel Core i5 7200U 2.5GHz,4.0,256GB SSD,Intel HD Graphics 620,Windows 10,1.48,1590.0
234,639,Dell,Inspiron 7567,Gaming,15.6,Full HD 1920x1080,Intel Core i7 7700HQ 2.8GHz,16.0,256GB SSD +  1TB HDD,Nvidia GeForce GTX 1050 Ti,Windows 10,2.62,1479.0
782,1272,Dell,Inspiron 3552,Notebook,15.6,1366x768,Intel Pentium Quad Core N3700 1.6GHz,4.0,500GB HDD,Intel HD Graphics,Windows 10,2.2,443.99
307,879,Acer,TMX349-G2-M-50FS (i5-7200U/8GB/256GB/FHD/W10),Notebook,14.0,IPS Panel Full HD 1920x1080,Intel Core i5 7200U 2.5GHz,8.0,256GB SSD,Intel HD Graphics 620,Windows 10,1.56,902.0
106,676,Toshiba,Tecra Z50-D-10E,Notebook,15.6,IPS Panel Full HD 1920x1080,Intel Core i5 7200U 2.5GHz,8.0,256GB SSD,Intel HD Graphics 620,Windows 10,2.0,1258.0
504,755,HP,250 G6,Notebook,15.6,Full HD 1920x1080,Intel Core i3 6006U 2GHz,8.0,256GB SSD,Intel HD Graphics 520,Windows 10,1.86,539.0
1172,1040,HP,ProBook 650,Notebook,14.0,1366x768,Intel Core i5 7200U 2.5GHz,4.0,500GB HDD,Intel HD Graphics 620,Windows 10,2.31,1189.0
1276,344,Asus,X541NA (N3350/4GB/1TB/Linux),Notebook,15.6,1366x768,Intel Celeron Dual Core N3350 1.1GHz,4.0,1TB HDD,Intel HD Graphics 500,Linux,2.0,274.99
228,1287,Asus,X556UJ-XO044T (i7-6500U/4GB/500GB/GeForce,Notebook,15.6,1366x768,Intel Core i7 6500U 2.5GHz,4.0,500GB HDD,Nvidia GeForce 920M,Windows 10,2.2,720.32
424,890,HP,ProBook 450,Notebook,15.6,Full HD 1920x1080,Intel Core i5 7200U 2.5GHz,4.0,256GB SSD,Intel HD Graphics 620,Windows 10,2.04,839.0
740,1067,HP,ProBook 450,Notebook,15.6,1366x768,Intel Core i5 7200U 2.5GHz,4.0,256GB SSD,Intel HD Graphics 620,Windows 10,2.04,979.0
415,552,HP,ProBook 450,Notebook,15.6,Full HD 1920x1080,Intel Core i3 7100U 2.4GHz,4.0,128GB SSD,Intel HD Graphics 620,Windows 10,2.1,705.5
116,955,Asus,X751SV-TY001T (N3710/4GB/1TB/GeForce,Notebook,17.3,1600x900,Intel Pentium Quad Core N3710 1.6GHz,4.0,1TB HDD,Nvidia GeForce 920MX,Windows 10,2.8,530.0
1009,869,Dell,Inspiron 5368,Notebook,13.3,Full HD / Touchscreen 1920x1080,Intel Core i5 6200U 2.3GHz,8.0,1TB HDD,Intel HD Graphics 520,Windows 10,1.62,649.0
79,776,Dell,Inspiron 7559,Gaming,15.6,IPS Panel Touchscreen / 4K Ultra HD 3840x2160,Intel Core i7 6700HQ 2.6GHz,16.0,128GB SSD +  1TB HDD,Nvidia GeForce GTX 960M,Windows 10,2.72,1099.0
1234,1173,HP,15-bw002nv (A6-9220/4GB/256GB/Radeon,Notebook,15.6,Full HD 1920x1080,AMD A6-Series A6-9220 2.5GHz,4.0,256GB SSD,AMD Radeon 520,Windows 10,1.91,478.89
272,833,Lenovo,ThinkPad X1,Ultrabook,14.0,IPS Panel Full HD 1920x1080,Intel Core i5 7200U 2.5GHz,8.0,256GB Flash Storage,Intel HD Graphics 620,Windows 10,1.13,1875.0
247,1124,Asus,Rog GL552VW-CN470T,Gaming,15.6,IPS Panel Full HD 1920x1080,Intel Core i7 6700HQ 2.6GHz,16.0,128GB SSD +  1TB HDD,Nvidia GeForce GTX 960M,Windows 10,2.59,1339.0
1178,537,Dell,Alienware 17,Gaming,17.3,IPS Panel Full HD 1920x1080,Intel Core i7 7700HQ 2.8GHz,16.0,128GB SSD +  1TB HDD,Nvidia GeForce GTX 1070,Windows 10,4.42,3012.77
409,1212,Dell,Inspiron 7378,2 in 1 Convertible,13.3,IPS Panel Full HD / Touchscreen 1920x1080,Intel Core i5 7200U 2.5GHz,8.0,256GB SSD,Intel HD Graphics 620,Windows 10,1.6,1199.0
46,1096,Lenovo,IdeaPad Y900-17ISK,Gaming,17.3,IPS Panel Full HD 1920x1080,Intel Core i7 6820HK 2.7GHz,32.0,512GB SSD +  1.0TB Hybrid,Nvidia GeForce GTX 980M,Windows 10,4.6,3240.0
52,710,Lenovo,IdeaPad 320-15ABR,Notebook,15.6,1366x768,AMD A12-Series 9720P 3.6GHz,8.0,1TB HDD,AMD Radeon R7,Windows 10,2.2,429.0
855,512,Lenovo,ThinkPad 13,Notebook,13.3,Full HD 1920x1080,Intel Core i5 7200U 2.5GHz,8.0,256GB SSD,Intel HD Graphics 620,Windows 10,1.44,949.0
1273,1278,Lenovo,Yoga 500-14IBD,2 in 1 Convertible,14.0,Full HD / Touchscreen 1920x1080,Intel Core i5 6200U 2.3GHz,4.0,128GB SSD,Intel HD Graphics 520,Windows 10,1.8,833.01
1095,257,Asus,X505BP-BR019T (A9-9420/4GB/1TB/Radeon,Notebook,15.6,1366x768,AMD A9-Series 9420 3GHz,4.0,1TB HDD,AMD Radeon R5 M420,Windows 10,1.68,469.0
254,1264,Dell,Latitude 5480,Notebook,14.0,1366x768,Intel Core i5 7200U 2.5GHz,4.0,500GB HDD,Intel HD Graphics 620,Windows 10,1.6,875.0
431,387,Lenovo,V310-15ISK (i3-6006U/4GB/128GB/FHD/No,Notebook,15.6,Full HD 1920x1080,Intel Core i3 6006U 2GHz,4.0,128GB SSD,Intel HD Graphics 520,No OS,1.85,403.5
19,654,Acer,Swift 3,Ultrabook,14.0,IPS Panel Full HD 1920x1080,Intel Core i5 7200U 2.5GHz,8.0,256GB SSD,Intel Graphics 620,Windows 10,1.8,919.0
213,704,Lenovo,Yoga 910-13IKB,2 in 1 Convertible,14.0,Full HD / Touchscreen 1920x1080,Intel Core i7 7500U 2.7GHz,16.0,512GB SSD,Intel HD Graphics 620,Windows 10,1.38,1749.0
339,460,Lenovo,ThinkPad T470,Notebook,14.0,Full HD 1920x1080,Intel Core i5 7200U 2.5GHz,8.0,256GB SSD,Intel HD Graphics 620,Windows 10,1.65,1345.0
223,578,HP,14-am079na (N3710/8GB/2TB/W10),Notebook,14.0,1366x768,Intel Pentium Quad Core N3710 1.6GHz,8.0,2TB HDD,Intel HD Graphics 405,Windows 10,1.94,389.0
456,1084,Apple,"MacBook 12""",Ultrabook,12.0,IPS Panel Retina Display 2304x1440,Intel Core M 1.1GHz,8.0,256GB Flash Storage,Intel HD Graphics 515,Mac OS X,0.92,1300.0
986,280,Dell,Inspiron 5567,Notebook,15.6,1366x768,Intel Core i7 7500U 2.7GHz,12.0,1TB HDD,Intel HD Graphics 620,Windows 10,2.3,713.07
253,1191,Lenovo,V110-15ISK (i5-6200U/4GB/500GB/No,Notebook,15.6,1366x768,Intel Core i5 6200U 2.3GHz,4.0,500GB HDD,Intel HD Graphics 520,No OS,2.1,398.0
4,1284,HP,Pavilion 15-AW003nv,Notebook,15.6,Full HD 1920x1080,AMD A9-Series 9410 2.9GHz,6.0,1.0TB Hybrid,AMD Radeon R7 M440,Windows 10,2.04,549.99
1134,709,Lenovo,IdeaPad 320-15AST,Notebook,15.6,Full HD 1920x1080,AMD A9-Series 9420 2.9GHz,4.0,256GB SSD,AMD Radeon 530,Windows 10,2.2,399.0
1137,595,Lenovo,Ideapad 320-15IKBR,Notebook,15.6,Touchscreen 1366x768,Intel Core i7 8550U 1.8GHz,12.0,1TB HDD,Intel HD Graphics 620,Windows 10,2.2,609.0
137,196,Xiaomi,Mi Notebook,Ultrabook,13.3,IPS Panel Full HD 1920x1080,Intel Core i5 7200U 2.5GHz,8.0,256GB SSD,Nvidia GeForce MX150,No OS,1.3,999.9
1187,1094,HP,Probook 650,Notebook,15.6,Full HD 1920x1080,Intel Core i5 6200U 2.3GHz,4.0,500GB HDD,Intel HD Graphics 520,Windows 7,2.31,940.0
12,482,Dell,Latitude E5470,Notebook,14.0,1366x768,Intel Core i3 6100U 2.3GHz,8.0,128GB SSD,Intel HD Graphics 520,Windows 10,1.79,740.0
478,176,Lenovo,IdeaPad 320-15AST,Notebook,15.6,1366x768,AMD A6-Series 9220 2.9GHz,4.0,500GB HDD,AMD Radeon R4 Graphics,No OS,2.2,309.0
207,1225,Lenovo,IdeaPad 320-15AST,Notebook,15.6,1366x768,AMD E-Series 9000 2.2GHz,4.0,500GB HDD,AMD Radeon R2 Graphics,Windows 10,2.2,299.0
793,576,Lenovo,ThinkPad L470,Notebook,14.0,1366x768,Intel Core i5 7200U 2.5GHz,4.0,500GB HDD,Intel HD Graphics 620,Windows 10,2.02,990.0
1133,204,Dell,Inspiron 7577,Gaming,15.6,IPS Panel 4K Ultra HD 3840x2160,Intel Core i7 7700HQ 2.8GHz,16.0,512GB SSD +  1TB HDD,Nvidia GeForce GTX 1060,Windows 10,2.65,1845.0
266,188,Xiaomi,Mi Notebook,Notebook,15.6,IPS Panel Full HD 1920x1080,Intel Core i5 8250U 1.6GHz,8.0,256GB SSD,Nvidia GeForce MX150,No OS,1.95,1199.0
1052,752,Lenovo,Thinkpad P51s,Workstation,15.6,IPS Panel 4K Ultra HD 3840x2160,Intel Core i7 7600U 2.8GHz,16.0,1TB SSD,Nvidia Quadro M520M,Windows 10,2.5,3299.0
241,1291,HP,15-AC110nv (i7-6500U/6GB/1TB/Radeon,Notebook,15.6,1366x768,Intel Core i7 6500U 2.5GHz,6.0,1TB HDD,AMD Radeon R5 M330,Windows 10,2.19,764.0
89,973,Acer,Chromebook C738T-C2EJ,2 in 1 Convertible,11.6,IPS Panel Touchscreen 1366x768,Intel Celeron Dual Core N3060 1.6GHz,4.0,32GB Flash Storage,Intel HD Graphics 400,Chrome OS,1.25,389.0
716,1018,Toshiba,Portege Z30-C-16H,Notebook,13.3,Full HD 1920x1080,Intel Core i5 6200U 2.3GHz,4.0,128GB SSD,Intel HD Graphics 520,Windows 10,1.2,1195.0
517,1071,Acer,Aspire ES1-523,Notebook,15.6,1366x768,AMD A8-Series 7410 2.2GHz,8.0,1TB HDD,AMD Radeon R5,Windows 10,2.4,449.0
891,965,Dell,Latitude 7480,Ultrabook,14.0,Full HD 1920x1080,Intel Core i7 7600U 2.8GHz,8.0,256GB SSD,Intel HD Graphics 620,Windows 10,1.36,1775.0
1179,1313,Dell,Inspiron 3567,Notebook,15.6,1366x768,Intel Core i7 7500U 2.7GHz,8.0,1TB HDD,AMD Radeon R5 M430,Linux,2.3,805.99
